Timestamp;Data
2023-10-31_17:06:38.42; Value-01;0x4239E30C;1111089932;46,47173; Value-02;0x4225E55C;1109779804;41,47398; Value-03;0x42B5ECA0;1119218848;90,96216; Value-04;0x433F5AEF;1128225519;191,3552; Value-05;0x4305002A;1124401194;133,0006; Value-06;0x42CDA856;1120774230;102,8288; Value-07;0x42B00CD0;1118833872;88,02502; Value-08;0x42A58589;1118143881;82,76081; Value-09;0x42B48492;1119126674;90,25893; Value-0A;0x43936D5D;1133735261;294,8544; Value-0B;0x43BE7BC1;1136556993;380,9668; Value-0C;0x43D19971;1137809777;419,1988; Value-0D;0x43FB749F;1140552863;502,9111; Value-0E;0x43C4A775;1136961397;393,3083; Value-0F;0x43840A1C;1132726812;264,079; Value-10;0x43C0CA48;1136708168;385,5803; Value-11;0x43DDDD36;1138613558;443,7282; Value-12;0x43B760DD;1136091357;366,7567; Value-13;0x4032930A;1077056266;2,790225; Value-14;0x427E7978;1115584888;63,61862; Value-15;0x42B4E97E;1119152510;90,45604; Value-16;0x433FA716;1128245014;191,6527; Value-17;0x4305DB8B;1124457355;133,8576; Value-18;0x42CF4F01;1120882433;103,6543; Value-19;0x42B24786;1118979974;89,13969; Value-1A;0x42A6BBC8;1118223304;83,36676; Value-1B;0x42B80C5A;1119358042;92,02412; Value-1C;0x3F800000;1065353216;1; Value-1D;0x00000000;0;0; Value-1E;0x4390E14F;1133568335;289,7602; Value-1F;0x43C6C17D;1137099133;397,5116; Value-20;0x43D34B1F;1137920799;422,5869; Value-21;0x43FD6B4D;1140681549;506,8383; Value-22;0x43C71667;1137120871;398,175; Value-23;0x43881E0C;1132994060;272,2347; Value-24;0x43C04359;1136673625;384,5262; Value-25;0x43DEE860;1138681952;445,8154; Value-26;0x43B87790;1136162704;368,9341;
2023-10-31_17:06:38.58; Value-01;0x4239E30C;1111089932;46,47173; Value-02;0x4225E55C;1109779804;41,47398; Value-03;0x42B5ECA0;1119218848;90,96216; Value-04;0x433F5AEF;1128225519;191,3552; Value-05;0x4305002A;1124401194;133,0006; Value-06;0x42CDA856;1120774230;102,8288; Value-07;0x42B00CD0;1118833872;88,02502; Value-08;0x42A58589;1118143881;82,76081; Value-09;0x42B48492;1119126674;90,25893; Value-0A;0x43936D5D;1133735261;294,8544; Value-0B;0x43BE7BC1;1136556993;380,9668; Value-0C;0x43D19971;1137809777;419,1988; Value-0D;0x43FB749F;1140552863;502,9111; Value-0E;0x43C4A775;1136961397;393,3083; Value-0F;0x43840A1C;1132726812;264,079; Value-10;0x43C0CA48;1136708168;385,5803; Value-11;0x43DDDD36;1138613558;443,7282; Value-12;0x43B760DD;1136091357;366,7567; Value-13;0x4032930A;1077056266;2,790225; Value-14;0x427E7978;1115584888;63,61862; Value-15;0x42B4E97E;1119152510;90,45604; Value-16;0x433FA716;1128245014;191,6527; Value-17;0x4305DB8B;1124457355;133,8576; Value-18;0x42CF4F01;1120882433;103,6543; Value-19;0x42B24786;1118979974;89,13969; Value-1A;0x42A6BBC8;1118223304;83,36676; Value-1B;0x42B80C5A;1119358042;92,02412; Value-1C;0x3F800000;1065353216;1; Value-1D;0x00000000;0;0; Value-1E;0x4390E14F;1133568335;289,7602; Value-1F;0x43C6C17D;1137099133;397,5116; Value-20;0x43D34B1F;1137920799;422,5869; Value-21;0x43FD6B4D;1140681549;506,8383; Value-22;0x43C71667;1137120871;398,175; Value-23;0x43881E0C;1132994060;272,2347; Value-24;0x43C04359;1136673625;384,5262; Value-25;0x43DEE860;1138681952;445,8154; Value-26;0x43B87790;1136162704;368,9341;
2023-10-31_17:06:38.58; Value-01;0x4239E30C;1111089932;46,47173; Value-02;0x4225E55C;1109779804;41,47398; Value-03;0x42B5ECA0;1119218848;90,96216; Value-04;0x433F5AEF;1128225519;191,3552; Value-05;0x4305002A;1124401194;133,0006; Value-06;0x42CDA856;1120774230;102,8288; Value-07;0x42B00CD0;1118833872;88,02502; Value-08;0x42A58589;1118143881;82,76081; Value-09;0x42B48492;1119126674;90,25893; Value-0A;0x43936D5D;1133735261;294,8544; Value-0B;0x43BE7BC1;1136556993;380,9668; Value-0C;0x43D19971;1137809777;419,1988; Value-0D;0x43FB749F;1140552863;502,9111; Value-0E;0x43C4A775;1136961397;393,3083; Value-0F;0x43840A1C;1132726812;264,079; Value-10;0x43C0CA48;1136708168;385,5803; Value-11;0x43DDDD36;1138613558;443,7282; Value-12;0x43B760DD;1136091357;366,7567; Value-13;0x4032930A;1077056266;2,790225; Value-14;0x427E7978;1115584888;63,61862; Value-15;0x42B4E97E;1119152510;90,45604; Value-16;0x433FA716;1128245014;191,6527; Value-17;0x4305DB8B;1124457355;133,8576; Value-18;0x42CF4F01;1120882433;103,6543; Value-19;0x42B24786;1118979974;89,13969; Value-1A;0x42A6BBC8;1118223304;83,36676; Value-1B;0x42B80C5A;1119358042;92,02412; Value-1C;0x3F800000;1065353216;1; Value-1D;0x00000000;0;0; Value-1E;0x4390E14F;1133568335;289,7602; Value-1F;0x43C6C17D;1137099133;397,5116; Value-20;0x43D34B1F;1137920799;422,5869; Value-21;0x43FD6B4D;1140681549;506,8383; Value-22;0x43C71667;1137120871;398,175; Value-23;0x43881E0C;1132994060;272,2347; Value-24;0x43C04359;1136673625;384,5262; Value-25;0x43DEE860;1138681952;445,8154; Value-26;0x43B87790;1136162704;368,9341;
2023-10-31_17:06:38.58; Value-01;0x4239E30C;1111089932;46,47173; Value-02;0x4225E55C;1109779804;41,47398; Value-03;0x42B5ECA0;1119218848;90,96216; Value-04;0x433F5AEF;1128225519;191,3552; Value-05;0x4305002A;1124401194;133,0006; Value-06;0x42CDA856;1120774230;102,8288; Value-07;0x42B00CD0;1118833872;88,02502; Value-08;0x42A58589;1118143881;82,76081; Value-09;0x42B48492;1119126674;90,25893; Value-0A;0x43936D5D;1133735261;294,8544; Value-0B;0x43BE7BC1;1136556993;380,9668; Value-0C;0x43D19971;1137809777;419,1988; Value-0D;0x43FB749F;1140552863;502,9111; Value-0E;0x43C4A775;1136961397;393,3083; Value-0F;0x43840A1C;1132726812;264,079; Value-10;0x43C0CA48;1136708168;385,5803; Value-11;0x43DDDD36;1138613558;443,7282; Value-12;0x43B760DD;1136091357;366,7567; Value-13;0x4032930A;1077056266;2,790225; Value-14;0x427E7978;1115584888;63,61862; Value-15;0x42B4E97E;1119152510;90,45604; Value-16;0x433FA716;1128245014;191,6527; Value-17;0x4305DB8B;1124457355;133,8576; Value-18;0x42CF4F01;1120882433;103,6543; Value-19;0x42B24786;1118979974;89,13969; Value-1A;0x42A6BBC8;1118223304;83,36676; Value-1B;0x42B80C5A;1119358042;92,02412; Value-1C;0x3F800000;1065353216;1; Value-1D;0x00000000;0;0; Value-1E;0x4390E14F;1133568335;289,7602; Value-1F;0x43C6C17D;1137099133;397,5116; Value-20;0x43D34B1F;1137920799;422,5869; Value-21;0x43FD6B4D;1140681549;506,8383; Value-22;0x43C71667;1137120871;398,175; Value-23;0x43881E0C;1132994060;272,2347; Value-24;0x43C04359;1136673625;384,5262; Value-25;0x43DEE860;1138681952;445,8154; Value-26;0x43B87790;1136162704;368,9341;
2023-10-31_17:06:38.64; Value-01;0x4239E30C;1111089932;46,47173; Value-02;0x4225E55C;1109779804;41,47398; Value-03;0x42B5ECA0;1119218848;90,96216; Value-04;0x433F5AEF;1128225519;191,3552; Value-05;0x4305002A;1124401194;133,0006; Value-06;0x42CDA856;1120774230;102,8288; Value-07;0x42B00CD0;1118833872;88,02502; Value-08;0x42A58589;1118143881;82,76081; Value-09;0x42B4DA92;1119148690;90,4269; Value-0A;0x43936D5D;1133735261;294,8544; Value-0B;0x43BE7BC1;1136556993;380,9668; Value-0C;0x43D19971;1137809777;419,1988; Value-0D;0x43FB749F;1140552863;502,9111; Value-0E;0x43C4A775;1136961397;393,3083; Value-0F;0x43840A1C;1132726812;264,079; Value-10;0x43C0CA48;1136708168;385,5803; Value-11;0x43DDDD36;1138613558;443,7282; Value-12;0x43B760DD;1136091357;366,7567; Value-13;0x4032930A;1077056266;2,790225; Value-14;0x427E7978;1115584888;63,61862; Value-15;0x42B4E97E;1119152510;90,45604; Value-16;0x433FA716;1128245014;191,6527; Value-17;0x4305DB8B;1124457355;133,8576; Value-18;0x42CF4F01;1120882433;103,6543; Value-19;0x42B24786;1118979974;89,13969; Value-1A;0x42A6BBC8;1118223304;83,36676; Value-1B;0x42B80C5A;1119358042;92,02412; Value-1C;0x3F800000;1065353216;1; Value-1D;0x00000000;0;0; Value-1E;0x4390E14F;1133568335;289,7602; Value-1F;0x43C6C17D;1137099133;397,5116; Value-20;0x43D34B1F;1137920799;422,5869; Value-21;0x43FD6B4D;1140681549;506,8383; Value-22;0x43C71667;1137120871;398,175; Value-23;0x43881E0C;1132994060;272,2347; Value-24;0x43C04359;1136673625;384,5262; Value-25;0x43DEE860;1138681952;445,8154; Value-26;0x43B87790;1136162704;368,9341;
2023-10-31_17:06:38.75; Value-01;0x423EF7D2;1111422930;47,74201; Value-02;0x42259559;1109759321;41,39585; Value-03;0x42B62DED;1119235565;91,0897; Value-04;0x433F7740;1128232768;191,4658; Value-05;0x43050E30;1124404784;133,0554; Value-06;0x42CDD829;1120786473;102,9222; Value-07;0x42B04C56;1118850134;88,14909; Value-08;0x42A76B13;1118268179;83,70913; Value-09;0x42B0FEC0;1118895808;88,49756; Value-0A;0x4394A1F9;1133814265;297,2654; Value-0B;0x43BE0D6F;1136528751;380,1049; Value-0C;0x43D17138;1137799480;418,8845; Value-0D;0x43FB9988;1140562312;503,1995; Value-0E;0x43C4B6D2;1136965330;393,4283; Value-0F;0x43855BF5;1132813301;266,7184; Value-10;0x43BD5169;1136480617;378,636; Value-11;0x43D8FD07;1138294023;433,9768; Value-12;0x43C310FB;1136857339;390,1327; Value-13;0x406E3656;1080964694;3,722066; Value-14;0x4280FDFC;1115749884;64,49606; Value-15;0x42B50C92;1119161490;90,52455; Value-16;0x433FB189;1128247689;191,6935; Value-17;0x4305FDD7;1124466135;133,9916; Value-18;0x42CF2F4D;1120874317;103,5924; Value-19;0x42B0BD59;1118879065;88,36982; Value-1A;0x42A74F34;1118261044;83,65469; Value-1B;0x42B57B64;1119189860;90,741; Value-1C;0x3F800000;1065353216;1; Value-1D;0x00000000;0;0; Value-1E;0x439062FA;1133535994;288,7733; Value-1F;0x43C6B2B0;1137095344;397,396; Value-20;0x43D33D77;1137917303;422,4802; Value-21;0x43FD759A;1140684186;506,9188; Value-22;0x43C79738;1137153848;399,1814; Value-23;0x438860CF;1133011151;272,7563; Value-24;0x43C227FA;1136797690;388,3123; Value-25;0x43E91344;1139348292;466,1505; Value-26;0x43CC95E6;1137481190;409,1711;
2023-10-31_17:06:38.75; Value-01;0x423EF7D2;1111422930;47,74201; Value-02;0x42259559;1109759321;41,39585; Value-03;0x42B62DED;1119235565;91,0897; Value-04;0x433F7740;1128232768;191,4658; Value-05;0x43050E30;1124404784;133,0554; Value-06;0x42CDD829;1120786473;102,9222; Value-07;0x42B04C56;1118850134;88,14909; Value-08;0x42A76B13;1118268179;83,70913; Value-09;0x42B0FEC0;1118895808;88,49756; Value-0A;0x4394A1F9;1133814265;297,2654; Value-0B;0x43BE0D6F;1136528751;380,1049; Value-0C;0x43D17138;1137799480;418,8845; Value-0D;0x43FB9988;1140562312;503,1995; Value-0E;0x43C4B6D2;1136965330;393,4283; Value-0F;0x43855BF5;1132813301;266,7184; Value-10;0x43BD5169;1136480617;378,636; Value-11;0x43D8FD07;1138294023;433,9768; Value-12;0x43C310FB;1136857339;390,1327; Value-13;0x406E3656;1080964694;3,722066; Value-14;0x4280FDFC;1115749884;64,49606; Value-15;0x42B50C92;1119161490;90,52455; Value-16;0x433FB189;1128247689;191,6935; Value-17;0x4305FDD7;1124466135;133,9916; Value-18;0x42CF2F4D;1120874317;103,5924; Value-19;0x42B0BD59;1118879065;88,36982; Value-1A;0x42A74F34;1118261044;83,65469; Value-1B;0x42B57B64;1119189860;90,741; Value-1C;0x3F800000;1065353216;1; Value-1D;0x00000000;0;0; Value-1E;0x439062FA;1133535994;288,7733; Value-1F;0x43C6B2B0;1137095344;397,396; Value-20;0x43D33D77;1137917303;422,4802; Value-21;0x43FD759A;1140684186;506,9188; Value-22;0x43C79738;1137153848;399,1814; Value-23;0x438860CF;1133011151;272,7563; Value-24;0x43C227FA;1136797690;388,3123; Value-25;0x43E91344;1139348292;466,1505; Value-26;0x43CC95E6;1137481190;409,1711;
2023-10-31_17:06:38.85; Value-01;0x4225E61B;1109779995;41,47471; Value-02;0x422939F9;1109998073;42,30661; Value-03;0x42B65F13;1119248147;91,18569; Value-04;0x433F6CA3;1128230051;191,4244; Value-05;0x43052C5E;1124412510;133,1733; Value-06;0x42CDD829;1120786473;102,9222; Value-07;0x42B04C56;1118850134;88,14909; Value-08;0x42A76B13;1118268179;83,70913; Value-09;0x42B0FEC0;1118895808;88,49756; Value-0A;0x4393F02B;1133768747;295,8763; Value-0B;0x43BEA06F;1136566383;381,2534; Value-0C;0x43D18B00;1137806080;419,0859; Value-0D;0x43FB71A1;1140552097;502,8877; Value-0E;0x43C4B100;1136963840;393,3828; Value-0F;0x43855BF5;1132813301;266,7184; Value-10;0x43BD5169;1136480617;378,636; Value-11;0x43D8FD07;1138294023;433,9768; Value-12;0x43C310FB;1136857339;390,1327; Value-13;0x4009460E;1074349582;2,144901; Value-14;0x42809397;1115722647;64,28826; Value-15;0x42B4DB2A;1119148842;90,42805; Value-16;0x433FA5C1;1128244673;191,6475; Value-17;0x4305E9E5;1124461029;133,9137; Value-18;0x42CF2F4D;1120874317;103,5924; Value-19;0x42B0BD59;1118879065;88,36982; Value-1A;0x42A74F34;1118261044;83,65469; Value-1B;0x42B57B64;1119189860;90,741; Value-1C;0x3F800000;1065353216;1; Value-1D;0x00000000;0;0; Value-1E;0x4390DFE4;1133567972;289,7491; Value-1F;0x43C713A0;1137120160;398,1533; Value-20;0x43D37694;1137931924;422,9264; Value-21;0x43FD6981;1140681089;506,8242; Value-22;0x43C73930;1137129776;398,4468; Value-23;0x438860CF;1133011151;272,7563; Value-24;0x43C227FA;1136797690;388,3123; Value-25;0x43E91344;1139348292;466,1505; Value-26;0x43CC95E6;1137481190;409,1711;
2023-10-31_17:06:38.93; Value-01;0x42581392;1113068434;54,01911; Value-02;0x424031DD;1111503325;48,04869; Value-03;0x42B60FF7;1119227895;91,03118; Value-04;0x433F548D;1128223885;191,3303; Value-05;0x4304DE85;1124392581;132,8692; Value-06;0x42CDEB32;1120791346;102,9594; Value-07;0x42B0195D;1118837085;88,04954; Value-08;0x42A62DA3;1118186915;83,08913; Value-09;0x42B70625;1119290917;91,512; Value-0A;0x43944B3D;1133792061;296,5878; Value-0B;0x43BEBD24;1136573732;381,4777; Value-0C;0x43D1C042;1137819714;419,502; Value-0D;0x43FB8666;1140557414;503,05; Value-0E;0x43C4BDEF;1136967151;393,4839; Value-0F;0x4384AAC1;1132767937;265,334; Value-10;0x43C0A651;1136698961;385,2993; Value-11;0x43D8D65C;1138284124;433,6747; Value-12;0x43DD0F02;1138560770;442,1172; Value-13;0x4099CC45;1083821125;4,806185; Value-14;0x42916AA3;1116826275;72,70827; Value-15;0x42B4EBFF;1119153151;90,46093; Value-16;0x433F978D;1128241037;191,592; Value-17;0x4305DB51;1124457297;133,8567; Value-18;0x42CF53AE;1120883630;103,6634; Value-19;0x42B18C9A;1118932122;88,77461; Value-1A;0x42A81AEF;1118313199;84,0526; Value-1B;0x42B46100;1119117568;90,18945; Value-1C;0x3F800000;1065353216;1; Value-1D;0x00000000;0;0; Value-1E;0x4390A875;1133553781;289,3161; Value-1F;0x43C69DF9;1137090041;397,2342; Value-20;0x43D3508A;1137922186;422,6292; Value-21;0x43FD65D3;1140680147;506,7955; Value-22;0x43C7725B;1137144411;398,8934; Value-23;0x43875540;1132942656;270,666; Value-24;0x43C1A9D0;1136765392;387,3267; Value-25;0x43D324FE;1137911038;422,289; Value-26;0x43C7DC20;1137171488;399,7197;
2023-10-31_17:06:38.93; Value-01;0x42581392;1113068434;54,01911; Value-02;0x424031DD;1111503325;48,04869; Value-03;0x42B60FF7;1119227895;91,03118; Value-04;0x433F548D;1128223885;191,3303; Value-05;0x4304DE85;1124392581;132,8692; Value-06;0x42CDEB32;1120791346;102,9594; Value-07;0x42B0195D;1118837085;88,04954; Value-08;0x42A62DA3;1118186915;83,08913; Value-09;0x42B70625;1119290917;91,512; Value-0A;0x43944B3D;1133792061;296,5878; Value-0B;0x43BEBD24;1136573732;381,4777; Value-0C;0x43D1C042;1137819714;419,502; Value-0D;0x43FB8666;1140557414;503,05; Value-0E;0x43C4BDEF;1136967151;393,4839; Value-0F;0x4384AAC1;1132767937;265,334; Value-10;0x43C0A651;1136698961;385,2993; Value-11;0x43D8D65C;1138284124;433,6747; Value-12;0x43DD0F02;1138560770;442,1172; Value-13;0x4099CC45;1083821125;4,806185; Value-14;0x42916AA3;1116826275;72,70827; Value-15;0x42B4EBFF;1119153151;90,46093; Value-16;0x433F978D;1128241037;191,592; Value-17;0x4305DB51;1124457297;133,8567; Value-18;0x42CF53AE;1120883630;103,6634; Value-19;0x42B18C9A;1118932122;88,77461; Value-1A;0x42A81AEF;1118313199;84,0526; Value-1B;0x42B46100;1119117568;90,18945; Value-1C;0x3F800000;1065353216;1; Value-1D;0x00000000;0;0; Value-1E;0x4390A875;1133553781;289,3161; Value-1F;0x43C69DF9;1137090041;397,2342; Value-20;0x43D3508A;1137922186;422,6292; Value-21;0x43FD65D3;1140680147;506,7955; Value-22;0x43C7725B;1137144411;398,8934; Value-23;0x43875540;1132942656;270,666; Value-24;0x43C1A9D0;1136765392;387,3267; Value-25;0x43D324FE;1137911038;422,289; Value-26;0x43C7DC20;1137171488;399,7197;
2023-10-31_17:06:39.03; Value-01;0x42581392;1113068434;54,01911; Value-02;0x424031DD;1111503325;48,04869; Value-03;0x42B60FF7;1119227895;91,03118; Value-04;0x433F548D;1128223885;191,3303; Value-05;0x4304DE85;1124392581;132,8692; Value-06;0x42CD79A1;1120762273;102,7376; Value-07;0x42B000A7;1118830759;88,00127; Value-08;0x42A6F715;1118238485;83,48258; Value-09;0x42B5BFBA;1119207354;90,87447; Value-0A;0x43944B3D;1133792061;296,5878; Value-0B;0x43BEBD24;1136573732;381,4777; Value-0C;0x43D1C042;1137819714;419,502; Value-0D;0x43FB8666;1140557414;503,05; Value-0E;0x43C4BDEF;1136967151;393,4839; Value-0F;0x4385BDF1;1132838385;267,4839; Value-10;0x43C0AF89;1136701321;385,3714; Value-11;0x43DDFECF;1138622159;443,9907; Value-12;0x43899372;1133089650;275,1519; Value-13;0x4099CC45;1083821125;4,806185; Value-14;0x42916AA3;1116826275;72,70827; Value-15;0x42B4EBFF;1119153151;90,46093; Value-16;0x433F978D;1128241037;191,592; Value-17;0x4305DB51;1124457297;133,8567; Value-18;0x42CEA28A;1120838282;103,3175; Value-19;0x42B25438;1118983224;89,16449; Value-1A;0x42A757BE;1118263230;83,67137; Value-1B;0x42B54EE4;1119178468;90,65408; Value-1C;0x3F800000;1065353216;1; Value-1D;0x00000000;0;0; Value-1E;0x4390A875;1133553781;289,3161; Value-1F;0x43C69DF9;1137090041;397,2342; Value-20;0x43D3508A;1137922186;422,6292; Value-21;0x43FD65D3;1140680147;506,7955; Value-22;0x43C7725B;1137144411;398,8934; Value-23;0x4388E9F5;1133046261;273,8278; Value-24;0x43C128C4;1136732356;386,3185; Value-25;0x43DF14C9;1138693321;446,1624; Value-26;0x43CB617E;1137402238;406,7617;
2023-10-31_17:06:39.03; Value-01;0x42581392;1113068434;54,01911; Value-02;0x424031DD;1111503325;48,04869; Value-03;0x42B60FF7;1119227895;91,03118; Value-04;0x433F548D;1128223885;191,3303; Value-05;0x4304DE85;1124392581;132,8692; Value-06;0x42CD79A1;1120762273;102,7376; Value-07;0x42B000A7;1118830759;88,00127; Value-08;0x42A6F715;1118238485;83,48258; Value-09;0x42B5BFBA;1119207354;90,87447; Value-0A;0x43944B3D;1133792061;296,5878; Value-0B;0x43BEBD24;1136573732;381,4777; Value-0C;0x43D1C042;1137819714;419,502; Value-0D;0x43FB8666;1140557414;503,05; Value-0E;0x43C4BDEF;1136967151;393,4839; Value-0F;0x4385BDF1;1132838385;267,4839; Value-10;0x43C0AF89;1136701321;385,3714; Value-11;0x43DDFECF;1138622159;443,9907; Value-12;0x43899372;1133089650;275,1519; Value-13;0x4099CC45;1083821125;4,806185; Value-14;0x42916AA3;1116826275;72,70827; Value-15;0x42B4EBFF;1119153151;90,46093; Value-16;0x433F978D;1128241037;191,592; Value-17;0x4305DB51;1124457297;133,8567; Value-18;0x42CEA28A;1120838282;103,3175; Value-19;0x42B25438;1118983224;89,16449; Value-1A;0x42A757BE;1118263230;83,67137; Value-1B;0x42B54EE4;1119178468;90,65408; Value-1C;0x3F800000;1065353216;1; Value-1D;0x00000000;0;0; Value-1E;0x4390A875;1133553781;289,3161; Value-1F;0x43C69DF9;1137090041;397,2342; Value-20;0x43D3508A;1137922186;422,6292; Value-21;0x43FD65D3;1140680147;506,7955; Value-22;0x43C7725B;1137144411;398,8934; Value-23;0x4388E9F5;1133046261;273,8278; Value-24;0x43C128C4;1136732356;386,3185; Value-25;0x43DF14C9;1138693321;446,1624; Value-26;0x43CB617E;1137402238;406,7617;
2023-10-31_17:06:39.15; Value-01;0x42447007;1111781383;49,1094; Value-02;0x4242EA59;1111681625;48,72886; Value-03;0x42B622C2;1119232706;91,06789; Value-04;0x433F6FF0;1128230896;191,4373; Value-05;0x430521E5;1124409829;133,1324; Value-06;0x42CD7570;1120761200;102,7294; Value-07;0x42B000A7;1118830759;88,00127; Value-08;0x42A6F715;1118238485;83,48258; Value-09;0x42B5BFBA;1119207354;90,87447; Value-0A;0x4393D4CA;1133761738;295,6624; Value-0B;0x43BE5BC2;1136548802;380,7169; Value-0C;0x43D17705;1137800965;418,9298; Value-0D;0x43FB926F;1140560495;503,144; Value-0E;0x43C48AA1;1136954017;393,083; Value-0F;0x4385F639;1132852793;267,9236; Value-10;0x43C0AF89;1136701321;385,3714; Value-11;0x43DDFECF;1138622159;443,9907; Value-12;0x43899372;1133089650;275,1519; Value-13;0x409A0DC7;1083837895;4,814182; Value-14;0x4291510D;1116819725;72,6583; Value-15;0x42B53534;1119171892;90,60391; Value-16;0x433F96E9;1128240873;191,5895; Value-17;0x4305D684;1124456068;133,838; Value-18;0x42CF286F;1120872559;103,579; Value-19;0x42B25438;1118983224;89,16449; Value-1A;0x42A757BE;1118263230;83,67137; Value-1B;0x42B54EE4;1119178468;90,65408; Value-1C;0x3F800000;1065353216;1; Value-1D;0x00000000;0;0; Value-1E;0x4390BCDE;1133559006;289,4755; Value-1F;0x43C68901;1137084673;397,0703; Value-20;0x43D32550;1137911120;422,2915; Value-21;0x43FDA408;1140696072;507,2815; Value-22;0x43C73695;1137129109;398,4264; Value-23;0x43888BCD;1133022157;273,0922; Value-24;0x43C10DEA;1136725482;386,1087; Value-25;0x43DF14C9;1138693321;446,1624; Value-26;0x43CB617E;1137402238;406,7617;
2023-10-31_17:06:39.15; Value-01;0x42447007;1111781383;49,1094; Value-02;0x4242EA59;1111681625;48,72886; Value-03;0x42B622C2;1119232706;91,06789; Value-04;0x433F6FF0;1128230896;191,4373; Value-05;0x430521E5;1124409829;133,1324; Value-06;0x42CD7570;1120761200;102,7294; Value-07;0x42B000A7;1118830759;88,00127; Value-08;0x42A6F715;1118238485;83,48258; Value-09;0x42B5BFBA;1119207354;90,87447; Value-0A;0x4393D4CA;1133761738;295,6624; Value-0B;0x43BE5BC2;1136548802;380,7169; Value-0C;0x43D17705;1137800965;418,9298; Value-0D;0x43FB926F;1140560495;503,144; Value-0E;0x43C48AA1;1136954017;393,083; Value-0F;0x4385F639;1132852793;267,9236; Value-10;0x43C0AF89;1136701321;385,3714; Value-11;0x43DDFECF;1138622159;443,9907; Value-12;0x43899372;1133089650;275,1519; Value-13;0x409A0DC7;1083837895;4,814182; Value-14;0x4291510D;1116819725;72,6583; Value-15;0x42B53534;1119171892;90,60391; Value-16;0x433F96E9;1128240873;191,5895; Value-17;0x4305D684;1124456068;133,838; Value-18;0x42CF286F;1120872559;103,579; Value-19;0x42B25438;1118983224;89,16449; Value-1A;0x42A757BE;1118263230;83,67137; Value-1B;0x42B54EE4;1119178468;90,65408; Value-1C;0x3F800000;1065353216;1; Value-1D;0x00000000;0;0; Value-1E;0x4390BCDE;1133559006;289,4755; Value-1F;0x43C68901;1137084673;397,0703; Value-20;0x43D32550;1137911120;422,2915; Value-21;0x43FDA408;1140696072;507,2815; Value-22;0x43C73695;1137129109;398,4264; Value-23;0x43888BCD;1133022157;273,0922; Value-24;0x43C10DEA;1136725482;386,1087; Value-25;0x43DF14C9;1138693321;446,1624; Value-26;0x43CB617E;1137402238;406,7617;
2023-10-31_17:06:39.27; Value-01;0x42447007;1111781383;49,1094; Value-02;0x4242EA59;1111681625;48,72886; Value-03;0x42B622C2;1119232706;91,06789; Value-04;0x433F6FF0;1128230896;191,4373; Value-05;0x430521E5;1124409829;133,1324; Value-06;0x42CD7570;1120761200;102,7294; Value-07;0x42AF379F;1118779295;87,60863; Value-08;0x42A469E0;1118071264;82,20679; Value-09;0x42B7FA3B;1119353403;91,98873; Value-0A;0x4393D4CA;1133761738;295,6624; Value-0B;0x43BE5BC2;1136548802;380,7169; Value-0C;0x43D17705;1137800965;418,9298; Value-0D;0x43FB926F;1140560495;503,144; Value-0E;0x43C48AA1;1136954017;393,083; Value-0F;0x4385F639;1132852793;267,9236; Value-10;0x43BCE120;1136451872;377,7588; Value-11;0x43D986D5;1138329301;435,0534; Value-12;0x43B652BB;1136022203;364,6463; Value-13;0x409A0DC7;1083837895;4,814182; Value-14;0x4291510D;1116819725;72,6583; Value-15;0x42B53534;1119171892;90,60391; Value-16;0x433F96E9;1128240873;191,5895; Value-17;0x4305D684;1124456068;133,838; Value-18;0x42CF286F;1120872559;103,579; Value-19;0x42B0DC5C;1118887004;88,43039; Value-1A;0x42A6529F;1118196383;83,16137; Value-1B;0x42B46501;1119118593;90,19727; Value-1C;0x3F800000;1065353216;1; Value-1D;0x00000000;0;0; Value-1E;0x43918889;1133611145;291,0667; Value-1F;0x43C5D66A;1137038954;395,6751; Value-20;0x43D32550;1137911120;422,2915; Value-21;0x43FDA408;1140696072;507,2815; Value-22;0x43C73695;1137129109;398,4264; Value-23;0x43888BCD;1133022157;273,0922; Value-24;0x43C10DEA;1136725482;386,1087; Value-25;0x43E8759D;1139307933;464,9189; Value-26;0x43DAEEA2;1138421410;437,8643;
2023-10-31_17:06:39.27; Value-01;0x42447007;1111781383;49,1094; Value-02;0x4242EA59;1111681625;48,72886; Value-03;0x42B622C2;1119232706;91,06789; Value-04;0x433F6FF0;1128230896;191,4373; Value-05;0x430521E5;1124409829;133,1324; Value-06;0x42CD7570;1120761200;102,7294; Value-07;0x42AF379F;1118779295;87,60863; Value-08;0x42A469E0;1118071264;82,20679; Value-09;0x42B7FA3B;1119353403;91,98873; Value-0A;0x4393D4CA;1133761738;295,6624; Value-0B;0x43BE5BC2;1136548802;380,7169; Value-0C;0x43D17705;1137800965;418,9298; Value-0D;0x43FB926F;1140560495;503,144; Value-0E;0x43C48AA1;1136954017;393,083; Value-0F;0x4385F639;1132852793;267,9236; Value-10;0x43BCE120;1136451872;377,7588; Value-11;0x43D986D5;1138329301;435,0534; Value-12;0x43B652BB;1136022203;364,6463; Value-13;0x409A0DC7;1083837895;4,814182; Value-14;0x4291510D;1116819725;72,6583; Value-15;0x42B53534;1119171892;90,60391; Value-16;0x433F96E9;1128240873;191,5895; Value-17;0x4305D684;1124456068;133,838; Value-18;0x42CF286F;1120872559;103,579; Value-19;0x42B0DC5C;1118887004;88,43039; Value-1A;0x42A6529F;1118196383;83,16137; Value-1B;0x42B46501;1119118593;90,19727; Value-1C;0x3F800000;1065353216;1; Value-1D;0x00000000;0;0; Value-1E;0x43918889;1133611145;291,0667; Value-1F;0x43C5D66A;1137038954;395,6751; Value-20;0x43D32550;1137911120;422,2915; Value-21;0x43FDA408;1140696072;507,2815; Value-22;0x43C73695;1137129109;398,4264; Value-23;0x43888BCD;1133022157;273,0922; Value-24;0x43C10DEA;1136725482;386,1087; Value-25;0x43E8759D;1139307933;464,9189; Value-26;0x43DAEEA2;1138421410;437,8643;
2023-10-31_17:06:39.36; Value-01;0x4235F586;1110832518;45,48977; Value-02;0x42330F2F;1110642479;44,76483; Value-03;0x42B6152C;1119229228;91,04135; Value-04;0x433F7C7B;1128234107;191,4863; Value-05;0x43052C88;1124412552;133,174; Value-06;0x42CDBFA7;1120780199;102,8743; Value-07;0x42AFCC23;1118817315;87,8987; Value-08;0x42A656AD;1118197421;83,16929; Value-09;0x42B4B92E;1119140142;90,36168; Value-0A;0x4393DF04;1133764356;295,7423; Value-0B;0x43BE2F49;1136537417;380,3694; Value-0C;0x43D12999;1137781145;418,325; Value-0D;0x43FB54A7;1140544679;502,6613; Value-0E;0x43C4A105;1136959749;393,258; Value-0F;0x438535CE;1132803534;266,4203; Value-10;0x43BDD3FE;1136514046;379,6562; Value-11;0x43DEF24F;1138684495;445,893; Value-12;0x43AEF4C0;1135539392;349,9121; Value-13;0x3F5F34E0;1063204064;0,8719006; Value-14;0x426C27A7;1114384295;59,03872; Value-15;0x42B540FB;1119174907;90,62691; Value-16;0x433FBCC7;1128250567;191,7374; Value-17;0x4305C7EA;1124452330;133,7809; Value-18;0x42CEEAED;1120856813;103,4588; Value-19;0x42B1E717;1118955287;88,95135; Value-1A;0x42A89122;1118343458;84,28346; Value-1B;0x42B5EA1F;1119218207;90,95727; Value-1C;0x3F800000;1065353216;1; Value-1D;0x00000000;0;0; Value-1E;0x43918889;1133611145;291,0667; Value-1F;0x43C5D66A;1137038954;395,6751; Value-20;0x43D38170;1137934704;423,0112; Value-21;0x43FD6741;1140680513;506,8067; Value-22;0x43C71311;1137120017;398,149; Value-23;0x4387AE1B;1132965403;271,3602; Value-24;0x43C1EF17;1136783127;387,8679; Value-25;0x43DE1D3F;1138629951;444,2285; Value-26;0x43BB4715;1136346901;374,5553;
2023-10-31_17:06:39.36; Value-01;0x4235F586;1110832518;45,48977; Value-02;0x42330F2F;1110642479;44,76483; Value-03;0x42B6152C;1119229228;91,04135; Value-04;0x433F7C7B;1128234107;191,4863; Value-05;0x43052C88;1124412552;133,174; Value-06;0x42CDBFA7;1120780199;102,8743; Value-07;0x42AFCC23;1118817315;87,8987; Value-08;0x42A656AD;1118197421;83,16929; Value-09;0x42B4B92E;1119140142;90,36168; Value-0A;0x4393DF04;1133764356;295,7423; Value-0B;0x43BE2F49;1136537417;380,3694; Value-0C;0x43D12999;1137781145;418,325; Value-0D;0x43FB54A7;1140544679;502,6613; Value-0E;0x43C4A105;1136959749;393,258; Value-0F;0x438535CE;1132803534;266,4203; Value-10;0x43BDD3FE;1136514046;379,6562; Value-11;0x43DEF24F;1138684495;445,893; Value-12;0x43AEF4C0;1135539392;349,9121; Value-13;0x3F5F34E0;1063204064;0,8719006; Value-14;0x426C27A7;1114384295;59,03872; Value-15;0x42B540FB;1119174907;90,62691; Value-16;0x433FBCC7;1128250567;191,7374; Value-17;0x4305C7EA;1124452330;133,7809; Value-18;0x42CEEAED;1120856813;103,4588; Value-19;0x42B1E717;1118955287;88,95135; Value-1A;0x42A89122;1118343458;84,28346; Value-1B;0x42B5EA1F;1119218207;90,95727; Value-1C;0x3F800000;1065353216;1; Value-1D;0x00000000;0;0; Value-1E;0x43918889;1133611145;291,0667; Value-1F;0x43C5D66A;1137038954;395,6751; Value-20;0x43D38170;1137934704;423,0112; Value-21;0x43FD6741;1140680513;506,8067; Value-22;0x43C71311;1137120017;398,149; Value-23;0x4387AE1B;1132965403;271,3602; Value-24;0x43C1EF17;1136783127;387,8679; Value-25;0x43DE1D3F;1138629951;444,2285; Value-26;0x43BB4715;1136346901;374,5553;
2023-10-31_17:06:39.48; Value-01;0x42454208;1111835144;49,31448; Value-02;0x422AC7B8;1110099896;42,69504; Value-03;0x42B636BB;1119237819;91,1069; Value-04;0x433F8E8A;1128238730;191,5568; Value-05;0x43050356;1124402006;133,013; Value-06;0x42CD6CF4;1120759028;102,7128; Value-07;0x42AF0D88;1118768520;87,52643; Value-08;0x42A5AD9B;1118154139;82,83907; Value-09;0x42B2F7C1;1119025089;89,48389; Value-0A;0x4393BD1B;1133755675;295,4774; Value-0B;0x43BE5437;1136546871;380,6579; Value-0C;0x43D1565F;1137792607;418,6748; Value-0D;0x43FB8DEB;1140559339;503,1087; Value-0E;0x43C49E85;1136959109;393,2384; Value-0F;0x4385BDB9;1132838329;267,4822; Value-10;0x43C038E4;1136670948;384,4445; Value-11;0x43D57488;1138062472;426,9104; Value-12;0x43CAE59F;1137370527;405,7939; Value-13;0x3FFA6B14;1073376020;1,956393; Value-14;0x425A843D;1113228349;54,62914; Value-15;0x42B4E623;1119151651;90,44949; Value-16;0x433FB35F;1128248159;191,7007; Value-17;0x4305E31B;1124459291;133,8871; Value-18;0x42CF22D3;1120871123;103,568; Value-19;0x42B040C2;1118847170;88,12648; Value-1A;0x42A58B7C;1118145404;82,77243; Value-1B;0x42B7915E;1119326558;91,78392; Value-1C;0x3F800000;1065353216;1; Value-1D;0x00000000;0;0; Value-1E;0x4390400E;1133527054;288,5004; Value-1F;0x43C65A0F;1137072655;396,7036; Value-20;0x43D37C30;1137933360;422,9702; Value-21;0x43FD6CB4;1140681908;506,8492; Value-22;0x43C745F6;1137133046;398,5466; Value-23;0x438839F2;1133001202;272,4527; Value-24;0x43BCD1B6;1136447926;377,6384; Value-25;0x43DAEA61;1138420321;437,8311; Value-26;0x43B4BA90;1135917712;361,4575;
2023-10-31_17:06:39.48; Value-01;0x42454208;1111835144;49,31448; Value-02;0x422AC7B8;1110099896;42,69504; Value-03;0x42B636BB;1119237819;91,1069; Value-04;0x433F8E8A;1128238730;191,5568; Value-05;0x43050356;1124402006;133,013; Value-06;0x42CD6CF4;1120759028;102,7128; Value-07;0x42AF0D88;1118768520;87,52643; Value-08;0x42A5AD9B;1118154139;82,83907; Value-09;0x42B2F7C1;1119025089;89,48389; Value-0A;0x4393BD1B;1133755675;295,4774; Value-0B;0x43BE5437;1136546871;380,6579; Value-0C;0x43D1565F;1137792607;418,6748; Value-0D;0x43FB8DEB;1140559339;503,1087; Value-0E;0x43C49E85;1136959109;393,2384; Value-0F;0x4385BDB9;1132838329;267,4822; Value-10;0x43C038E4;1136670948;384,4445; Value-11;0x43D57488;1138062472;426,9104; Value-12;0x43CAE59F;1137370527;405,7939; Value-13;0x3FFA6B14;1073376020;1,956393; Value-14;0x425A843D;1113228349;54,62914; Value-15;0x42B4E623;1119151651;90,44949; Value-16;0x433FB35F;1128248159;191,7007; Value-17;0x4305E31B;1124459291;133,8871; Value-18;0x42CF22D3;1120871123;103,568; Value-19;0x42B040C2;1118847170;88,12648; Value-1A;0x42A58B7C;1118145404;82,77243; Value-1B;0x42B7915E;1119326558;91,78392; Value-1C;0x3F800000;1065353216;1; Value-1D;0x00000000;0;0; Value-1E;0x4390400E;1133527054;288,5004; Value-1F;0x43C65A0F;1137072655;396,7036; Value-20;0x43D37C30;1137933360;422,9702; Value-21;0x43FD6CB4;1140681908;506,8492; Value-22;0x43C745F6;1137133046;398,5466; Value-23;0x438839F2;1133001202;272,4527; Value-24;0x43BCD1B6;1136447926;377,6384; Value-25;0x43DAEA61;1138420321;437,8311; Value-26;0x43B4BA90;1135917712;361,4575;
2023-10-31_17:06:39.61; Value-01;0x42596320;1113154336;54,3468; Value-02;0x420279B3;1107458483;32,61885; Value-03;0x42B648AC;1119242412;91,14194; Value-04;0x433F5CE8;1128226024;191,3629; Value-05;0x43051252;1124405842;133,0716; Value-06;0x42CDE06C;1120788588;102,9383; Value-07;0x42B0071B;1118832411;88,01388; Value-08;0x42A7A715;1118283541;83,82633; Value-09;0x42B46120;1119117600;90,1897; Value-0A;0x43944EC8;1133792968;296,6155; Value-0B;0x43BE61C7;1136550343;380,7639; Value-0C;0x43D1BBD6;1137818582;419,4675; Value-0D;0x43FB8A16;1140558358;503,0788; Value-0E;0x43C4D7FF;1136973823;393,6875; Value-0F;0x43858BEB;1132825579;267,0931; Value-10;0x43BD71B4;1136488884;378,8883; Value-11;0x43DDBA8B;1138604683;443,4574; Value-12;0x43DE786E;1138653294;444,9409; Value-13;0x40744E05;1081363973;3,817262; Value-14;0x428D2294;1116545684;70,56754; Value-15;0x42B4EC4D;1119153229;90,46152; Value-16;0x433FC59A;1128252826;191,7719; Value-17;0x4305CC66;1124453478;133,7984; Value-18;0x42CF08F7;1120864503;103,5175; Value-19;0x42B2AF72;1119006578;89,34267; Value-1A;0x42A8EE54;1118367316;84,46548; Value-1B;0x42B5C359;1119208281;90,88154; Value-1C;0x3F800000;1065353216;1; Value-1D;0x00000000;0;0; Value-1E;0x4390A376;1133552502;289,277; Value-1F;0x43C6AFFB;1137094651;397,3748; Value-20;0x43D34AE1;1137920737;422,585; Value-21;0x43FD8635;1140688437;507,0485; Value-22;0x43C73D98;1137130904;398,4812; Value-23;0x43881273;1132991091;272,1441; Value-24;0x43BDBD49;1136508233;379,4788; Value-25;0x43E811CD;1139282381;464,1391; Value-26;0x43D69DB7;1138138551;429,2321;
2023-10-31_17:06:39.61; Value-01;0x42596320;1113154336;54,3468; Value-02;0x420279B3;1107458483;32,61885; Value-03;0x42B648AC;1119242412;91,14194; Value-04;0x433F5CE8;1128226024;191,3629; Value-05;0x43051252;1124405842;133,0716; Value-06;0x42CDE06C;1120788588;102,9383; Value-07;0x42B0071B;1118832411;88,01388; Value-08;0x42A7A715;1118283541;83,82633; Value-09;0x42B46120;1119117600;90,1897; Value-0A;0x43944EC8;1133792968;296,6155; Value-0B;0x43BE61C7;1136550343;380,7639; Value-0C;0x43D1BBD6;1137818582;419,4675; Value-0D;0x43FB8A16;1140558358;503,0788; Value-0E;0x43C4D7FF;1136973823;393,6875; Value-0F;0x43858BEB;1132825579;267,0931; Value-10;0x43BD71B4;1136488884;378,8883; Value-11;0x43DDBA8B;1138604683;443,4574; Value-12;0x43DE786E;1138653294;444,9409; Value-13;0x40744E05;1081363973;3,817262; Value-14;0x428D2294;1116545684;70,56754; Value-15;0x42B4EC4D;1119153229;90,46152; Value-16;0x433FC59A;1128252826;191,7719; Value-17;0x4305CC66;1124453478;133,7984; Value-18;0x42CF08F7;1120864503;103,5175; Value-19;0x42B2AF72;1119006578;89,34267; Value-1A;0x42A8EE54;1118367316;84,46548; Value-1B;0x42B5C359;1119208281;90,88154; Value-1C;0x3F800000;1065353216;1; Value-1D;0x00000000;0;0; Value-1E;0x4390A376;1133552502;289,277; Value-1F;0x43C6AFFB;1137094651;397,3748; Value-20;0x43D34AE1;1137920737;422,585; Value-21;0x43FD8635;1140688437;507,0485; Value-22;0x43C73D98;1137130904;398,4812; Value-23;0x43881273;1132991091;272,1441; Value-24;0x43BDBD49;1136508233;379,4788; Value-25;0x43E811CD;1139282381;464,1391; Value-26;0x43D69DB7;1138138551;429,2321;
2023-10-31_17:06:39.73; Value-01;0x424034A9;1111504041;48,05143; Value-02;0x42574FE0;1113018336;53,828; Value-03;0x42B60C35;1119226933;91,02384; Value-04;0x433F6746;1128228678;191,4034; Value-05;0x4304EDF3;1124396531;132,9295; Value-06;0x42CDE06C;1120788588;102,9383; Value-07;0x42B0071B;1118832411;88,01388; Value-08;0x42A7A715;1118283541;83,82633; Value-09;0x42B46120;1119117600;90,1897; Value-0A;0x43945766;1133795174;296,6828; Value-0B;0x43BE69E6;1136552422;380,8273; Value-0C;0x43D19480;1137808512;419,1602; Value-0D;0x43FBD763;1140578147;503,6827; Value-0E;0x43C539DA;1136998874;394,452; Value-0F;0x43858BEB;1132825579;267,0931; Value-10;0x43BD71B4;1136488884;378,8883; Value-11;0x43DDBA8B;1138604683;443,4574; Value-12;0x43DE786E;1138653294;444,9409; Value-13;0x404F3D11;1078934801;3,238102; Value-14;0x426F9091;1114607761;59,89118; Value-15;0x42B4F107;1119154439;90,47076; Value-16;0x433F8A2D;1128237613;191,5397; Value-17;0x4305E1A1;1124458913;133,8814; Value-18;0x42CF08F7;1120864503;103,5175; Value-19;0x42B2AF72;1119006578;89,34267; Value-1A;0x42A8EE54;1118367316;84,46548; Value-1B;0x42B5C359;1119208281;90,88154; Value-1C;0x3F800000;1065353216;1; Value-1D;0x00000000;0;0; Value-1E;0x43918494;1133610132;291,0358; Value-1F;0x43C70935;1137117493;398,0719; Value-20;0x43D34BDC;1137920988;422,5927; Value-21;0x43FD978C;1140692876;507,184; Value-22;0x43C72906;1137125638;398,3205; Value-23;0x43881273;1132991091;272,1441; Value-24;0x43BDBD49;1136508233;379,4788; Value-25;0x43E811CD;1139282381;464,1391; Value-26;0x43D69DB7;1138138551;429,2321;
2023-10-31_17:06:39.73; Value-01;0x424034A9;1111504041;48,05143; Value-02;0x42574FE0;1113018336;53,828; Value-03;0x42B60C35;1119226933;91,02384; Value-04;0x433F6746;1128228678;191,4034; Value-05;0x4304EDF3;1124396531;132,9295; Value-06;0x42CDE06C;1120788588;102,9383; Value-07;0x42B0071B;1118832411;88,01388; Value-08;0x42A7A715;1118283541;83,82633; Value-09;0x42B46120;1119117600;90,1897; Value-0A;0x43945766;1133795174;296,6828; Value-0B;0x43BE69E6;1136552422;380,8273; Value-0C;0x43D19480;1137808512;419,1602; Value-0D;0x43FBD763;1140578147;503,6827; Value-0E;0x43C539DA;1136998874;394,452; Value-0F;0x43858BEB;1132825579;267,0931; Value-10;0x43BD71B4;1136488884;378,8883; Value-11;0x43DDBA8B;1138604683;443,4574; Value-12;0x43DE786E;1138653294;444,9409; Value-13;0x404F3D11;1078934801;3,238102; Value-14;0x426F9091;1114607761;59,89118; Value-15;0x42B4F107;1119154439;90,47076; Value-16;0x433F8A2D;1128237613;191,5397; Value-17;0x4305E1A1;1124458913;133,8814; Value-18;0x42CF08F7;1120864503;103,5175; Value-19;0x42B2AF72;1119006578;89,34267; Value-1A;0x42A8EE54;1118367316;84,46548; Value-1B;0x42B5C359;1119208281;90,88154; Value-1C;0x3F800000;1065353216;1; Value-1D;0x00000000;0;0; Value-1E;0x43918494;1133610132;291,0358; Value-1F;0x43C70935;1137117493;398,0719; Value-20;0x43D34BDC;1137920988;422,5927; Value-21;0x43FD978C;1140692876;507,184; Value-22;0x43C72906;1137125638;398,3205; Value-23;0x43881273;1132991091;272,1441; Value-24;0x43BDBD49;1136508233;379,4788; Value-25;0x43E811CD;1139282381;464,1391; Value-26;0x43D69DB7;1138138551;429,2321;
2023-10-31_17:06:39.87; Value-01;0x4247B4BE;1111995582;49,92651; Value-02;0x423586C7;1110804167;45,38162; Value-03;0x42B6748A;1119253642;91,22762; Value-04;0x433F6DE9;1128230377;191,4293; Value-05;0x43051239;1124405817;133,0712; Value-06;0x42CDC0CB;1120780491;102,8765; Value-07;0x42B0743E;1118860350;88,22704; Value-08;0x42A648F0;1118193904;83,14246; Value-09;0x42B1DE3A;1118953018;88,93404; Value-0A;0x4393E4B1;1133765809;295,7867; Value-0B;0x43BE1646;1136531014;380,174; Value-0C;0x43D1AA79;1137814137;419,3318; Value-0D;0x43FBA9CA;1140566474;503,3265; Value-0E;0x43C4B30C;1136964364;393,3988; Value-0F;0x43858F5D;1132826461;267,12; Value-10;0x43BC5B92;1136417682;376,7154; Value-11;0x43D46E7B;1137995387;424,8631; Value-12;0x43AC381C;1135360028;344,4384; Value-13;0x3E09DE49;1040834121;0,134637; Value-14;0x42913FFE;1116815358;72,62498; Value-15;0x42B4DE40;1119149632;90,43408; Value-16;0x433FA17D;1128243581;191,6308; Value-17;0x4305DE5F;1124458079;133,8686; Value-18;0x42CEA253;1120838227;103,317; Value-19;0x42B1FE79;1118961273;88,99702; Value-1A;0x42A66DC0;1118203328;83,21436; Value-1B;0x42B6A850;1119266896;91,32874; Value-1C;0x3F800000;1065353216;1; Value-1D;0x00000000;0;0; Value-1E;0x4390F6F7;1133573879;289,9294; Value-1F;0x43C6FE45;1137114693;397,9865; Value-20;0x43D31C50;1137908816;422,2212; Value-21;0x43FD7CDC;1140686044;506,9755; Value-22;0x43C7561F;1137137183;398,6728; Value-23;0x4387BEBF;1132969663;271,4902; Value-24;0x43C3BBF1;1136901105;391,4683; Value-25;0x43E105DB;1138820571;450,0457; Value-26;0x43DA5FD9;1138384857;436,7488;
2023-10-31_17:06:39.87; Value-01;0x4247B4BE;1111995582;49,92651; Value-02;0x423586C7;1110804167;45,38162; Value-03;0x42B6748A;1119253642;91,22762; Value-04;0x433F6DE9;1128230377;191,4293; Value-05;0x43051239;1124405817;133,0712; Value-06;0x42CDC0CB;1120780491;102,8765; Value-07;0x42B0743E;1118860350;88,22704; Value-08;0x42A648F0;1118193904;83,14246; Value-09;0x42B1DE3A;1118953018;88,93404; Value-0A;0x4393E4B1;1133765809;295,7867; Value-0B;0x43BE1646;1136531014;380,174; Value-0C;0x43D1AA79;1137814137;419,3318; Value-0D;0x43FBA9CA;1140566474;503,3265; Value-0E;0x43C4B30C;1136964364;393,3988; Value-0F;0x43858F5D;1132826461;267,12; Value-10;0x43BC5B92;1136417682;376,7154; Value-11;0x43D46E7B;1137995387;424,8631; Value-12;0x43AC381C;1135360028;344,4384; Value-13;0x3E09DE49;1040834121;0,134637; Value-14;0x42913FFE;1116815358;72,62498; Value-15;0x42B4DE40;1119149632;90,43408; Value-16;0x433FA17D;1128243581;191,6308; Value-17;0x4305DE5F;1124458079;133,8686; Value-18;0x42CEA253;1120838227;103,317; Value-19;0x42B1FE79;1118961273;88,99702; Value-1A;0x42A66DC0;1118203328;83,21436; Value-1B;0x42B6A850;1119266896;91,32874; Value-1C;0x3F800000;1065353216;1; Value-1D;0x00000000;0;0; Value-1E;0x4390F6F7;1133573879;289,9294; Value-1F;0x43C6FE45;1137114693;397,9865; Value-20;0x43D31C50;1137908816;422,2212; Value-21;0x43FD7CDC;1140686044;506,9755; Value-22;0x43C7561F;1137137183;398,6728; Value-23;0x4387BEBF;1132969663;271,4902; Value-24;0x43C3BBF1;1136901105;391,4683; Value-25;0x43E105DB;1138820571;450,0457; Value-26;0x43DA5FD9;1138384857;436,7488;
2023-10-31_17:06:39.87; Value-01;0x4247B4BE;1111995582;49,92651; Value-02;0x423586C7;1110804167;45,38162; Value-03;0x42B6748A;1119253642;91,22762; Value-04;0x433F6DE9;1128230377;191,4293; Value-05;0x43051239;1124405817;133,0712; Value-06;0x42CDC0CB;1120780491;102,8765; Value-07;0x42B0743E;1118860350;88,22704; Value-08;0x42A648F0;1118193904;83,14246; Value-09;0x42B1DE3A;1118953018;88,93404; Value-0A;0x4393E4B1;1133765809;295,7867; Value-0B;0x43BE1646;1136531014;380,174; Value-0C;0x43D1AA79;1137814137;419,3318; Value-0D;0x43FBA9CA;1140566474;503,3265; Value-0E;0x43C4B30C;1136964364;393,3988; Value-0F;0x43858F5D;1132826461;267,12; Value-10;0x43BC5B92;1136417682;376,7154; Value-11;0x43D46E7B;1137995387;424,8631; Value-12;0x43AC381C;1135360028;344,4384; Value-13;0x3E09DE49;1040834121;0,134637; Value-14;0x42913FFE;1116815358;72,62498; Value-15;0x42B4DE40;1119149632;90,43408; Value-16;0x433FA17D;1128243581;191,6308; Value-17;0x4305DE5F;1124458079;133,8686; Value-18;0x42CEA253;1120838227;103,317; Value-19;0x42B1FE79;1118961273;88,99702; Value-1A;0x42A66DC0;1118203328;83,21436; Value-1B;0x42B6A850;1119266896;91,32874; Value-1C;0x3F800000;1065353216;1; Value-1D;0x00000000;0;0; Value-1E;0x4390F6F7;1133573879;289,9294; Value-1F;0x43C6FE45;1137114693;397,9865; Value-20;0x43D31C50;1137908816;422,2212; Value-21;0x43FD7CDC;1140686044;506,9755; Value-22;0x43C7561F;1137137183;398,6728; Value-23;0x4387BEBF;1132969663;271,4902; Value-24;0x43C3BBF1;1136901105;391,4683; Value-25;0x43E105DB;1138820571;450,0457; Value-26;0x43DA5FD9;1138384857;436,7488;
2023-10-31_17:06:40.01; Value-01;0x4247B4BE;1111995582;49,92651; Value-02;0x423586C7;1110804167;45,38162; Value-03;0x42B6748A;1119253642;91,22762; Value-04;0x433F6DE9;1128230377;191,4293; Value-05;0x43051239;1124405817;133,0712; Value-06;0x42CD5F84;1120755588;102,6866; Value-07;0x42B03666;1118844518;88,10625; Value-08;0x42A5C648;1118160456;82,88727; Value-09;0x42B3DBD5;1119083477;89,92936; Value-0A;0x4393E4B1;1133765809;295,7867; Value-0B;0x43BE1646;1136531014;380,174; Value-0C;0x43D1AA79;1137814137;419,3318; Value-0D;0x43FBA9CA;1140566474;503,3265; Value-0E;0x43C4B30C;1136964364;393,3988; Value-0F;0x4385BC85;1132838021;267,4728; Value-10;0x43BD2EC8;1136471752;378,3655; Value-11;0x43E23706;1138898694;452,4299; Value-12;0x43B6103B;1136005179;364,1268; Value-13;0x3E09DE49;1040834121;0,134637; Value-14;0x42913FFE;1116815358;72,62498; Value-15;0x42B4DE40;1119149632;90,43408; Value-16;0x433FA17D;1128243581;191,6308; Value-17;0x4305DE5F;1124458079;133,8686; Value-18;0x42CF6BE8;1120889832;103,7108; Value-19;0x42B10282;1118896770;88,5049; Value-1A;0x42A76716;1118267158;83,70134; Value-1B;0x42B5789F;1119189151;90,73559; Value-1C;0x3F800000;1065353216;1; Value-1D;0x00000000;0;0; Value-1E;0x4390F6F7;1133573879;289,9294; Value-1F;0x43C6FE45;1137114693;397,9865; Value-20;0x43D31C50;1137908816;422,2212; Value-21;0x43FD7CDC;1140686044;506,9755; Value-22;0x43C7561F;1137137183;398,6728; Value-23;0x4388E015;1133043733;273,7506; Value-24;0x43BF1852;1136597074;382,19; Value-25;0x43DD0ACB;1138559691;442,0843; Value-26;0x438E1B15;1133386517;284,2116;
2023-10-31_17:06:40.01; Value-01;0x4247B4BE;1111995582;49,92651; Value-02;0x423586C7;1110804167;45,38162; Value-03;0x42B6748A;1119253642;91,22762; Value-04;0x433F6DE9;1128230377;191,4293; Value-05;0x43051239;1124405817;133,0712; Value-06;0x42CD5F84;1120755588;102,6866; Value-07;0x42B03666;1118844518;88,10625; Value-08;0x42A5C648;1118160456;82,88727; Value-09;0x42B3DBD5;1119083477;89,92936; Value-0A;0x4393E4B1;1133765809;295,7867; Value-0B;0x43BE1646;1136531014;380,174; Value-0C;0x43D1AA79;1137814137;419,3318; Value-0D;0x43FBA9CA;1140566474;503,3265; Value-0E;0x43C4B30C;1136964364;393,3988; Value-0F;0x4385BC85;1132838021;267,4728; Value-10;0x43BD2EC8;1136471752;378,3655; Value-11;0x43E23706;1138898694;452,4299; Value-12;0x43B6103B;1136005179;364,1268; Value-13;0x3E09DE49;1040834121;0,134637; Value-14;0x42913FFE;1116815358;72,62498; Value-15;0x42B4DE40;1119149632;90,43408; Value-16;0x433FA17D;1128243581;191,6308; Value-17;0x4305DE5F;1124458079;133,8686; Value-18;0x42CF6BE8;1120889832;103,7108; Value-19;0x42B10282;1118896770;88,5049; Value-1A;0x42A76716;1118267158;83,70134; Value-1B;0x42B5789F;1119189151;90,73559; Value-1C;0x3F800000;1065353216;1; Value-1D;0x00000000;0;0; Value-1E;0x4390F6F7;1133573879;289,9294; Value-1F;0x43C6FE45;1137114693;397,9865; Value-20;0x43D31C50;1137908816;422,2212; Value-21;0x43FD7CDC;1140686044;506,9755; Value-22;0x43C7561F;1137137183;398,6728; Value-23;0x4388E015;1133043733;273,7506; Value-24;0x43BF1852;1136597074;382,19; Value-25;0x43DD0ACB;1138559691;442,0843; Value-26;0x438E1B15;1133386517;284,2116;
2023-10-31_17:06:40.13; Value-01;0x423574AC;1110799532;45,36394; Value-02;0x42171CE8;1108810984;37,77823; Value-03;0x42B69A78;1119263352;91,3017; Value-04;0x433F7D24;1128234276;191,4888; Value-05;0x43052FDA;1124413402;133,1869; Value-06;0x42CD82F4;1120764660;102,7558; Value-07;0x42AFE749;1118824265;87,95173; Value-08;0x42A3DFF4;1118035956;81,93741; Value-09;0x42B28173;1118994803;89,25283; Value-0A;0x43941294;1133777556;296,1451; Value-0B;0x43BE6F36;1136553782;380,8688; Value-0C;0x43D19007;1137807367;419,1252; Value-0D;0x43FBA01C;1140563996;503,2509; Value-0E;0x43C457A1;1136940961;392,6846; Value-0F;0x43860105;1132855557;268,008; Value-10;0x43BD169C;1136465564;378,1766; Value-11;0x43DFA7DB;1138730971;447,3114; Value-12;0x43926EF7;1133670135;292,8669; Value-13;0x410EE979;1091496313;8,932; Value-14;0x42964395;1117143957;75,132; Value-15;0x42B4E7A8;1119152040;90,45245; Value-16;0x433F7D06;1128234246;191,4884; Value-17;0x4305CD9B;1124453787;133,8031; Value-18;0x42CF2019;1120870425;103,5627; Value-19;0x42B2632A;1118987050;89,19368; Value-1A;0x42A78241;1118274113;83,7544; Value-1B;0x42B53535;1119171893;90,60392; Value-1C;0x3F800000;1065353216;1; Value-1D;0x00000000;0;0; Value-1E;0x4390BD9F;1133559199;289,4814; Value-1F;0x43C6DEED;1137106669;397,7416; Value-20;0x43D37180;1137930624;422,8867; Value-21;0x43FD85C9;1140688329;507,0452; Value-22;0x43C7320D;1137127949;398,391; Value-23;0x4387B803;1132967939;271,4376; Value-24;0x43BE09D1;1136527825;380,0767; Value-25;0x43E4D647;1139070535;457,674; Value-26;0x43CA6040;1137336384;404,752;
2023-10-31_17:06:40.13; Value-01;0x423574AC;1110799532;45,36394; Value-02;0x42171CE8;1108810984;37,77823; Value-03;0x42B69A78;1119263352;91,3017; Value-04;0x433F7D24;1128234276;191,4888; Value-05;0x43052FDA;1124413402;133,1869; Value-06;0x42CD82F4;1120764660;102,7558; Value-07;0x42AFE749;1118824265;87,95173; Value-08;0x42A3DFF4;1118035956;81,93741; Value-09;0x42B28173;1118994803;89,25283; Value-0A;0x43941294;1133777556;296,1451; Value-0B;0x43BE6F36;1136553782;380,8688; Value-0C;0x43D19007;1137807367;419,1252; Value-0D;0x43FBA01C;1140563996;503,2509; Value-0E;0x43C457A1;1136940961;392,6846; Value-0F;0x43860105;1132855557;268,008; Value-10;0x43BD169C;1136465564;378,1766; Value-11;0x43DFA7DB;1138730971;447,3114; Value-12;0x43926EF7;1133670135;292,8669; Value-13;0x410EE979;1091496313;8,932; Value-14;0x42964395;1117143957;75,132; Value-15;0x42B4E7A8;1119152040;90,45245; Value-16;0x433F7D06;1128234246;191,4884; Value-17;0x4305CD9B;1124453787;133,8031; Value-18;0x42CF2019;1120870425;103,5627; Value-19;0x42B2632A;1118987050;89,19368; Value-1A;0x42A78241;1118274113;83,7544; Value-1B;0x42B53535;1119171893;90,60392; Value-1C;0x3F800000;1065353216;1; Value-1D;0x00000000;0;0; Value-1E;0x4390BD9F;1133559199;289,4814; Value-1F;0x43C6DEED;1137106669;397,7416; Value-20;0x43D37180;1137930624;422,8867; Value-21;0x43FD85C9;1140688329;507,0452; Value-22;0x43C7320D;1137127949;398,391; Value-23;0x4387B803;1132967939;271,4376; Value-24;0x43BE09D1;1136527825;380,0767; Value-25;0x43E4D647;1139070535;457,674; Value-26;0x43CA6040;1137336384;404,752;
2023-10-31_17:06:40.25; Value-01;0x4236131E;1110840094;45,51867; Value-02;0x423F127F;1111429759;47,76806; Value-03;0x42B633FA;1119237114;91,10152; Value-04;0x433F6E1C;1128230428;191,4301; Value-05;0x43050632;1124402738;133,0242; Value-06;0x42CDD18E;1120784782;102,9093; Value-07;0x42AFE9D0;1118824912;87,95667; Value-08;0x42A6BA8F;1118222991;83,36437; Value-09;0x42B388C8;1119062216;89,76715; Value-0A;0x43946949;1133799753;296,8225; Value-0B;0x43BE8B5C;1136560988;381,0887; Value-0C;0x43D1C72B;1137821483;419,556; Value-0D;0x43FB7E65;1140555365;502,9875; Value-0E;0x43C4B9BA;1136966074;393,451; Value-0F;0x43852A10;1132800528;266,3286; Value-10;0x43BC0ACA;1136397002;376,0843; Value-11;0x43D97DBA;1138326970;434,9822; Value-12;0x43B1384D;1135687757;354,4398; Value-13;0x3F9DAEF0;1067298544;1,231901; Value-14;0x4272BF8F;1114816399;60,68707; Value-15;0x42B4DF86;1119149958;90,43657; Value-16;0x433F7EFF;1128234751;191,4961; Value-17;0x4305D1C0;1124454848;133,8193; Value-18;0x42CEF638;1120859704;103,4809; Value-19;0x42B2C364;1119011684;89,38162; Value-1A;0x42A690E0;1118212320;83,28296; Value-1B;0x42B5B089;1119203465;90,8448; Value-1C;0x3F800000;1065353216;1; Value-1D;0x00000000;0;0; Value-1E;0x4391FE9D;1133641373;291,9892; Value-1F;0x43C6AE75;1137094261;397,3629; Value-20;0x43D36AE8;1137928936;422,8352; Value-21;0x43FD72BE;1140683454;506,8964; Value-22;0x43C6F4B9;1137112249;397,9119; Value-23;0x4387CF88;1132973960;271,6213; Value-24;0x43C0DDC4;1136713156;385,7325; Value-25;0x43DB0583;1138427267;438,0431; Value-26;0x43C0F6FA;1136719610;385,9295;
2023-10-31_17:06:40.25; Value-01;0x4236131E;1110840094;45,51867; Value-02;0x423F127F;1111429759;47,76806; Value-03;0x42B633FA;1119237114;91,10152; Value-04;0x433F6E1C;1128230428;191,4301; Value-05;0x43050632;1124402738;133,0242; Value-06;0x42CDD18E;1120784782;102,9093; Value-07;0x42AFE9D0;1118824912;87,95667; Value-08;0x42A6BA8F;1118222991;83,36437; Value-09;0x42B388C8;1119062216;89,76715; Value-0A;0x43946949;1133799753;296,8225; Value-0B;0x43BE8B5C;1136560988;381,0887; Value-0C;0x43D1C72B;1137821483;419,556; Value-0D;0x43FB7E65;1140555365;502,9875; Value-0E;0x43C4B9BA;1136966074;393,451; Value-0F;0x43852A10;1132800528;266,3286; Value-10;0x43BC0ACA;1136397002;376,0843; Value-11;0x43D97DBA;1138326970;434,9822; Value-12;0x43B1384D;1135687757;354,4398; Value-13;0x3F9DAEF0;1067298544;1,231901; Value-14;0x4272BF8F;1114816399;60,68707; Value-15;0x42B4DF86;1119149958;90,43657; Value-16;0x433F7EFF;1128234751;191,4961; Value-17;0x4305D1C0;1124454848;133,8193; Value-18;0x42CEF638;1120859704;103,4809; Value-19;0x42B2C364;1119011684;89,38162; Value-1A;0x42A690E0;1118212320;83,28296; Value-1B;0x42B5B089;1119203465;90,8448; Value-1C;0x3F800000;1065353216;1; Value-1D;0x00000000;0;0; Value-1E;0x4391FE9D;1133641373;291,9892; Value-1F;0x43C6AE75;1137094261;397,3629; Value-20;0x43D36AE8;1137928936;422,8352; Value-21;0x43FD72BE;1140683454;506,8964; Value-22;0x43C6F4B9;1137112249;397,9119; Value-23;0x4387CF88;1132973960;271,6213; Value-24;0x43C0DDC4;1136713156;385,7325; Value-25;0x43DB0583;1138427267;438,0431; Value-26;0x43C0F6FA;1136719610;385,9295;
2023-10-31_17:06:40.36; Value-01;0x4236131E;1110840094;45,51867; Value-02;0x42447683;1111783043;49,11573; Value-03;0x42B61825;1119229989;91,04716; Value-04;0x433F5310;1128223504;191,3245; Value-05;0x4305175C;1124407132;133,0912; Value-06;0x42CD8C94;1120767124;102,7746; Value-07;0x42AF8DE3;1118801379;87,77712; Value-08;0x42A5AF1D;1118154525;82,84202; Value-09;0x42B893A9;1119392681;92,2884; Value-0A;0x43946949;1133799753;296,8225; Value-0B;0x43BE8B5C;1136560988;381,0887; Value-0C;0x43D1702E;1137799214;418,8764; Value-0D;0x43FB768B;1140553355;502,9261; Value-0E;0x43C47AD9;1136949977;392,9597; Value-0F;0x438498AF;1132763311;265,1928; Value-10;0x43BADA69;1136319081;373,7063; Value-11;0x43D653D7;1138119639;428,655; Value-12;0x43C00278;1136657016;384,0193; Value-13;0x3F9DAEF0;1067298544;1,231901; Value-14;0x4272BF8F;1114816399;60,68707; Value-15;0x42B4DF86;1119149958;90,43657; Value-16;0x433FBA6C;1128249964;191,7282; Value-17;0x4305E48F;1124459663;133,8928; Value-18;0x42CF76E2;1120892642;103,7322; Value-19;0x42B1439D;1118913437;88,63206; Value-1A;0x42A78468;1118274664;83,75861; Value-1B;0x42B6E5F2;1119282674;91,44911; Value-1C;0x3F800000;1065353216;1; Value-1D;0x00000000;0;0; Value-1E;0x4391FE9D;1133641373;291,9892; Value-1F;0x43C6AE75;1137094261;397,3629; Value-20;0x43D36AE8;1137928936;422,8352; Value-21;0x43FD72BE;1140683454;506,8964; Value-22;0x43C70FFD;1137119229;398,1249; Value-23;0x438798D5;1132959957;271,194; Value-24;0x43BE6C43;1136553027;380,8458; Value-25;0x43E17CD1;1138851025;450,9751; Value-26;0x438ADDD6;1133174230;277,7331;
2023-10-31_17:06:40.36; Value-01;0x4236131E;1110840094;45,51867; Value-02;0x42447683;1111783043;49,11573; Value-03;0x42B61825;1119229989;91,04716; Value-04;0x433F5310;1128223504;191,3245; Value-05;0x4305175C;1124407132;133,0912; Value-06;0x42CD8C94;1120767124;102,7746; Value-07;0x42AF8DE3;1118801379;87,77712; Value-08;0x42A5AF1D;1118154525;82,84202; Value-09;0x42B893A9;1119392681;92,2884; Value-0A;0x43946949;1133799753;296,8225; Value-0B;0x43BE8B5C;1136560988;381,0887; Value-0C;0x43D1702E;1137799214;418,8764; Value-0D;0x43FB768B;1140553355;502,9261; Value-0E;0x43C47AD9;1136949977;392,9597; Value-0F;0x438498AF;1132763311;265,1928; Value-10;0x43BADA69;1136319081;373,7063; Value-11;0x43D653D7;1138119639;428,655; Value-12;0x43C00278;1136657016;384,0193; Value-13;0x3F9DAEF0;1067298544;1,231901; Value-14;0x4272BF8F;1114816399;60,68707; Value-15;0x42B4DF86;1119149958;90,43657; Value-16;0x433FBA6C;1128249964;191,7282; Value-17;0x4305E48F;1124459663;133,8928; Value-18;0x42CF76E2;1120892642;103,7322; Value-19;0x42B1439D;1118913437;88,63206; Value-1A;0x42A78468;1118274664;83,75861; Value-1B;0x42B6E5F2;1119282674;91,44911; Value-1C;0x3F800000;1065353216;1; Value-1D;0x00000000;0;0; Value-1E;0x4391FE9D;1133641373;291,9892; Value-1F;0x43C6AE75;1137094261;397,3629; Value-20;0x43D36AE8;1137928936;422,8352; Value-21;0x43FD72BE;1140683454;506,8964; Value-22;0x43C70FFD;1137119229;398,1249; Value-23;0x438798D5;1132959957;271,194; Value-24;0x43BE6C43;1136553027;380,8458; Value-25;0x43E17CD1;1138851025;450,9751; Value-26;0x438ADDD6;1133174230;277,7331;
2023-10-31_17:06:40.46; Value-01;0x423AEC8E;1111157902;46,73101; Value-02;0x424A371D;1112160029;50,55382; Value-03;0x42B62279;1119232633;91,06733; Value-04;0x433FA75F;1128245087;191,6538; Value-05;0x4304E57B;1124394363;132,8964; Value-06;0x42CDD504;1120785668;102,916; Value-07;0x42AF5DF6;1118789110;87,68352; Value-08;0x42A43088;1118056584;82,09479; Value-09;0x42B7DCAC;1119345836;91,931; Value-0A;0x439446F9;1133790969;296,5545; Value-0B;0x43BEB2BA;1136571066;381,3963; Value-0C;0x43D1896B;1137805675;419,0736; Value-0D;0x43FB9802;1140561922;503,1876; Value-0E;0x43C49624;1136956964;393,173; Value-0F;0x43859650;1132828240;267,1743; Value-10;0x43BC60FB;1136419067;376,7577; Value-11;0x43DE62F4;1138647796;444,7731; Value-12;0x43C2E12E;1136845102;389,7592; Value-13;0x4003533D;1073959741;2,051955; Value-14;0x42838365;1115915109;65,75663; Value-15;0x42B4D6EB;1119147755;90,41976; Value-16;0x433FA051;1128243281;191,6262; Value-17;0x4305BEBC;1124449980;133,7451; Value-18;0x42CF2079;1120870521;103,5634; Value-19;0x42B1B410;1118942224;88,85168; Value-1A;0x42A6E8B2;1118234802;83,45448; Value-1B;0x42B6DDC8;1119280584;91,43317; Value-1C;0x3F800000;1065353216;1; Value-1D;0x00000000;0;0; Value-1E;0x439055CC;1133532620;288,6703; Value-1F;0x43C69EE6;1137090278;397,2414; Value-20;0x43D35246;1137922630;422,6428; Value-21;0x43FD6E14;1140682260;506,86; Value-22;0x43C7414E;1137131854;398,5102; Value-23;0x4387BD13;1132969235;271,4771; Value-24;0x43C288C9;1136822473;389,0686; Value-25;0x43DEBA5F;1138670175;445,456; Value-26;0x43CB4849;1137395785;406,5647;
2023-10-31_17:06:40.46; Value-01;0x423AEC8E;1111157902;46,73101; Value-02;0x424A371D;1112160029;50,55382; Value-03;0x42B62279;1119232633;91,06733; Value-04;0x433FA75F;1128245087;191,6538; Value-05;0x4304E57B;1124394363;132,8964; Value-06;0x42CDD504;1120785668;102,916; Value-07;0x42AF5DF6;1118789110;87,68352; Value-08;0x42A43088;1118056584;82,09479; Value-09;0x42B7DCAC;1119345836;91,931; Value-0A;0x439446F9;1133790969;296,5545; Value-0B;0x43BEB2BA;1136571066;381,3963; Value-0C;0x43D1896B;1137805675;419,0736; Value-0D;0x43FB9802;1140561922;503,1876; Value-0E;0x43C49624;1136956964;393,173; Value-0F;0x43859650;1132828240;267,1743; Value-10;0x43BC60FB;1136419067;376,7577; Value-11;0x43DE62F4;1138647796;444,7731; Value-12;0x43C2E12E;1136845102;389,7592; Value-13;0x4003533D;1073959741;2,051955; Value-14;0x42838365;1115915109;65,75663; Value-15;0x42B4D6EB;1119147755;90,41976; Value-16;0x433FA051;1128243281;191,6262; Value-17;0x4305BEBC;1124449980;133,7451; Value-18;0x42CF2079;1120870521;103,5634; Value-19;0x42B1B410;1118942224;88,85168; Value-1A;0x42A6E8B2;1118234802;83,45448; Value-1B;0x42B6DDC8;1119280584;91,43317; Value-1C;0x3F800000;1065353216;1; Value-1D;0x00000000;0;0; Value-1E;0x439055CC;1133532620;288,6703; Value-1F;0x43C69EE6;1137090278;397,2414; Value-20;0x43D35246;1137922630;422,6428; Value-21;0x43FD6E14;1140682260;506,86; Value-22;0x43C7414E;1137131854;398,5102; Value-23;0x4387BD13;1132969235;271,4771; Value-24;0x43C288C9;1136822473;389,0686; Value-25;0x43DEBA5F;1138670175;445,456; Value-26;0x43CB4849;1137395785;406,5647;
2023-10-31_17:06:40.57; Value-01;0x42582049;1113071689;54,03153; Value-02;0x42202332;1109402418;40,03437; Value-03;0x42B61166;1119228262;91,03398; Value-04;0x433F67AF;1128228783;191,405; Value-05;0x4305100E;1124405262;133,0627; Value-06;0x42CD55C3;1120753091;102,6675; Value-07;0x42AF4943;1118783811;87,64309; Value-08;0x42A58C14;1118145556;82,77359; Value-09;0x42B76032;1119313970;91,68788; Value-0A;0x43940960;1133775200;296,0732; Value-0B;0x43BE68C7;1136552135;380,8186; Value-0C;0x43D1854A;1137804618;419,0413; Value-0D;0x43FB61C0;1140548032;502,7637; Value-0E;0x43C49085;1136955525;393,1291; Value-0F;0x43854BA0;1132809120;266,5908; Value-10;0x43BC6AE0;1136421600;376,835; Value-11;0x43D8E22E;1138287150;433,767; Value-12;0x43B64B10;1136020240;364,5864; Value-13;0x4098FADD;1083767517;4,780623; Value-14;0x4258EAFA;1113123578;54,22947; Value-15;0x42B5249C;1119167644;90,5715; Value-16;0x433FBD77;1128250743;191,7401; Value-17;0x4305EFAE;1124462510;133,9362; Value-18;0x42CFCBB3;1120914355;103,8979; Value-19;0x42B2255E;1118971230;89,07298; Value-1A;0x42A932C5;1118384837;84,59916; Value-1B;0x42B4650A;1119118602;90,19734; Value-1C;0x3F800000;1065353216;1; Value-1D;0x00000000;0;0; Value-1E;0x4390C592;1133561234;289,5435; Value-1F;0x43C670AB;1137078443;396,8802; Value-20;0x43D35029;1137922089;422,6263; Value-21;0x43FD5C4A;1140677706;506,721; Value-22;0x43C743D1;1137132497;398,5298; Value-23;0x43878C0F;1132956687;271,0942; Value-24;0x43C1AA1D;1136765469;387,329; Value-25;0x43D5882E;1138067502;427,0639; Value-26;0x43AD58B0;1135433904;346,6929;
2023-10-31_17:06:40.57; Value-01;0x42582049;1113071689;54,03153; Value-02;0x42202332;1109402418;40,03437; Value-03;0x42B61166;1119228262;91,03398; Value-04;0x433F67AF;1128228783;191,405; Value-05;0x4305100E;1124405262;133,0627; Value-06;0x42CD55C3;1120753091;102,6675; Value-07;0x42AF4943;1118783811;87,64309; Value-08;0x42A58C14;1118145556;82,77359; Value-09;0x42B76032;1119313970;91,68788; Value-0A;0x43940960;1133775200;296,0732; Value-0B;0x43BE68C7;1136552135;380,8186; Value-0C;0x43D1854A;1137804618;419,0413; Value-0D;0x43FB61C0;1140548032;502,7637; Value-0E;0x43C49085;1136955525;393,1291; Value-0F;0x43854BA0;1132809120;266,5908; Value-10;0x43BC6AE0;1136421600;376,835; Value-11;0x43D8E22E;1138287150;433,767; Value-12;0x43B64B10;1136020240;364,5864; Value-13;0x4098FADD;1083767517;4,780623; Value-14;0x4258EAFA;1113123578;54,22947; Value-15;0x42B5249C;1119167644;90,5715; Value-16;0x433FBD77;1128250743;191,7401; Value-17;0x4305EFAE;1124462510;133,9362; Value-18;0x42CFCBB3;1120914355;103,8979; Value-19;0x42B2255E;1118971230;89,07298; Value-1A;0x42A932C5;1118384837;84,59916; Value-1B;0x42B4650A;1119118602;90,19734; Value-1C;0x3F800000;1065353216;1; Value-1D;0x00000000;0;0; Value-1E;0x4390C592;1133561234;289,5435; Value-1F;0x43C670AB;1137078443;396,8802; Value-20;0x43D35029;1137922089;422,6263; Value-21;0x43FD5C4A;1140677706;506,721; Value-22;0x43C743D1;1137132497;398,5298; Value-23;0x43878C0F;1132956687;271,0942; Value-24;0x43C1AA1D;1136765469;387,329; Value-25;0x43D5882E;1138067502;427,0639; Value-26;0x43AD58B0;1135433904;346,6929;
2023-10-31_17:06:40.66; Value-01;0x4247A635;1111991861;49,91231; Value-02;0x424AE5E3;1112204771;50,7245; Value-03;0x42B61B20;1119230752;91,05298; Value-04;0x433F5A1F;1128225311;191,352; Value-05;0x4304E2ED;1124393709;132,8864; Value-06;0x42CD55C3;1120753091;102,6675; Value-07;0x42AF4943;1118783811;87,64309; Value-08;0x42A58C14;1118145556;82,77359; Value-09;0x42B76032;1119313970;91,68788; Value-0A;0x4393C819;1133758489;295,5633; Value-0B;0x43BE218A;1136533898;380,262; Value-0C;0x43D162A4;1137795748;418,7706; Value-0D;0x43FB97ED;1140561901;503,1869; Value-0E;0x43C4DFF9;1136975865;393,7498; Value-0F;0x43854BA0;1132809120;266,5908; Value-10;0x43BC6AE0;1136421600;376,835; Value-11;0x43D8E22E;1138287150;433,767; Value-12;0x43B64B10;1136020240;364,5864; Value-13;0x411A74BF;1092252863;9,653502; Value-14;0x428329FD;1115892221;65,58201; Value-15;0x42B4E51E;1119151390;90,44749; Value-16;0x433FBF8E;1128251278;191,7483; Value-17;0x4305DDCE;1124457934;133,8664; Value-18;0x42CFCBB3;1120914355;103,8979; Value-19;0x42B2255E;1118971230;89,07298; Value-1A;0x42A932C5;1118384837;84,59916; Value-1B;0x42B4650A;1119118602;90,19734; Value-1C;0x3F800000;1065353216;1; Value-1D;0x00000000;0;0; Value-1E;0x4390EB70;1133570928;289,8394; Value-1F;0x43C6D229;1137103401;397,6419; Value-20;0x43D335D1;1137915345;422,4204; Value-21;0x43FD6C3A;1140681786;506,8455; Value-22;0x43C7371C;1137129244;398,4305; Value-23;0x43878C0F;1132956687;271,0942; Value-24;0x43C1AA1D;1136765469;387,329; Value-25;0x43D5882E;1138067502;427,0639; Value-26;0x43AD58B0;1135433904;346,6929;
2023-10-31_17:06:40.66; Value-01;0x4247A635;1111991861;49,91231; Value-02;0x424AE5E3;1112204771;50,7245; Value-03;0x42B61B20;1119230752;91,05298; Value-04;0x433F5A1F;1128225311;191,352; Value-05;0x4304E2ED;1124393709;132,8864; Value-06;0x42CD55C3;1120753091;102,6675; Value-07;0x42AF4943;1118783811;87,64309; Value-08;0x42A58C14;1118145556;82,77359; Value-09;0x42B76032;1119313970;91,68788; Value-0A;0x4393C819;1133758489;295,5633; Value-0B;0x43BE218A;1136533898;380,262; Value-0C;0x43D162A4;1137795748;418,7706; Value-0D;0x43FB97ED;1140561901;503,1869; Value-0E;0x43C4DFF9;1136975865;393,7498; Value-0F;0x43854BA0;1132809120;266,5908; Value-10;0x43BC6AE0;1136421600;376,835; Value-11;0x43D8E22E;1138287150;433,767; Value-12;0x43B64B10;1136020240;364,5864; Value-13;0x411A74BF;1092252863;9,653502; Value-14;0x428329FD;1115892221;65,58201; Value-15;0x42B4E51E;1119151390;90,44749; Value-16;0x433FBF8E;1128251278;191,7483; Value-17;0x4305DDCE;1124457934;133,8664; Value-18;0x42CFCBB3;1120914355;103,8979; Value-19;0x42B2255E;1118971230;89,07298; Value-1A;0x42A932C5;1118384837;84,59916; Value-1B;0x42B4650A;1119118602;90,19734; Value-1C;0x3F800000;1065353216;1; Value-1D;0x00000000;0;0; Value-1E;0x4390EB70;1133570928;289,8394; Value-1F;0x43C6D229;1137103401;397,6419; Value-20;0x43D335D1;1137915345;422,4204; Value-21;0x43FD6C3A;1140681786;506,8455; Value-22;0x43C7371C;1137129244;398,4305; Value-23;0x43878C0F;1132956687;271,0942; Value-24;0x43C1AA1D;1136765469;387,329; Value-25;0x43D5882E;1138067502;427,0639; Value-26;0x43AD58B0;1135433904;346,6929;
2023-10-31_17:06:40.77; Value-01;0x4247A635;1111991861;49,91231; Value-02;0x424AE5E3;1112204771;50,7245; Value-03;0x42B61B20;1119230752;91,05298; Value-04;0x433F5A1F;1128225311;191,352; Value-05;0x4304E2ED;1124393709;132,8864; Value-06;0x42CD41D8;1120747992;102,6286; Value-07;0x42AF3586;1118778758;87,60454; Value-08;0x42A53C90;1118125200;82,61829; Value-09;0x42B4F16B;1119154539;90,47152; Value-0A;0x4393C819;1133758489;295,5633; Value-0B;0x43BE218A;1136533898;380,262; Value-0C;0x43D162A4;1137795748;418,7706; Value-0D;0x43FB97ED;1140561901;503,1869; Value-0E;0x43C4DFF9;1136975865;393,7498; Value-0F;0x43852A81;1132800641;266,3321; Value-10;0x43BEA743;1136568131;381,3067; Value-11;0x43DE72AA;1138651818;444,8958; Value-12;0x43AEDCC6;1135533254;349,7248; Value-13;0x411A74BF;1092252863;9,653502; Value-14;0x428329FD;1115892221;65,58201; Value-15;0x42B4E51E;1119151390;90,44749; Value-16;0x433FBF8E;1128251278;191,7483; Value-17;0x4305DDCE;1124457934;133,8664; Value-18;0x42CEEAFF;1120856831;103,459; Value-19;0x42B0D19C;1118884252;88,40939; Value-1A;0x42A724B3;1118250163;83,57168; Value-1B;0x42B66EBB;1119252155;91,21627; Value-1C;0x3F800000;1065353216;1; Value-1D;0x00000000;0;0; Value-1E;0x4390EB70;1133570928;289,8394; Value-1F;0x43C6D229;1137103401;397,6419; Value-20;0x43D335D1;1137915345;422,4204; Value-21;0x43FD6C3A;1140681786;506,8455; Value-22;0x43C7371C;1137129244;398,4305; Value-23;0x43885572;1133008242;272,6675; Value-24;0x43C1AB04;1136765700;387,3361; Value-25;0x43DC539D;1138512797;440,6532; Value-26;0x43AF59DA;1135565274;350,702;
2023-10-31_17:06:40.77; Value-01;0x4247A635;1111991861;49,91231; Value-02;0x424AE5E3;1112204771;50,7245; Value-03;0x42B61B20;1119230752;91,05298; Value-04;0x433F5A1F;1128225311;191,352; Value-05;0x4304E2ED;1124393709;132,8864; Value-06;0x42CD41D8;1120747992;102,6286; Value-07;0x42AF3586;1118778758;87,60454; Value-08;0x42A53C90;1118125200;82,61829; Value-09;0x42B4F16B;1119154539;90,47152; Value-0A;0x4393C819;1133758489;295,5633; Value-0B;0x43BE218A;1136533898;380,262; Value-0C;0x43D162A4;1137795748;418,7706; Value-0D;0x43FB97ED;1140561901;503,1869; Value-0E;0x43C4DFF9;1136975865;393,7498; Value-0F;0x43852A81;1132800641;266,3321; Value-10;0x43BEA743;1136568131;381,3067; Value-11;0x43DE72AA;1138651818;444,8958; Value-12;0x43AEDCC6;1135533254;349,7248; Value-13;0x411A74BF;1092252863;9,653502; Value-14;0x428329FD;1115892221;65,58201; Value-15;0x42B4E51E;1119151390;90,44749; Value-16;0x433FBF8E;1128251278;191,7483; Value-17;0x4305DDCE;1124457934;133,8664; Value-18;0x42CEEAFF;1120856831;103,459; Value-19;0x42B0D19C;1118884252;88,40939; Value-1A;0x42A724B3;1118250163;83,57168; Value-1B;0x42B66EBB;1119252155;91,21627; Value-1C;0x3F800000;1065353216;1; Value-1D;0x00000000;0;0; Value-1E;0x4390EB70;1133570928;289,8394; Value-1F;0x43C6D229;1137103401;397,6419; Value-20;0x43D335D1;1137915345;422,4204; Value-21;0x43FD6C3A;1140681786;506,8455; Value-22;0x43C7371C;1137129244;398,4305; Value-23;0x43885572;1133008242;272,6675; Value-24;0x43C1AB04;1136765700;387,3361; Value-25;0x43DC539D;1138512797;440,6532; Value-26;0x43AF59DA;1135565274;350,702;
2023-10-31_17:06:40.88; Value-01;0x4253D9DA;1112791514;52,96275; Value-02;0x42400F0D;1111494413;48,0147; Value-03;0x42B5EB17;1119218455;90,95916; Value-04;0x433F84E8;1128236264;191,5192; Value-05;0x4304E7C5;1124394949;132,9053; Value-06;0x42CDD220;1120784928;102,9104; Value-07;0x42AFF145;1118826821;87,97123; Value-08;0x42A543EF;1118127087;82,63268; Value-09;0x42B471B5;1119121845;90,22208; Value-0A;0x439459B5;1133795765;296,7008; Value-0B;0x43BE9911;1136564497;381,1958; Value-0C;0x43D162FD;1137795837;418,7733; Value-0D;0x43FB8C04;1140558852;503,0939; Value-0E;0x43C4EE71;1136979569;393,8628; Value-0F;0x43861048;1132859464;268,1272; Value-10;0x43BFFED6;1136656086;383,9909; Value-11;0x43DA151C;1138365724;436,1649; Value-12;0x43AA8D3D;1135250749;341,1034; Value-13;0x3F7B889A;1065060506;0,9825531; Value-14;0x4271F700;1114765056;60,49121; Value-15;0x42B4CFDC;1119145948;90,40598; Value-16;0x433FA763;1128245091;191,6539; Value-17;0x4305D1C2;1124454850;133,8194; Value-18;0x42CF183E;1120868414;103,5473; Value-19;0x42B1D84E;1118951502;88,92247; Value-1A;0x42A8FAE1;1118370529;84,49; Value-1B;0x42B8915F;1119392095;92,28393; Value-1C;0x3F800000;1065353216;1; Value-1D;0x00000000;0;0; Value-1E;0x4390D796;1133565846;289,6843; Value-1F;0x43C68A8B;1137085067;397,0824; Value-20;0x43D345BE;1137919422;422,5449; Value-21;0x43FD7A21;1140685345;506,9541; Value-22;0x43C730E5;1137127653;398,382; Value-23;0x4387E2E5;1132978917;271,7726; Value-24;0x43BF3C96;1136606358;382,4733; Value-25;0x43DD9D1E;1138597150;443,2275; Value-26;0x43BCC248;1136443976;377,5178;
2023-10-31_17:06:40.88; Value-01;0x4253D9DA;1112791514;52,96275; Value-02;0x42400F0D;1111494413;48,0147; Value-03;0x42B5EB17;1119218455;90,95916; Value-04;0x433F84E8;1128236264;191,5192; Value-05;0x4304E7C5;1124394949;132,9053; Value-06;0x42CDD220;1120784928;102,9104; Value-07;0x42AFF145;1118826821;87,97123; Value-08;0x42A543EF;1118127087;82,63268; Value-09;0x42B471B5;1119121845;90,22208; Value-0A;0x439459B5;1133795765;296,7008; Value-0B;0x43BE9911;1136564497;381,1958; Value-0C;0x43D162FD;1137795837;418,7733; Value-0D;0x43FB8C04;1140558852;503,0939; Value-0E;0x43C4EE71;1136979569;393,8628; Value-0F;0x43861048;1132859464;268,1272; Value-10;0x43BFFED6;1136656086;383,9909; Value-11;0x43DA151C;1138365724;436,1649; Value-12;0x43AA8D3D;1135250749;341,1034; Value-13;0x3F7B889A;1065060506;0,9825531; Value-14;0x4271F700;1114765056;60,49121; Value-15;0x42B4CFDC;1119145948;90,40598; Value-16;0x433FA763;1128245091;191,6539; Value-17;0x4305D1C2;1124454850;133,8194; Value-18;0x42CF183E;1120868414;103,5473; Value-19;0x42B1D84E;1118951502;88,92247; Value-1A;0x42A8FAE1;1118370529;84,49; Value-1B;0x42B8915F;1119392095;92,28393; Value-1C;0x3F800000;1065353216;1; Value-1D;0x00000000;0;0; Value-1E;0x4390D796;1133565846;289,6843; Value-1F;0x43C68A8B;1137085067;397,0824; Value-20;0x43D345BE;1137919422;422,5449; Value-21;0x43FD7A21;1140685345;506,9541; Value-22;0x43C730E5;1137127653;398,382; Value-23;0x4387E2E5;1132978917;271,7726; Value-24;0x43BF3C96;1136606358;382,4733; Value-25;0x43DD9D1E;1138597150;443,2275; Value-26;0x43BCC248;1136443976;377,5178;
2023-10-31_17:06:40.98; Value-01;0x423A8B54;1111133012;46,63606; Value-02;0x42312DB6;1110519222;44,29464; Value-03;0x42B5FA07;1119222279;90,98833; Value-04;0x433F9EB5;1128242869;191,6199; Value-05;0x43051D0B;1124408587;133,1134; Value-06;0x42CD9956;1120770390;102,7995; Value-07;0x42AFD9D6;1118820822;87,92546; Value-08;0x42A543EF;1118127087;82,63268; Value-09;0x42B471B5;1119121845;90,22208; Value-0A;0x43934767;1133725543;294,5578; Value-0B;0x43BE8399;1136559001;381,0281; Value-0C;0x43D1C31B;1137820443;419,5243; Value-0D;0x43FBB97D;1140570493;503,4491; Value-0E;0x43C46F2B;1136946987;392,8685; Value-0F;0x43853588;1132803464;266,4182; Value-10;0x43BDA9A2;1136503202;379,3253; Value-11;0x43DA151C;1138365724;436,1649; Value-12;0x43AA8D3D;1135250749;341,1034; Value-13;0x40639862;1080268898;3,556176; Value-14;0x426C1EFE;1114382078;59,03027; Value-15;0x42B4F6A9;1119155881;90,48176; Value-16;0x433FC2AE;1128252078;191,7605; Value-17;0x4305D735;1124456245;133,8407; Value-18;0x42CED3D8;1120850904;103,4138; Value-19;0x42B223A3;1118970787;89,0696; Value-1A;0x42A67C91;1118207121;83,24329; Value-1B;0x42B8915F;1119392095;92,28393; Value-1C;0x3F800000;1065353216;1; Value-1D;0x00000000;0;0; Value-1E;0x4390F603;1133573635;289,922; Value-1F;0x43C6A288;1137091208;397,2698; Value-20;0x43D38E19;1137937945;423,1101; Value-21;0x43FD54D2;1140675794;506,6627; Value-22;0x43C749C2;1137134018;398,5762; Value-23;0x43883EFC;1133002492;272,4921; Value-24;0x43C0E30F;1136714511;385,7739; Value-25;0x43DC6F1A;1138519834;440,868; Value-26;0x43BCC248;1136443976;377,5178;
2023-10-31_17:06:41.11; Value-01;0x423948E0;1111050464;46,32117; Value-02;0x42312DB6;1110519222;44,29464; Value-03;0x42B5FA07;1119222279;90,98833; Value-04;0x433F9EB5;1128242869;191,6199; Value-05;0x43051D0B;1124408587;133,1134; Value-06;0x42CD9956;1120770390;102,7995; Value-07;0x42AFD9D6;1118820822;87,92546; Value-08;0x42A4843A;1118078010;82,25826; Value-09;0x42B4848B;1119126667;90,25887; Value-0A;0x4393B504;1133753604;295,4142; Value-0B;0x43BE6DFB;1136553467;380,8592; Value-0C;0x43D1C31B;1137820443;419,5243; Value-0D;0x43FBB97D;1140570493;503,4491; Value-0E;0x43C46F2B;1136946987;392,8685; Value-0F;0x43853588;1132803464;266,4182; Value-10;0x43BDA9A2;1136503202;379,3253; Value-11;0x43CEB258;1137619544;413,3933; Value-12;0x43BA3217;1136275991;372,3913; Value-13;0x40BCB848;1086109768;5,897495; Value-14;0x424C03E9;1112277993;51,00382; Value-15;0x42B4DB70;1119148912;90,42859; Value-16;0x433FC2AE;1128252078;191,7605; Value-17;0x4305D735;1124456245;133,8407; Value-18;0x42CED3D8;1120850904;103,4138; Value-19;0x42B223A3;1118970787;89,0696; Value-1A;0x42A67C91;1118207121;83,24329; Value-1B;0x42B76724;1119315748;91,70145; Value-1C;0x3F800000;1065353216;1; Value-1D;0x00000000;0;0; Value-1E;0x4390862E;1133545006;289,0483; Value-1F;0x43C7029C;1137115804;398,0204; Value-20;0x43D358D3;1137924307;422,6939; Value-21;0x43FD54D2;1140675794;506,6627; Value-22;0x43C749C2;1137134018;398,5762; Value-23;0x43883EFC;1133002492;272,4921; Value-24;0x43C0E30F;1136714511;385,7739; Value-25;0x43DC6F1A;1138519834;440,868; Value-26;0x43948E60;1133809248;297,1123;
2023-10-31_17:06:41.11; Value-01;0x423948E0;1111050464;46,32117; Value-02;0x42312DB6;1110519222;44,29464; Value-03;0x42B5FA07;1119222279;90,98833; Value-04;0x433F9EB5;1128242869;191,6199; Value-05;0x43051D0B;1124408587;133,1134; Value-06;0x42CD9956;1120770390;102,7995; Value-07;0x42AFD9D6;1118820822;87,92546; Value-08;0x42A4843A;1118078010;82,25826; Value-09;0x42B4848B;1119126667;90,25887; Value-0A;0x4393B504;1133753604;295,4142; Value-0B;0x43BE6DFB;1136553467;380,8592; Value-0C;0x43D1C31B;1137820443;419,5243; Value-0D;0x43FBB97D;1140570493;503,4491; Value-0E;0x43C46F2B;1136946987;392,8685; Value-0F;0x43853588;1132803464;266,4182; Value-10;0x43BDA9A2;1136503202;379,3253; Value-11;0x43CEB258;1137619544;413,3933; Value-12;0x43BA3217;1136275991;372,3913; Value-13;0x40BCB848;1086109768;5,897495; Value-14;0x424C03E9;1112277993;51,00382; Value-15;0x42B4DB70;1119148912;90,42859; Value-16;0x433FC2AE;1128252078;191,7605; Value-17;0x4305D735;1124456245;133,8407; Value-18;0x42CED3D8;1120850904;103,4138; Value-19;0x42B223A3;1118970787;89,0696; Value-1A;0x42A67C91;1118207121;83,24329; Value-1B;0x42B76724;1119315748;91,70145; Value-1C;0x3F800000;1065353216;1; Value-1D;0x00000000;0;0; Value-1E;0x4390862E;1133545006;289,0483; Value-1F;0x43C7029C;1137115804;398,0204; Value-20;0x43D358D3;1137924307;422,6939; Value-21;0x43FD54D2;1140675794;506,6627; Value-22;0x43C749C2;1137134018;398,5762; Value-23;0x43883EFC;1133002492;272,4921; Value-24;0x43C0E30F;1136714511;385,7739; Value-25;0x43DC6F1A;1138519834;440,868; Value-26;0x43948E60;1133809248;297,1123;
2023-10-31_17:06:41.22; Value-01;0x423948E0;1111050464;46,32117; Value-02;0x42599F11;1113169681;54,40534; Value-03;0x42B5F629;1119221289;90,98078; Value-04;0x433F66FF;1128228607;191,4023; Value-05;0x43052325;1124410149;133,1373; Value-06;0x42CD7AF9;1120762617;102,7402; Value-07;0x42AF9F0A;1118805770;87,81062; Value-08;0x42A5AB43;1118153539;82,8345; Value-09;0x42B5C969;1119209833;90,89338; Value-0A;0x4393B504;1133753604;295,4142; Value-0B;0x43BE6DFB;1136553467;380,8592; Value-0C;0x43D1A3E2;1137812450;419,2803; Value-0D;0x43FB705E;1140551774;502,8779; Value-0E;0x43C49E59;1136959065;393,2371; Value-0F;0x438484D8;1132758232;265,0378; Value-10;0x43BB9744;1136367428;375,1818; Value-11;0x43E429F3;1139026419;456,3277; Value-12;0x43B364F4;1135830260;358,7887; Value-13;0x40BCB848;1086109768;5,897495; Value-14;0x424C03E9;1112277993;51,00382; Value-15;0x42B4DB70;1119148912;90,42859; Value-16;0x433FCBA2;1128254370;191,7954; Value-17;0x4305DB1E;1124457246;133,8559; Value-18;0x42CF2978;1120872824;103,581; Value-19;0x42B1B738;1118943032;88,85785; Value-1A;0x42A5893E;1118144830;82,76805; Value-1B;0x42B6EEDE;1119284958;91,46654; Value-1C;0x3F800000;1065353216;1; Value-1D;0x00000000;0;0; Value-1E;0x4390862E;1133545006;289,0483; Value-1F;0x43C7029C;1137115804;398,0204; Value-20;0x43D358D3;1137924307;422,6939; Value-21;0x43FD86D1;1140688593;507,0533; Value-22;0x43C7201D;1137123357;398,2509; Value-23;0x4387E785;1132980101;271,8087; Value-24;0x43C00AD1;1136659153;384,0845; Value-25;0x43DE41F0;1138639344;444,5151; Value-26;0x43CE720D;1137603085;412,891;
2023-10-31_17:06:41.22; Value-01;0x423948E0;1111050464;46,32117; Value-02;0x42599F11;1113169681;54,40534; Value-03;0x42B5F629;1119221289;90,98078; Value-04;0x433F66FF;1128228607;191,4023; Value-05;0x43052325;1124410149;133,1373; Value-06;0x42CD7AF9;1120762617;102,7402; Value-07;0x42AF9F0A;1118805770;87,81062; Value-08;0x42A5AB43;1118153539;82,8345; Value-09;0x42B5C969;1119209833;90,89338; Value-0A;0x4393B504;1133753604;295,4142; Value-0B;0x43BE6DFB;1136553467;380,8592; Value-0C;0x43D1A3E2;1137812450;419,2803; Value-0D;0x43FB705E;1140551774;502,8779; Value-0E;0x43C49E59;1136959065;393,2371; Value-0F;0x438484D8;1132758232;265,0378; Value-10;0x43BB9744;1136367428;375,1818; Value-11;0x43E429F3;1139026419;456,3277; Value-12;0x43B364F4;1135830260;358,7887; Value-13;0x40BCB848;1086109768;5,897495; Value-14;0x424C03E9;1112277993;51,00382; Value-15;0x42B4DB70;1119148912;90,42859; Value-16;0x433FCBA2;1128254370;191,7954; Value-17;0x4305DB1E;1124457246;133,8559; Value-18;0x42CF2978;1120872824;103,581; Value-19;0x42B1B738;1118943032;88,85785; Value-1A;0x42A5893E;1118144830;82,76805; Value-1B;0x42B6EEDE;1119284958;91,46654; Value-1C;0x3F800000;1065353216;1; Value-1D;0x00000000;0;0; Value-1E;0x4390862E;1133545006;289,0483; Value-1F;0x43C7029C;1137115804;398,0204; Value-20;0x43D358D3;1137924307;422,6939; Value-21;0x43FD86D1;1140688593;507,0533; Value-22;0x43C7201D;1137123357;398,2509; Value-23;0x4387E785;1132980101;271,8087; Value-24;0x43C00AD1;1136659153;384,0845; Value-25;0x43DE41F0;1138639344;444,5151; Value-26;0x43CE720D;1137603085;412,891;
2023-10-31_17:06:41.32; Value-01;0x423C8EB0;1111264944;47,13934; Value-02;0x4229F751;1110046545;42,49152; Value-03;0x42B60A22;1119226402;91,01979; Value-04;0x433F69CB;1128229323;191,4133; Value-05;0x43052BFB;1124412411;133,1718; Value-06;0x42CE066A;1120798314;103,0125; Value-07;0x42AF8B80;1118800768;87,77246; Value-08;0x42A7570C;1118263052;83,67001; Value-09;0x42B3A87A;1119070330;89,82906; Value-0A;0x43943DB6;1133788598;296,4821; Value-0B;0x43BE2E78;1136537208;380,363; Value-0C;0x43D1BC6E;1137818734;419,4721; Value-0D;0x43FB7FC2;1140555714;502,9981; Value-0E;0x43C499CA;1136957898;393,2015; Value-0F;0x4385C9F5;1132841461;267,5778; Value-10;0x43BFFE12;1136655890;383,9849; Value-11;0x43DA76C9;1138390729;436,928; Value-12;0x43C8781A;1137211418;400,9383; Value-13;0x40745F01;1081368321;3,818299; Value-14;0x4296A7AD;1117169581;75,32749; Value-15;0x42B4C55D;1119143261;90,38548; Value-16;0x433F7EAA;1128234666;191,4948; Value-17;0x4305D0E8;1124454632;133,816; Value-18;0x42CF08C1;1120864449;103,5171; Value-19;0x42B0E9C4;1118890436;88,45657; Value-1A;0x42A76B43;1118268227;83,7095; Value-1B;0x42B66287;1119249031;91,19244; Value-1C;0x3F800000;1065353216;1; Value-1D;0x00000000;0;0; Value-1E;0x4390DD76;1133567350;289,7302; Value-1F;0x43C6D686;1137104518;397,676; Value-20;0x43D34E03;1137921539;422,6095; Value-21;0x43FD5898;1140676760;506,6921; Value-22;0x43C74929;1137133865;398,5716; Value-23;0x4388B858;1133033560;273,4402; Value-24;0x43C2D560;1136842080;389,667; Value-25;0x43DF5FEF;1138712559;446,7495; Value-26;0x43CEB379;1137619833;413,4021;
2023-10-31_17:06:41.32; Value-01;0x423C8EB0;1111264944;47,13934; Value-02;0x4229F751;1110046545;42,49152; Value-03;0x42B60A22;1119226402;91,01979; Value-04;0x433F69CB;1128229323;191,4133; Value-05;0x43052BFB;1124412411;133,1718; Value-06;0x42CE066A;1120798314;103,0125; Value-07;0x42AF8B80;1118800768;87,77246; Value-08;0x42A7570C;1118263052;83,67001; Value-09;0x42B3A87A;1119070330;89,82906; Value-0A;0x43943DB6;1133788598;296,4821; Value-0B;0x43BE2E78;1136537208;380,363; Value-0C;0x43D1BC6E;1137818734;419,4721; Value-0D;0x43FB7FC2;1140555714;502,9981; Value-0E;0x43C499CA;1136957898;393,2015; Value-0F;0x4385C9F5;1132841461;267,5778; Value-10;0x43BFFE12;1136655890;383,9849; Value-11;0x43DA76C9;1138390729;436,928; Value-12;0x43C8781A;1137211418;400,9383; Value-13;0x40745F01;1081368321;3,818299; Value-14;0x4296A7AD;1117169581;75,32749; Value-15;0x42B4C55D;1119143261;90,38548; Value-16;0x433F7EAA;1128234666;191,4948; Value-17;0x4305D0E8;1124454632;133,816; Value-18;0x42CF08C1;1120864449;103,5171; Value-19;0x42B0E9C4;1118890436;88,45657; Value-1A;0x42A76B43;1118268227;83,7095; Value-1B;0x42B66287;1119249031;91,19244; Value-1C;0x3F800000;1065353216;1; Value-1D;0x00000000;0;0; Value-1E;0x4390DD76;1133567350;289,7302; Value-1F;0x43C6D686;1137104518;397,676; Value-20;0x43D34E03;1137921539;422,6095; Value-21;0x43FD5898;1140676760;506,6921; Value-22;0x43C74929;1137133865;398,5716; Value-23;0x4388B858;1133033560;273,4402; Value-24;0x43C2D560;1136842080;389,667; Value-25;0x43DF5FEF;1138712559;446,7495; Value-26;0x43CEB379;1137619833;413,4021;
2023-10-31_17:06:41.43; Value-01;0x4250DEEE;1112596206;52,2177; Value-02;0x423B2A33;1111173683;46,79121; Value-03;0x42B649E6;1119242726;91,14433; Value-04;0x433F6503;1128228099;191,3946; Value-05;0x4304FACC;1124399820;132,9797; Value-06;0x42CD7DEB;1120763371;102,7459; Value-07;0x42AF7C50;1118796880;87,7428; Value-08;0x42A43D35;1118059829;82,11954; Value-09;0x42B6DA85;1119279749;91,4268; Value-0A;0x43937B0E;1133738766;294,9614; Value-0B;0x43BE6501;1136551169;380,7891; Value-0C;0x43D17387;1137800071;418,9026; Value-0D;0x43FB80DB;1140555995;503,0067; Value-0E;0x43C4B461;1136964705;393,4092; Value-0F;0x43865F1C;1132879644;268,743; Value-10;0x43BE2B5E;1136536414;380,3388; Value-11;0x43D6FC16;1138162710;429,9694; Value-12;0x43B299E5;1135778277;357,2023; Value-13;0x4041AE86;1078046342;3,026277; Value-14;0x42613CEC;1113668844;56,30949; Value-15;0x42B52DD9;1119170009;90,58955; Value-16;0x433FC54D;1128252749;191,7707; Value-17;0x4305B4A2;1124447394;133,7056; Value-18;0x42CF5961;1120885089;103,6746; Value-19;0x42B18FA2;1118932898;88,78053; Value-1A;0x42A7602B;1118265387;83,68783; Value-1B;0x42B72CE4;1119300836;91,58768; Value-1C;0x3F800000;1065353216;1; Value-1D;0x00000000;0;0; Value-1E;0x43907785;1133541253;288,9337; Value-1F;0x43C64017;1137066007;396,5007; Value-20;0x43D34AD1;1137920721;422,5845; Value-21;0x43FD862E;1140688430;507,0483; Value-22;0x43C74B5F;1137134431;398,5888; Value-23;0x4387E338;1132979000;271,7751; Value-24;0x43BCC623;1136444963;377,5479; Value-25;0x43DF67C0;1138714560;446,8105; Value-26;0x43E34339;1138967353;454,5252;
2023-10-31_17:06:41.43; Value-01;0x4250DEEE;1112596206;52,2177; Value-02;0x423B2A33;1111173683;46,79121; Value-03;0x42B649E6;1119242726;91,14433; Value-04;0x433F6503;1128228099;191,3946; Value-05;0x4304FACC;1124399820;132,9797; Value-06;0x42CD7DEB;1120763371;102,7459; Value-07;0x42AF7C50;1118796880;87,7428; Value-08;0x42A43D35;1118059829;82,11954; Value-09;0x42B6DA85;1119279749;91,4268; Value-0A;0x43937B0E;1133738766;294,9614; Value-0B;0x43BE6501;1136551169;380,7891; Value-0C;0x43D17387;1137800071;418,9026; Value-0D;0x43FB80DB;1140555995;503,0067; Value-0E;0x43C4B461;1136964705;393,4092; Value-0F;0x43865F1C;1132879644;268,743; Value-10;0x43BE2B5E;1136536414;380,3388; Value-11;0x43D6FC16;1138162710;429,9694; Value-12;0x43B299E5;1135778277;357,2023; Value-13;0x4041AE86;1078046342;3,026277; Value-14;0x42613CEC;1113668844;56,30949; Value-15;0x42B52DD9;1119170009;90,58955; Value-16;0x433FC54D;1128252749;191,7707; Value-17;0x4305B4A2;1124447394;133,7056; Value-18;0x42CF5961;1120885089;103,6746; Value-19;0x42B18FA2;1118932898;88,78053; Value-1A;0x42A7602B;1118265387;83,68783; Value-1B;0x42B72CE4;1119300836;91,58768; Value-1C;0x3F800000;1065353216;1; Value-1D;0x00000000;0;0; Value-1E;0x43907785;1133541253;288,9337; Value-1F;0x43C64017;1137066007;396,5007; Value-20;0x43D34AD1;1137920721;422,5845; Value-21;0x43FD862E;1140688430;507,0483; Value-22;0x43C74B5F;1137134431;398,5888; Value-23;0x4387E338;1132979000;271,7751; Value-24;0x43BCC623;1136444963;377,5479; Value-25;0x43DF67C0;1138714560;446,8105; Value-26;0x43E34339;1138967353;454,5252;
2023-10-31_17:06:41.55; Value-01;0x423D83B4;1111327668;47,37862; Value-02;0x425E022B;1113457195;55,50212; Value-03;0x42B657EF;1119246319;91,17175; Value-04;0x433F55BB;1128224187;191,3349; Value-05;0x430525F3;1124410867;133,1482; Value-06;0x42CD7DEB;1120763371;102,7459; Value-07;0x42AF7C50;1118796880;87,7428; Value-08;0x42A43D35;1118059829;82,11954; Value-09;0x42B6DA85;1119279749;91,4268; Value-0A;0x43943F87;1133789063;296,4963; Value-0B;0x43BE61F6;1136550390;380,7653; Value-0C;0x43D189A1;1137805729;419,0752; Value-0D;0x43FBAFC3;1140568003;503,3731; Value-0E;0x43C4CEF4;1136971508;393,6168; Value-0F;0x43865F1C;1132879644;268,743; Value-10;0x43BE2B5E;1136536414;380,3388; Value-11;0x43D6FC16;1138162710;429,9694; Value-12;0x43B299E5;1135778277;357,2023; Value-13;0x4139C201;1094304257;11,60986; Value-14;0x428307AE;1115883438;65,515; Value-15;0x42B50D83;1119161731;90,52639; Value-16;0x433FCEEA;1128255210;191,8083; Value-17;0x4305D356;1124455254;133,8255; Value-18;0x42CF5961;1120885089;103,6746; Value-19;0x42B18FA2;1118932898;88,78053; Value-1A;0x42A7602B;1118265387;83,68783; Value-1B;0x42B72CE4;1119300836;91,58768; Value-1C;0x3F800000;1065353216;1; Value-1D;0x00000000;0;0; Value-1E;0x4390675C;1133537116;288,8075; Value-1F;0x43C726DB;1137125083;398,3036; Value-20;0x43D35AAF;1137924783;422,7085; Value-21;0x43FD8E66;1140690534;507,1125; Value-22;0x43C757E6;1137137638;398,6867; Value-23;0x4387E338;1132979000;271,7751; Value-24;0x43BCC623;1136444963;377,5479; Value-25;0x43DF67C0;1138714560;446,8105; Value-26;0x43E34339;1138967353;454,5252;
2023-10-31_17:06:41.55; Value-01;0x423D83B4;1111327668;47,37862; Value-02;0x425E022B;1113457195;55,50212; Value-03;0x42B657EF;1119246319;91,17175; Value-04;0x433F55BB;1128224187;191,3349; Value-05;0x430525F3;1124410867;133,1482; Value-06;0x42CD7DEB;1120763371;102,7459; Value-07;0x42AF7C50;1118796880;87,7428; Value-08;0x42A43D35;1118059829;82,11954; Value-09;0x42B6DA85;1119279749;91,4268; Value-0A;0x43943F87;1133789063;296,4963; Value-0B;0x43BE61F6;1136550390;380,7653; Value-0C;0x43D189A1;1137805729;419,0752; Value-0D;0x43FBAFC3;1140568003;503,3731; Value-0E;0x43C4CEF4;1136971508;393,6168; Value-0F;0x43865F1C;1132879644;268,743; Value-10;0x43BE2B5E;1136536414;380,3388; Value-11;0x43D6FC16;1138162710;429,9694; Value-12;0x43B299E5;1135778277;357,2023; Value-13;0x4139C201;1094304257;11,60986; Value-14;0x428307AE;1115883438;65,515; Value-15;0x42B50D83;1119161731;90,52639; Value-16;0x433FCEEA;1128255210;191,8083; Value-17;0x4305D356;1124455254;133,8255; Value-18;0x42CF5961;1120885089;103,6746; Value-19;0x42B18FA2;1118932898;88,78053; Value-1A;0x42A7602B;1118265387;83,68783; Value-1B;0x42B72CE4;1119300836;91,58768; Value-1C;0x3F800000;1065353216;1; Value-1D;0x00000000;0;0; Value-1E;0x4390675C;1133537116;288,8075; Value-1F;0x43C726DB;1137125083;398,3036; Value-20;0x43D35AAF;1137924783;422,7085; Value-21;0x43FD8E66;1140690534;507,1125; Value-22;0x43C757E6;1137137638;398,6867; Value-23;0x4387E338;1132979000;271,7751; Value-24;0x43BCC623;1136444963;377,5479; Value-25;0x43DF67C0;1138714560;446,8105; Value-26;0x43E34339;1138967353;454,5252;
2023-10-31_17:06:41.66; Value-01;0x423D83B4;1111327668;47,37862; Value-02;0x425E022B;1113457195;55,50212; Value-03;0x42B657EF;1119246319;91,17175; Value-04;0x433F55BB;1128224187;191,3349; Value-05;0x430525F3;1124410867;133,1482; Value-06;0x42CD5C5E;1120754782;102,6804; Value-07;0x42AFD7D0;1118820304;87,92151; Value-08;0x42A295F4;1117951476;81,29288; Value-09;0x42B59EEB;1119198955;90,81039; Value-0A;0x43943F87;1133789063;296,4963; Value-0B;0x43BE61F6;1136550390;380,7653; Value-0C;0x43D189A1;1137805729;419,0752; Value-0D;0x43FBAFC3;1140568003;503,3731; Value-0E;0x43C4CEF4;1136971508;393,6168; Value-0F;0x438538FD;1132804349;266,4452; Value-10;0x43BFF3C2;1136653250;383,9044; Value-11;0x43D37AFF;1137933055;422,9609; Value-12;0x43CE4DED;1137593837;412,6088; Value-13;0x4139C201;1094304257;11,60986; Value-14;0x428307AE;1115883438;65,515; Value-15;0x42B50D83;1119161731;90,52639; Value-16;0x433FCEEA;1128255210;191,8083; Value-17;0x4305D356;1124455254;133,8255; Value-18;0x42CF96B1;1120900785;103,7943; Value-19;0x42B1ABAA;1118940074;88,83528; Value-1A;0x42A7A1E4;1118282212;83,81619; Value-1B;0x42BA2298;1119494808;93,06757; Value-1C;0x3F800000;1065353216;1; Value-1D;0x00000000;0;0; Value-1E;0x4390675C;1133537116;288,8075; Value-1F;0x43C726DB;1137125083;398,3036; Value-20;0x43D35AAF;1137924783;422,7085; Value-21;0x43FD8E66;1140690534;507,1125; Value-22;0x43C757E6;1137137638;398,6867; Value-23;0x4387514F;1132941647;270,6352; Value-24;0x43C2C9DC;1136839132;389,577; Value-25;0x43D7FB43;1138228035;431,963; Value-26;0x43C6AC1D;1137093661;397,3446;
2023-10-31_17:06:41.66; Value-01;0x423D83B4;1111327668;47,37862; Value-02;0x425E022B;1113457195;55,50212; Value-03;0x42B657EF;1119246319;91,17175; Value-04;0x433F55BB;1128224187;191,3349; Value-05;0x430525F3;1124410867;133,1482; Value-06;0x42CD5C5E;1120754782;102,6804; Value-07;0x42AFD7D0;1118820304;87,92151; Value-08;0x42A295F4;1117951476;81,29288; Value-09;0x42B59EEB;1119198955;90,81039; Value-0A;0x43943F87;1133789063;296,4963; Value-0B;0x43BE61F6;1136550390;380,7653; Value-0C;0x43D189A1;1137805729;419,0752; Value-0D;0x43FBAFC3;1140568003;503,3731; Value-0E;0x43C4CEF4;1136971508;393,6168; Value-0F;0x438538FD;1132804349;266,4452; Value-10;0x43BFF3C2;1136653250;383,9044; Value-11;0x43D37AFF;1137933055;422,9609; Value-12;0x43CE4DED;1137593837;412,6088; Value-13;0x4139C201;1094304257;11,60986; Value-14;0x428307AE;1115883438;65,515; Value-15;0x42B50D83;1119161731;90,52639; Value-16;0x433FCEEA;1128255210;191,8083; Value-17;0x4305D356;1124455254;133,8255; Value-18;0x42CF96B1;1120900785;103,7943; Value-19;0x42B1ABAA;1118940074;88,83528; Value-1A;0x42A7A1E4;1118282212;83,81619; Value-1B;0x42BA2298;1119494808;93,06757; Value-1C;0x3F800000;1065353216;1; Value-1D;0x00000000;0;0; Value-1E;0x4390675C;1133537116;288,8075; Value-1F;0x43C726DB;1137125083;398,3036; Value-20;0x43D35AAF;1137924783;422,7085; Value-21;0x43FD8E66;1140690534;507,1125; Value-22;0x43C757E6;1137137638;398,6867; Value-23;0x4387514F;1132941647;270,6352; Value-24;0x43C2C9DC;1136839132;389,577; Value-25;0x43D7FB43;1138228035;431,963; Value-26;0x43C6AC1D;1137093661;397,3446;
