314033;311204;12;0;2023-12-07 11:48:20.591956;1
311918;311149;14;0;2023-12-07 11:48:20.591956;1
238299;244205;0;0;2023-12-07 11:48:20.591956;1
273962;1040909;2;0;2023-12-07 11:48:20.591956;1
1539749;1819362;4;0;2023-12-07 11:48:20.591956;1
1755286;1271997;6;0;2023-12-07 11:48:20.591956;1
405878;292927;8;0;2023-12-07 11:48:20.591956;1
310520;310719;10;0;2023-12-07 11:48:20.606142;2
314048;311219;12;0;2023-12-07 11:48:20.606142;2
311933;311164;14;0;2023-12-07 11:48:20.606142;2
238310;244216;0;0;2023-12-07 11:48:20.606142;2
273975;1040958;2;0;2023-12-07 11:48:20.606142;2
1539822;1819449;4;0;2023-12-07 11:48:20.606142;2
1755370;1272058;6;0;2023-12-07 11:48:20.606142;2
405897;292941;8;0;2023-12-07 11:48:20.606931;2
310534;310734;10;0;2023-12-07 11:48:20.606931;2
314063;311234;12;0;2023-12-07 11:48:20.617585;3
311948;311179;14;0;2023-12-07 11:48:20.617585;3
238322;244227;0;0;2023-12-07 11:48:20.617585;3
273988;1041007;2;0;2023-12-07 11:48:20.617585;3
1539895;1819535;4;0;2023-12-07 11:48:20.617585;3
1755454;1272119;6;0;2023-12-07 11:48:20.617585;3
405916;292955;8;0;2023-12-07 11:48:20.617585;3
310548;310749;10;0;2023-12-07 11:48:20.617585;3
314078;311249;12;0;2023-12-07 11:48:20.617585;3
311963;311194;14;0;2023-12-07 11:48:20.630531;4
238333;244239;0;0;2023-12-07 11:48:20.630531;4
274001;1041057;2;0;2023-12-07 11:48:20.630531;4
1539969;1819622;4;0;2023-12-07 11:48:20.630531;4
1755537;1272180;6;0;2023-12-07 11:48:20.630531;4
405935;292969;8;0;2023-12-07 11:48:20.630531;4
310563;310764;10;0;2023-12-07 11:48:20.630531;4
314093;311264;12;0;2023-12-07 11:48:20.630531;4
311978;311209;14;0;2023-12-07 11:48:20.630531;4
238344;244250;0;0;2023-12-07 11:48:20.645714;5
274014;1041107;2;0;2023-12-07 11:48:20.645714;5
1540042;1819708;4;0;2023-12-07 11:48:20.645714;5
1755620;1272241;6;0;2023-12-07 11:48:20.645714;5
405954;292983;8;0;2023-12-07 11:48:20.645714;5
310578;310778;10;0;2023-12-07 11:48:20.645714;5
314108;311279;12;0;2023-12-07 11:48:20.645714;5
311993;311224;14;0;2023-12-07 11:48:20.645714;5
238355;244262;0;0;2023-12-07 11:48:20.645714;5
274027;1041156;2;0;2023-12-07 11:48:20.657704;6
1540114;1819793;4;0;2023-12-07 11:48:20.658674;6
1755703;1272301;6;0;2023-12-07 11:48:20.658674;6
405973;292996;8;0;2023-12-07 11:48:20.658674;6
310593;310792;10;0;2023-12-07 11:48:20.658674;6
314123;311294;12;0;2023-12-07 11:48:20.658674;6
312007;311239;14;0;2023-12-07 11:48:20.658674;6
238366;244274;0;0;2023-12-07 11:48:20.658674;6
274040;1041205;2;0;2023-12-07 11:48:20.658674;6
1540187;1819879;4;0;2023-12-07 11:48:20.671672;7
1755786;1272362;6;0;2023-12-07 11:48:20.671672;7
405993;293010;8;0;2023-12-07 11:48:20.671672;7
310608;310807;10;0;2023-12-07 11:48:20.671672;7
314138;311308;12;0;2023-12-07 11:48:20.671672;7
312022;311254;14;0;2023-12-07 11:48:20.671672;7
238377;244286;0;0;2023-12-07 11:48:20.671672;7
274053;1041254;2;0;2023-12-07 11:48:20.671672;7
1540260;1819965;4;0;2023-12-07 11:48:20.671672;7
1755869;1272422;6;0;2023-12-07 11:48:20.682548;8
406013;293024;8;0;2023-12-07 11:48:20.682548;8
310623;310822;10;0;2023-12-07 11:48:20.683550;8
314153;311323;12;0;2023-12-07 11:48:20.683550;8
312037;311268;14;0;2023-12-07 11:48:20.683550;8
238389;244297;0;0;2023-12-07 11:48:20.683550;8
274066;1041304;2;0;2023-12-07 11:48:20.683550;8
1540333;1820052;4;0;2023-12-07 11:48:20.683550;8
1755953;1272483;6;0;2023-12-07 11:48:20.683550;8
406033;293038;8;0;2023-12-07 11:48:20.696348;9
310638;310837;10;0;2023-12-07 11:48:20.696348;9
314168;311338;12;0;2023-12-07 11:48:20.696348;9
312052;311283;14;0;2023-12-07 11:48:20.696348;9
238401;244309;0;0;2023-12-07 11:48:20.696348;9
274079;1041353;2;0;2023-12-07 11:48:20.696348;9
1540406;1820138;4;0;2023-12-07 11:48:20.696348;9
1756036;1272543;6;0;2023-12-07 11:48:20.696348;9
406052;293052;8;0;2023-12-07 11:48:20.696348;9
310653;310852;10;0;2023-12-07 11:48:20.709472;10
314182;311353;12;0;2023-12-07 11:48:20.709472;10
312066;311298;14;0;2023-12-07 11:48:20.709472;10
238412;244321;0;0;2023-12-07 11:48:20.709472;10
274091;1041402;2;0;2023-12-07 11:48:20.709472;10
1540479;1820224;4;0;2023-12-07 11:48:20.709472;10
1756119;1272603;6;0;2023-12-07 11:48:20.709472;10
406071;293066;8;0;2023-12-07 11:48:20.709472;10
310667;310867;10;0;2023-12-07 11:48:20.709472;10
314197;311368;12;0;2023-12-07 11:48:20.722620;11
312080;311313;14;0;2023-12-07 11:48:20.722620;11
238423;244333;0;0;2023-12-07 11:48:20.722620;11
274104;1041452;2;0;2023-12-07 11:48:20.722620;11
1540553;1820311;4;0;2023-12-07 11:48:20.722620;11
1756202;1272664;6;0;2023-12-07 11:48:20.722620;11
406090;293079;8;0;2023-12-07 11:48:20.722620;11
310682;310881;10;0;2023-12-07 11:48:20.722620;11
314212;311384;12;0;2023-12-07 11:48:20.722620;11
312095;311328;14;0;2023-12-07 11:48:20.735606;12
238434;244345;0;0;2023-12-07 11:48:20.735606;12
274117;1041501;2;0;2023-12-07 11:48:20.735606;12
1540626;1820397;4;0;2023-12-07 11:48:20.735606;12
1756286;1272724;6;0;2023-12-07 11:48:20.735606;12
406109;293093;8;0;2023-12-07 11:48:20.735606;12
310697;310896;10;0;2023-12-07 11:48:20.735606;12
314227;311398;12;0;2023-12-07 11:48:20.735606;12
312110;311343;14;0;2023-12-07 11:48:20.735606;12
238446;244357;0;0;2023-12-07 11:48:20.749211;13
274130;1041550;2;0;2023-12-07 11:48:20.749211;13
1540698;1820483;4;0;2023-12-07 11:48:20.749211;13
1756369;1272785;6;0;2023-12-07 11:48:20.749211;13
406128;293106;8;0;2023-12-07 11:48:20.749211;13
310712;310911;10;0;2023-12-07 11:48:20.749211;13
314242;311413;12;0;2023-12-07 11:48:20.749211;13
312125;311358;14;0;2023-12-07 11:48:20.749211;13
238458;244368;0;0;2023-12-07 11:48:20.749211;13
274143;1041600;2;0;2023-12-07 11:48:20.763242;14
1540771;1820569;4;0;2023-12-07 11:48:20.763242;14
1756452;1272845;6;0;2023-12-07 11:48:20.763242;14
406147;293120;8;0;2023-12-07 11:48:20.763242;14
310727;310926;10;0;2023-12-07 11:48:20.763242;14
314257;311428;12;0;2023-12-07 11:48:20.763242;14
312140;311373;14;0;2023-12-07 11:48:20.763242;14
238469;244379;0;0;2023-12-07 11:48:20.763242;14
274156;1041650;2;0;2023-12-07 11:48:20.763242;14
1540844;1820655;4;0;2023-12-07 11:48:20.776290;15
1756535;1272906;6;0;2023-12-07 11:48:20.776290;15
406167;293133;8;0;2023-12-07 11:48:20.776290;15
310741;310941;10;0;2023-12-07 11:48:20.776290;15
314271;311443;12;0;2023-12-07 11:48:20.776290;15
312155;311387;14;0;2023-12-07 11:48:20.776290;15
238480;244391;0;0;2023-12-07 11:48:20.776290;15
274169;1041699;2;0;2023-12-07 11:48:20.776290;15
1540917;1820741;4;0;2023-12-07 11:48:20.776290;15
1756618;1272966;6;0;2023-12-07 11:48:20.788204;16
406186;293148;8;0;2023-12-07 11:48:20.788204;16
310755;310956;10;0;2023-12-07 11:48:20.788204;16
314286;311458;12;0;2023-12-07 11:48:20.788204;16
312169;311402;14;0;2023-12-07 11:48:20.788204;16
238491;244403;0;0;2023-12-07 11:48:20.788204;16
274182;1041748;2;0;2023-12-07 11:48:20.788204;16
1540991;1820828;4;0;2023-12-07 11:48:20.788204;16
1756701;1273027;6;0;2023-12-07 11:48:20.788204;16
406205;293162;8;0;2023-12-07 11:48:20.800204;17
310769;310971;10;0;2023-12-07 11:48:20.800204;17
314300;311472;12;0;2023-12-07 11:48:20.800204;17
312184;311417;14;0;2023-12-07 11:48:20.800204;17
238502;244415;0;0;2023-12-07 11:48:20.800204;17
274195;1041798;2;0;2023-12-07 11:48:20.800204;17
1541064;1820915;4;0;2023-12-07 11:48:20.800204;17
1756784;1273088;6;0;2023-12-07 11:48:20.800204;17
406224;293176;8;0;2023-12-07 11:48:20.800204;17
310784;310985;10;0;2023-12-07 11:48:20.813844;18
314315;311487;12;0;2023-12-07 11:48:20.813844;18
312199;311432;14;0;2023-12-07 11:48:20.813844;18
238513;244426;0;0;2023-12-07 11:48:20.813844;18
274208;1041847;2;0;2023-12-07 11:48:20.813844;18
1541136;1821001;4;0;2023-12-07 11:48:20.813844;18
1756867;1273148;6;0;2023-12-07 11:48:20.813844;18
406243;293190;8;0;2023-12-07 11:48:20.814597;18
310799;310999;10;0;2023-12-07 11:48:20.814597;18
314329;311501;12;0;2023-12-07 11:48:20.826866;19
312214;311446;14;0;2023-12-07 11:48:20.826866;19
238524;244438;0;0;2023-12-07 11:48:20.826866;19
274221;1041896;2;0;2023-12-07 11:48:20.826866;19
1541209;1821087;4;0;2023-12-07 11:48:20.826866;19
1756950;1273208;6;0;2023-12-07 11:48:20.826866;19
406262;293204;8;0;2023-12-07 11:48:20.826866;19
310814;311013;10;0;2023-12-07 11:48:20.826866;19
314344;311516;12;0;2023-12-07 11:48:20.827593;19
312229;311461;14;0;2023-12-07 11:48:20.839005;20
238536;244450;0;0;2023-12-07 11:48:20.839005;20
274234;1041946;2;0;2023-12-07 11:48:20.839005;20
1541282;1821174;4;0;2023-12-07 11:48:20.839005;20
1757033;1273269;6;0;2023-12-07 11:48:20.839005;20
406281;293218;8;0;2023-12-07 11:48:20.839005;20
310829;311028;10;0;2023-12-07 11:48:20.839005;20
314359;311530;12;0;2023-12-07 11:48:20.839005;20
312244;311476;14;0;2023-12-07 11:48:20.839005;20
238548;244462;0;0;2023-12-07 11:48:20.855385;21
274247;1041996;2;0;2023-12-07 11:48:20.855385;21
1541355;1821260;4;0;2023-12-07 11:48:20.855385;21
1757116;1273329;6;0;2023-12-07 11:48:20.855385;21
406300;293232;8;0;2023-12-07 11:48:20.855385;21
310844;311042;10;0;2023-12-07 11:48:20.855385;21
314374;311544;12;0;2023-12-07 11:48:20.855385;21
312259;311491;14;0;2023-12-07 11:48:20.855385;21
238559;244474;0;0;2023-12-07 11:48:20.855385;21
274260;1042045;2;0;2023-12-07 11:48:20.868372;22
1541428;1821346;4;0;2023-12-07 11:48:20.868372;22
1757199;1273390;6;0;2023-12-07 11:48:20.868372;22
406319;293246;8;0;2023-12-07 11:48:20.868372;22
310859;311057;10;0;2023-12-07 11:48:20.868372;22
314389;311559;12;0;2023-12-07 11:48:20.868372;22
312274;311505;14;0;2023-12-07 11:48:20.868372;22
238571;244486;0;0;2023-12-07 11:48:20.868372;22
274273;1042094;2;0;2023-12-07 11:48:20.868372;22
1541501;1821432;4;0;2023-12-07 11:48:20.880022;23
1757282;1273450;6;0;2023-12-07 11:48:20.880022;23
406338;293260;8;0;2023-12-07 11:48:20.880022;23
310874;311072;10;0;2023-12-07 11:48:20.880022;23
314404;311574;12;0;2023-12-07 11:48:20.880022;23
312289;311520;14;0;2023-12-07 11:48:20.880022;23
238583;244497;0;0;2023-12-07 11:48:20.880022;23
274286;1042143;2;0;2023-12-07 11:48:20.880022;23
1541574;1821518;4;0;2023-12-07 11:48:20.880022;23
1757365;1273511;6;0;2023-12-07 11:48:20.892993;24
406358;293274;8;0;2023-12-07 11:48:20.892993;24
310889;311086;10;0;2023-12-07 11:48:20.892993;24
314419;311589;12;0;2023-12-07 11:48:20.892993;24
312303;311535;14;0;2023-12-07 11:48:20.892993;24
238594;244508;0;0;2023-12-07 11:48:20.892993;24
274299;1042192;2;0;2023-12-07 11:48:20.892993;24
1541647;1821604;4;0;2023-12-07 11:48:20.892993;24
1757448;1273571;6;0;2023-12-07 11:48:20.892993;24
406377;293288;8;0;2023-12-07 11:48:20.906092;25
310904;311101;10;0;2023-12-07 11:48:20.906092;25
314434;311604;12;0;2023-12-07 11:48:20.906092;25
312317;311550;14;0;2023-12-07 11:48:20.906092;25
238605;244520;0;0;2023-12-07 11:48:20.906092;25
274312;1042241;2;0;2023-12-07 11:48:20.906092;25
1541720;1821690;4;0;2023-12-07 11:48:20.906092;25
1757531;1273632;6;0;2023-12-07 11:48:20.906092;25
406396;293302;8;0;2023-12-07 11:48:20.906092;25
310919;311116;10;0;2023-12-07 11:48:20.919104;26
314449;311619;12;0;2023-12-07 11:48:20.919104;26
312332;311565;14;0;2023-12-07 11:48:20.919104;26
238616;244531;0;0;2023-12-07 11:48:20.919104;26
274325;1042290;2;0;2023-12-07 11:48:20.919104;26
1541793;1821777;4;0;2023-12-07 11:48:20.919104;26
1757615;1273692;6;0;2023-12-07 11:48:20.919104;26
406416;293316;8;0;2023-12-07 11:48:20.919104;26
310934;311131;10;0;2023-12-07 11:48:20.919104;26
314464;311633;12;0;2023-12-07 11:48:20.931861;27
312347;311579;14;0;2023-12-07 11:48:20.931861;27
238627;244542;0;0;2023-12-07 11:48:20.931861;27
274338;1042340;2;0;2023-12-07 11:48:20.931861;27
1541867;1821864;4;0;2023-12-07 11:48:20.931861;27
1757698;1273753;6;0;2023-12-07 11:48:20.931861;27
406435;293330;8;0;2023-12-07 11:48:20.931861;27
310949;311145;10;0;2023-12-07 11:48:20.931861;27
314479;311648;12;0;2023-12-07 11:48:20.931861;27
312363;311594;14;0;2023-12-07 11:48:20.943375;28
238638;244553;0;0;2023-12-07 11:48:20.943375;28
274351;1042389;2;0;2023-12-07 11:48:20.943375;28
1541940;1821950;4;0;2023-12-07 11:48:20.943375;28
1757781;1273814;6;0;2023-12-07 11:48:20.943375;28
406454;293344;8;0;2023-12-07 11:48:20.943375;28
310963;311160;10;0;2023-12-07 11:48:20.943375;28
314494;311663;12;0;2023-12-07 11:48:20.943375;28
312378;311608;14;0;2023-12-07 11:48:20.943375;28
238649;244564;0;0;2023-12-07 11:48:20.960081;29
274364;1042438;2;0;2023-12-07 11:48:20.960081;29
1542013;1822035;4;0;2023-12-07 11:48:20.960081;29
1757864;1273874;6;0;2023-12-07 11:48:20.960081;29
406473;293358;8;0;2023-12-07 11:48:20.960081;29
310978;311175;10;0;2023-12-07 11:48:20.960081;29
314509;311678;12;0;2023-12-07 11:48:20.960409;29
312393;311623;14;0;2023-12-07 11:48:20.960409;29
238660;244575;0;0;2023-12-07 11:48:20.960409;29
274377;1042487;2;0;2023-12-07 11:48:20.971409;30
1542086;1822121;4;0;2023-12-07 11:48:20.971409;30
1757947;1273935;6;0;2023-12-07 11:48:20.971409;30
406493;293372;8;0;2023-12-07 11:48:20.971409;30
310993;311191;10;0;2023-12-07 11:48:20.971409;30
314524;311693;12;0;2023-12-07 11:48:20.971409;30
312408;311638;14;0;2023-12-07 11:48:20.971409;30
238671;244586;0;0;2023-12-07 11:48:20.971409;30
274390;1042536;2;0;2023-12-07 11:48:20.971409;30
1542159;1822208;4;0;2023-12-07 11:48:20.984800;31
1758031;1273996;6;0;2023-12-07 11:48:20.984800;31
406512;293386;8;0;2023-12-07 11:48:20.984800;31
311008;311206;10;0;2023-12-07 11:48:20.984800;31
314539;311708;12;0;2023-12-07 11:48:20.984800;31
312423;311653;14;0;2023-12-07 11:48:20.984800;31
238682;244598;0;0;2023-12-07 11:48:20.984800;31
274403;1042585;2;0;2023-12-07 11:48:20.984800;31
1542233;1822294;4;0;2023-12-07 11:48:20.984800;31
1758114;1274057;6;0;2023-12-07 11:48:20.997665;32
406531;293400;8;0;2023-12-07 11:48:20.997665;32
311022;311221;10;0;2023-12-07 11:48:20.997665;32
314554;311723;12;0;2023-12-07 11:48:20.997665;32
312438;311668;14;0;2023-12-07 11:48:20.997665;32
238693;244609;0;0;2023-12-07 11:48:20.997665;32
274416;1042634;2;0;2023-12-07 11:48:20.997665;32
1542306;1822379;4;0;2023-12-07 11:48:20.997665;32
1758197;1274117;6;0;2023-12-07 11:48:20.997665;32
406550;293414;8;0;2023-12-07 11:48:21.011116;33
311037;311236;10;0;2023-12-07 11:48:21.011116;33
314569;311738;12;0;2023-12-07 11:48:21.011116;33
312453;311683;14;0;2023-12-07 11:48:21.011116;33
238705;244621;0;0;2023-12-07 11:48:21.011116;33
274429;1042683;2;0;2023-12-07 11:48:21.011116;33
1542378;1822465;4;0;2023-12-07 11:48:21.011116;33
1758279;1274178;6;0;2023-12-07 11:48:21.011116;33
406570;293428;8;0;2023-12-07 11:48:21.011116;33
311052;311251;10;0;2023-12-07 11:48:21.023727;34
314584;311753;12;0;2023-12-07 11:48:21.023727;34
312468;311698;14;0;2023-12-07 11:48:21.023727;34
238716;244632;0;0;2023-12-07 11:48:21.023727;34
274442;1042732;2;0;2023-12-07 11:48:21.023727;34
1542451;1822551;4;0;2023-12-07 11:48:21.023727;34
1758362;1274238;6;0;2023-12-07 11:48:21.023727;34
406588;293441;8;0;2023-12-07 11:48:21.023727;34
311067;311265;10;0;2023-12-07 11:48:21.023727;34
314599;311767;12;0;2023-12-07 11:48:21.035742;35
312483;311712;14;0;2023-12-07 11:48:21.035742;35
238727;244643;0;0;2023-12-07 11:48:21.035742;35
274455;1042781;2;0;2023-12-07 11:48:21.035742;35
1542524;1822637;4;0;2023-12-07 11:48:21.035742;35
1758445;1274298;6;0;2023-12-07 11:48:21.035742;35
406607;293455;8;0;2023-12-07 11:48:21.035742;35
311082;311280;10;0;2023-12-07 11:48:21.035742;35
314614;311782;12;0;2023-12-07 11:48:21.035742;35
312498;311727;14;0;2023-12-07 11:48:21.048631;36
238739;244654;0;0;2023-12-07 11:48:21.048631;36
274468;1042831;2;0;2023-12-07 11:48:21.048631;36
1542597;1822723;4;0;2023-12-07 11:48:21.048631;36
1758528;1274358;6;0;2023-12-07 11:48:21.048631;36
406626;293469;8;0;2023-12-07 11:48:21.048631;36
311097;311294;10;0;2023-12-07 11:48:21.048631;36
314629;311797;12;0;2023-12-07 11:48:21.048631;36
312513;311742;14;0;2023-12-07 11:48:21.048631;36
238750;244666;0;0;2023-12-07 11:48:21.065100;37
274481;1042880;2;0;2023-12-07 11:48:21.066562;37
1542670;1822809;4;0;2023-12-07 11:48:21.067316;37
1758611;1274418;6;0;2023-12-07 11:48:21.068260;37
406646;293482;8;0;2023-12-07 11:48:21.069319;37
311111;311309;10;0;2023-12-07 11:48:21.069994;37
314644;311812;12;0;2023-12-07 11:48:21.070560;37
312528;311756;14;0;2023-12-07 11:48:21.070560;37
238761;244678;0;0;2023-12-07 11:48:21.070560;37
274494;1042929;2;0;2023-12-07 11:48:21.076724;38
1542743;1822895;4;0;2023-12-07 11:48:21.076724;38
1758695;1274478;6;0;2023-12-07 11:48:21.076724;38
406665;293496;8;0;2023-12-07 11:48:21.076724;38
311126;311323;10;0;2023-12-07 11:48:21.076724;38
314660;311827;12;0;2023-12-07 11:48:21.076724;38
312543;311771;14;0;2023-12-07 11:48:21.077732;38
238772;244689;0;0;2023-12-07 11:48:21.077732;38
274507;1042978;2;0;2023-12-07 11:48:21.077732;38
1542816;1822982;4;0;2023-12-07 11:48:21.089641;39
1758778;1274538;6;0;2023-12-07 11:48:21.089641;39
406684;293509;8;0;2023-12-07 11:48:21.089641;39
311140;311337;10;0;2023-12-07 11:48:21.089641;39
314675;311842;12;0;2023-12-07 11:48:21.089641;39
312558;311786;14;0;2023-12-07 11:48:21.089641;39
238783;244701;0;0;2023-12-07 11:48:21.089641;39
274519;1043027;2;0;2023-12-07 11:48:21.089641;39
1542889;1823068;4;0;2023-12-07 11:48:21.089641;39
1758861;1274599;6;0;2023-12-07 11:48:21.101618;40
406703;293523;8;0;2023-12-07 11:48:21.101618;40
311155;311352;10;0;2023-12-07 11:48:21.101618;40
314690;311857;12;0;2023-12-07 11:48:21.101618;40
312573;311801;14;0;2023-12-07 11:48:21.101618;40
238794;244713;0;0;2023-12-07 11:48:21.101618;40
274532;1043076;2;0;2023-12-07 11:48:21.101618;40
1542962;1823155;4;0;2023-12-07 11:48:21.101618;40
1758944;1274660;6;0;2023-12-07 11:48:21.101618;40
406722;293537;8;0;2023-12-07 11:48:21.115601;41
311170;311367;10;0;2023-12-07 11:48:21.115601;41
314704;311872;12;0;2023-12-07 11:48:21.115601;41
312587;311816;14;0;2023-12-07 11:48:21.115601;41
238805;244724;0;0;2023-12-07 11:48:21.115601;41
274545;1043126;2;0;2023-12-07 11:48:21.115601;41
1543035;1823242;4;0;2023-12-07 11:48:21.115601;41
1759028;1274721;6;0;2023-12-07 11:48:21.115601;41
406741;293551;8;0;2023-12-07 11:48:21.115601;41
311184;311382;10;0;2023-12-07 11:48:21.128694;42
314719;311887;12;0;2023-12-07 11:48:21.128694;42
312602;311831;14;0;2023-12-07 11:48:21.128694;42
238816;244736;0;0;2023-12-07 11:48:21.128694;42
274558;1043175;2;0;2023-12-07 11:48:21.128694;42
1543108;1823328;4;0;2023-12-07 11:48:21.128694;42
1759112;1274782;6;0;2023-12-07 11:48:21.128694;42
406761;293565;8;0;2023-12-07 11:48:21.128694;42
311199;311397;10;0;2023-12-07 11:48:21.128694;42
314733;311901;12;0;2023-12-07 11:48:21.140440;43
312616;311846;14;0;2023-12-07 11:48:21.140440;43
238827;244747;0;0;2023-12-07 11:48:21.140440;43
274571;1043224;2;0;2023-12-07 11:48:21.140440;43
1543181;1823415;4;0;2023-12-07 11:48:21.140440;43
1759195;1274842;6;0;2023-12-07 11:48:21.140440;43
406780;293579;8;0;2023-12-07 11:48:21.140440;43
311214;311411;10;0;2023-12-07 11:48:21.140440;43
314747;311916;12;0;2023-12-07 11:48:21.140440;43
312631;311861;14;0;2023-12-07 11:48:21.153440;44
238838;244759;0;0;2023-12-07 11:48:21.153440;44
274584;1043274;2;0;2023-12-07 11:48:21.153440;44
1543254;1823501;4;0;2023-12-07 11:48:21.153440;44
1759279;1274903;6;0;2023-12-07 11:48:21.153440;44
406799;293593;8;0;2023-12-07 11:48:21.153440;44
311228;311425;10;0;2023-12-07 11:48:21.153440;44
314762;311931;12;0;2023-12-07 11:48:21.153440;44
312645;311875;14;0;2023-12-07 11:48:21.153440;44
238849;244771;0;0;2023-12-07 11:48:21.168486;45
274597;1043324;2;0;2023-12-07 11:48:21.168486;45
1543327;1823588;4;0;2023-12-07 11:48:21.168486;45
1759362;1274963;6;0;2023-12-07 11:48:21.168486;45
406818;293607;8;0;2023-12-07 11:48:21.168486;45
311243;311440;10;0;2023-12-07 11:48:21.168486;45
314777;311946;12;0;2023-12-07 11:48:21.168486;45
312659;311890;14;0;2023-12-07 11:48:21.168486;45
238860;244783;0;0;2023-12-07 11:48:21.168486;45
274610;1043374;2;0;2023-12-07 11:48:21.181508;46
1543400;1823674;4;0;2023-12-07 11:48:21.182493;46
1759445;1275023;6;0;2023-12-07 11:48:21.182493;46
406837;293621;8;0;2023-12-07 11:48:21.182493;46
311257;311455;10;0;2023-12-07 11:48:21.183755;46
314792;311961;12;0;2023-12-07 11:48:21.183755;46
312673;311905;14;0;2023-12-07 11:48:21.183755;46
238871;244795;0;0;2023-12-07 11:48:21.184541;46
274623;1043424;2;0;2023-12-07 11:48:21.184541;46
1543473;1823761;4;0;2023-12-07 11:48:21.194486;47
1759529;1275084;6;0;2023-12-07 11:48:21.194486;47
406857;293635;8;0;2023-12-07 11:48:21.194486;47
311271;311469;10;0;2023-12-07 11:48:21.194486;47
314807;311976;12;0;2023-12-07 11:48:21.194486;47
312688;311920;14;0;2023-12-07 11:48:21.194486;47
238882;244807;0;0;2023-12-07 11:48:21.194486;47
274636;1043474;2;0;2023-12-07 11:48:21.194486;47
1543546;1823847;4;0;2023-12-07 11:48:21.194486;47
1759612;1275143;6;0;2023-12-07 11:48:21.207058;48
406876;293648;8;0;2023-12-07 11:48:21.207058;48
311286;311484;10;0;2023-12-07 11:48:21.207058;48
314822;311990;12;0;2023-12-07 11:48:21.207058;48
312702;311934;14;0;2023-12-07 11:48:21.207058;48
238893;244819;0;0;2023-12-07 11:48:21.207058;48
274649;1043523;2;0;2023-12-07 11:48:21.207058;48
1543619;1823933;4;0;2023-12-07 11:48:21.208055;48
1759695;1275204;6;0;2023-12-07 11:48:21.208055;48
406895;293662;8;0;2023-12-07 11:48:21.220056;49
311301;311499;10;0;2023-12-07 11:48:21.220056;49
314836;312005;12;0;2023-12-07 11:48:21.220056;49
312717;311948;14;0;2023-12-07 11:48:21.220056;49
238905;244830;0;0;2023-12-07 11:48:21.220056;49
274662;1043573;2;0;2023-12-07 11:48:21.220056;49
1543692;1824020;4;0;2023-12-07 11:48:21.220056;49
1759778;1275265;6;0;2023-12-07 11:48:21.220056;49
406915;293676;8;0;2023-12-07 11:48:21.221054;49
311316;311514;10;0;2023-12-07 11:48:21.232054;50
314851;312020;12;0;2023-12-07 11:48:21.232054;50
312732;311963;14;0;2023-12-07 11:48:21.232054;50
238917;244842;0;0;2023-12-07 11:48:21.232054;50
274675;1043622;2;0;2023-12-07 11:48:21.232054;50
1543765;1824107;4;0;2023-12-07 11:48:21.232054;50
1759861;1275325;6;0;2023-12-07 11:48:21.232054;50
406934;293689;8;0;2023-12-07 11:48:21.232054;50
311331;311529;10;0;2023-12-07 11:48:21.232054;50
314866;312035;12;0;2023-12-07 11:48:21.245087;51
312746;311977;14;0;2023-12-07 11:48:21.245087;51
238928;244853;0;0;2023-12-07 11:48:21.245087;51
274688;1043672;2;0;2023-12-07 11:48:21.245087;51
1543838;1824193;4;0;2023-12-07 11:48:21.245087;51
1759944;1275385;6;0;2023-12-07 11:48:21.245087;51
406953;293703;8;0;2023-12-07 11:48:21.245087;51
311346;311544;10;0;2023-12-07 11:48:21.245087;51
314881;312049;12;0;2023-12-07 11:48:21.245087;51
312761;311992;14;0;2023-12-07 11:48:21.258120;52
238939;244864;0;0;2023-12-07 11:48:21.258120;52
274701;1043721;2;0;2023-12-07 11:48:21.259058;52
1543911;1824280;4;0;2023-12-07 11:48:21.259058;52
1760028;1275446;6;0;2023-12-07 11:48:21.259058;52
406972;293717;8;0;2023-12-07 11:48:21.259058;52
311360;311558;10;0;2023-12-07 11:48:21.259058;52
314895;312064;12;0;2023-12-07 11:48:21.260058;52
312776;312006;14;0;2023-12-07 11:48:21.260058;52
238950;244876;0;0;2023-12-07 11:48:21.273140;53
274713;1043770;2;0;2023-12-07 11:48:21.273140;53
1543984;1824366;4;0;2023-12-07 11:48:21.273140;53
1760111;1275507;6;0;2023-12-07 11:48:21.273140;53
406992;293731;8;0;2023-12-07 11:48:21.273140;53
311375;311573;10;0;2023-12-07 11:48:21.273140;53
314910;312078;12;0;2023-12-07 11:48:21.273140;53
312791;312021;14;0;2023-12-07 11:48:21.273140;53
238961;244888;0;0;2023-12-07 11:48:21.273140;53
274727;1043819;2;0;2023-12-07 11:48:21.286053;54
1544057;1824452;4;0;2023-12-07 11:48:21.286053;54
1760194;1275568;6;0;2023-12-07 11:48:21.286053;54
407012;293744;8;0;2023-12-07 11:48:21.286053;54
311390;311589;10;0;2023-12-07 11:48:21.286053;54
314925;312093;12;0;2023-12-07 11:48:21.286053;54
312805;312037;14;0;2023-12-07 11:48:21.286053;54
238973;244899;0;0;2023-12-07 11:48:21.286053;54
274740;1043868;2;0;2023-12-07 11:48:21.286053;54
1544130;1824538;4;0;2023-12-07 11:48:21.299060;55
1760278;1275628;6;0;2023-12-07 11:48:21.299060;55
407031;293758;8;0;2023-12-07 11:48:21.299060;55
311404;311604;10;0;2023-12-07 11:48:21.299060;55
314940;312108;12;0;2023-12-07 11:48:21.299060;55
312819;312052;14;0;2023-12-07 11:48:21.299060;55
238984;244910;0;0;2023-12-07 11:48:21.299060;55
274753;1043917;2;0;2023-12-07 11:48:21.300055;55
1544203;1824624;4;0;2023-12-07 11:48:21.300090;55
1760361;1275688;6;0;2023-12-07 11:48:21.312100;56
407050;293772;8;0;2023-12-07 11:48:21.312100;56
311419;311618;10;0;2023-12-07 11:48:21.312100;56
314955;312123;12;0;2023-12-07 11:48:21.312100;56
312834;312067;14;0;2023-12-07 11:48:21.312100;56
238995;244922;0;0;2023-12-07 11:48:21.312100;56
274766;1043966;2;0;2023-12-07 11:48:21.312100;56
1544276;1824711;4;0;2023-12-07 11:48:21.312100;56
1760444;1275748;6;0;2023-12-07 11:48:21.312100;56
407069;293786;8;0;2023-12-07 11:48:21.324673;57
311434;311632;10;0;2023-12-07 11:48:21.324673;57
314970;312138;12;0;2023-12-07 11:48:21.324673;57
312849;312082;14;0;2023-12-07 11:48:21.324673;57
239006;244933;0;0;2023-12-07 11:48:21.325417;57
274779;1044015;2;0;2023-12-07 11:48:21.325417;57
1544349;1824797;4;0;2023-12-07 11:48:21.325417;57
1760527;1275809;6;0;2023-12-07 11:48:21.325417;57
407089;293800;8;0;2023-12-07 11:48:21.325616;57
311449;311646;10;0;2023-12-07 11:48:21.336640;58
314985;312153;12;0;2023-12-07 11:48:21.336640;58
312864;312097;14;0;2023-12-07 11:48:21.336640;58
239017;244945;0;0;2023-12-07 11:48:21.336640;58
274792;1044064;2;0;2023-12-07 11:48:21.336640;58
1544422;1824883;4;0;2023-12-07 11:48:21.336640;58
1760610;1275869;6;0;2023-12-07 11:48:21.336640;58
407108;293814;8;0;2023-12-07 11:48:21.336640;58
311463;311660;10;0;2023-12-07 11:48:21.336640;58
315000;312168;12;0;2023-12-07 11:48:21.350006;59
312879;312112;14;0;2023-12-07 11:48:21.350006;59
239028;244956;0;0;2023-12-07 11:48:21.350006;59
274805;1044114;2;0;2023-12-07 11:48:21.350006;59
1544495;1824969;4;0;2023-12-07 11:48:21.350006;59
1760693;1275929;6;0;2023-12-07 11:48:21.350006;59
407127;293827;8;0;2023-12-07 11:48:21.350006;59
311478;311675;10;0;2023-12-07 11:48:21.350006;59
315015;312183;12;0;2023-12-07 11:48:21.350006;59
312894;312127;14;0;2023-12-07 11:48:21.362640;60
239040;244967;0;0;2023-12-07 11:48:21.362640;60
274818;1044163;2;0;2023-12-07 11:48:21.362640;60
1544568;1825055;4;0;2023-12-07 11:48:21.362640;60
1760776;1275989;6;0;2023-12-07 11:48:21.362640;60
407146;293840;8;0;2023-12-07 11:48:21.362640;60
311493;311689;10;0;2023-12-07 11:48:21.362640;60
315030;312198;12;0;2023-12-07 11:48:21.362640;60
312909;312142;14;0;2023-12-07 11:48:21.363617;60
239051;244979;0;0;2023-12-07 11:48:21.377626;61
274831;1044212;2;0;2023-12-07 11:48:21.378782;61
1544641;1825142;4;0;2023-12-07 11:48:21.378782;61
1760859;1276049;6;0;2023-12-07 11:48:21.379628;61
407166;293854;8;0;2023-12-07 11:48:21.379699;61
311508;311703;10;0;2023-12-07 11:48:21.379699;61
315045;312213;12;0;2023-12-07 11:48:21.379699;61
312924;312157;14;0;2023-12-07 11:48:21.380621;61
239062;244991;0;0;2023-12-07 11:48:21.380621;61
274844;1044261;2;0;2023-12-07 11:48:21.390616;62
1544714;1825229;4;0;2023-12-07 11:48:21.390616;62
1760942;1276110;6;0;2023-12-07 11:48:21.390616;62
407185;293868;8;0;2023-12-07 11:48:21.390616;62
311523;311718;10;0;2023-12-07 11:48:21.391656;62
315060;312227;12;0;2023-12-07 11:48:21.391656;62
312939;312172;14;0;2023-12-07 11:48:21.391656;62
239073;245002;0;0;2023-12-07 11:48:21.391656;62
274857;1044311;2;0;2023-12-07 11:48:21.391656;62
1544787;1825316;4;0;2023-12-07 11:48:21.403976;63
1761025;1276170;6;0;2023-12-07 11:48:21.403976;63
407204;293882;8;0;2023-12-07 11:48:21.403976;63
311538;311733;10;0;2023-12-07 11:48:21.403976;63
315075;312242;12;0;2023-12-07 11:48:21.403976;63
312954;312187;14;0;2023-12-07 11:48:21.403976;63
239084;245013;0;0;2023-12-07 11:48:21.403976;63
274870;1044360;2;0;2023-12-07 11:48:21.403976;63
1544860;1825403;4;0;2023-12-07 11:48:21.403976;63
1761109;1276230;6;0;2023-12-07 11:48:21.416793;64
407223;293897;8;0;2023-12-07 11:48:21.416793;64
311553;311747;10;0;2023-12-07 11:48:21.416793;64
315090;312256;12;0;2023-12-07 11:48:21.416793;64
312969;312202;14;0;2023-12-07 11:48:21.416793;64
239096;245025;0;0;2023-12-07 11:48:21.416793;64
274883;1044410;2;0;2023-12-07 11:48:21.416793;64
1544933;1825490;4;0;2023-12-07 11:48:21.416793;64
1761192;1276290;6;0;2023-12-07 11:48:21.416793;64
407242;293911;8;0;2023-12-07 11:48:21.428641;65
311568;311762;10;0;2023-12-07 11:48:21.428641;65
315105;312270;12;0;2023-12-07 11:48:21.428641;65
312984;312217;14;0;2023-12-07 11:48:21.428641;65
239107;245037;0;0;2023-12-07 11:48:21.428641;65
274896;1044459;2;0;2023-12-07 11:48:21.428641;65
1545005;1825576;4;0;2023-12-07 11:48:21.428641;65
1761275;1276350;6;0;2023-12-07 11:48:21.428641;65
407262;293925;8;0;2023-12-07 11:48:21.428641;65
311583;311777;10;0;2023-12-07 11:48:21.442641;66
315120;312285;12;0;2023-12-07 11:48:21.443844;66
312999;312232;14;0;2023-12-07 11:48:21.444641;66
239119;245049;0;0;2023-12-07 11:48:21.444641;66
274909;1044510;2;0;2023-12-07 11:48:21.445698;66
1545078;1825662;4;0;2023-12-07 11:48:21.445698;66
1761358;1276410;6;0;2023-12-07 11:48:21.445698;66
407281;293938;8;0;2023-12-07 11:48:21.445698;66
311598;311792;10;0;2023-12-07 11:48:21.446624;66
315135;312300;12;0;2023-12-07 11:48:21.454686;67
313014;312246;14;0;2023-12-07 11:48:21.454686;67
239130;245061;0;0;2023-12-07 11:48:21.454686;67
274922;1044559;2;0;2023-12-07 11:48:21.454686;67
1545152;1825748;4;0;2023-12-07 11:48:21.454686;67
1761441;1276470;6;0;2023-12-07 11:48:21.454686;67
407300;293952;8;0;2023-12-07 11:48:21.455619;67
311613;311807;10;0;2023-12-07 11:48:21.455619;67
315150;312315;12;0;2023-12-07 11:48:21.455619;67
313029;312261;14;0;2023-12-07 11:48:21.467618;68
239141;245073;0;0;2023-12-07 11:48:21.467618;68
274935;1044608;2;0;2023-12-07 11:48:21.467618;68
1545224;1825834;4;0;2023-12-07 11:48:21.467618;68
1761524;1276530;6;0;2023-12-07 11:48:21.467618;68
407319;293966;8;0;2023-12-07 11:48:21.467618;68
311628;311822;10;0;2023-12-07 11:48:21.468622;68
315165;312330;12;0;2023-12-07 11:48:21.468622;68
313044;312275;14;0;2023-12-07 11:48:21.468622;68
239152;245084;0;0;2023-12-07 11:48:21.482618;69
274948;1044658;2;0;2023-12-07 11:48:21.482618;69
1545297;1825920;4;0;2023-12-07 11:48:21.482618;69
1761607;1276590;6;0;2023-12-07 11:48:21.482618;69
407338;293980;8;0;2023-12-07 11:48:21.482618;69
311642;311837;10;0;2023-12-07 11:48:21.482618;69
315180;312344;12;0;2023-12-07 11:48:21.483618;69
313059;312290;14;0;2023-12-07 11:48:21.483762;69
239164;245096;0;0;2023-12-07 11:48:21.483762;69
274961;1044707;2;0;2023-12-07 11:48:21.495616;70
1545370;1826006;4;0;2023-12-07 11:48:21.495616;70
1761690;1276651;6;0;2023-12-07 11:48:21.495616;70
407358;293993;8;0;2023-12-07 11:48:21.495616;70
311656;311852;10;0;2023-12-07 11:48:21.495616;70
315195;312359;12;0;2023-12-07 11:48:21.495616;70
313074;312305;14;0;2023-12-07 11:48:21.495616;70
239176;245107;0;0;2023-12-07 11:48:21.495616;70
274974;1044756;2;0;2023-12-07 11:48:21.495616;70
1545443;1826092;4;0;2023-12-07 11:48:21.508616;71
1761773;1276711;6;0;2023-12-07 11:48:21.508616;71
407377;294007;8;0;2023-12-07 11:48:21.508616;71
311670;311866;10;0;2023-12-07 11:48:21.508616;71
315210;312374;12;0;2023-12-07 11:48:21.508616;71
313088;312319;14;0;2023-12-07 11:48:21.508616;71
239187;245119;0;0;2023-12-07 11:48:21.508616;71
274987;1044805;2;0;2023-12-07 11:48:21.508616;71
1545516;1826179;4;0;2023-12-07 11:48:21.508616;71
1761857;1276772;6;0;2023-12-07 11:48:21.521638;72
407396;294021;8;0;2023-12-07 11:48:21.521774;72
311685;311881;10;0;2023-12-07 11:48:21.521774;72
315225;312389;12;0;2023-12-07 11:48:21.521774;72
313103;312334;14;0;2023-12-07 11:48:21.521774;72
239198;245130;0;0;2023-12-07 11:48:21.521774;72
275000;1044854;2;0;2023-12-07 11:48:21.521774;72
1545589;1826265;4;0;2023-12-07 11:48:21.521774;72
1761940;1276832;6;0;2023-12-07 11:48:21.521774;72
407416;294035;8;0;2023-12-07 11:48:21.533642;73
311700;311895;10;0;2023-12-07 11:48:21.533642;73
315240;312403;12;0;2023-12-07 11:48:21.533642;73
313118;312348;14;0;2023-12-07 11:48:21.533642;73
239209;245141;0;0;2023-12-07 11:48:21.533642;73
275013;1044904;2;0;2023-12-07 11:48:21.533642;73
1545662;1826352;4;0;2023-12-07 11:48:21.533642;73
1762024;1276892;6;0;2023-12-07 11:48:21.533642;73
407435;294049;8;0;2023-12-07 11:48:21.533642;73
311715;311910;10;0;2023-12-07 11:48:21.546777;74
315255;312418;12;0;2023-12-07 11:48:21.549340;74
313133;312363;14;0;2023-12-07 11:48:21.550334;74
239220;245152;0;0;2023-12-07 11:48:21.551337;74
275026;1044953;2;0;2023-12-07 11:48:21.552332;74
1545735;1826438;4;0;2023-12-07 11:48:21.552332;74
1762106;1276952;6;0;2023-12-07 11:48:21.553338;74
407454;294063;8;0;2023-12-07 11:48:21.554324;74
311730;311925;10;0;2023-12-07 11:48:21.554324;74
315270;312433;12;0;2023-12-07 11:48:21.559325;75
313148;312377;14;0;2023-12-07 11:48:21.559325;75
239232;245164;0;0;2023-12-07 11:48:21.560358;75
275039;1045002;2;0;2023-12-07 11:48:21.560358;75
1545808;1826524;4;0;2023-12-07 11:48:21.560358;75
1762190;1277012;6;0;2023-12-07 11:48:21.560358;75
407474;294077;8;0;2023-12-07 11:48:21.561356;75
311745;311940;10;0;2023-12-07 11:48:21.561639;75
315285;312447;12;0;2023-12-07 11:48:21.561639;75
313163;312392;14;0;2023-12-07 11:48:21.572562;76
239243;245176;0;0;2023-12-07 11:48:21.572562;76
275053;1045051;2;0;2023-12-07 11:48:21.572562;76
1545881;1826610;4;0;2023-12-07 11:48:21.572562;76
1762273;1277072;6;0;2023-12-07 11:48:21.572562;76
407494;294092;8;0;2023-12-07 11:48:21.573316;76
311759;311954;10;0;2023-12-07 11:48:21.573316;76
315300;312462;12;0;2023-12-07 11:48:21.573316;76
313178;312407;14;0;2023-12-07 11:48:21.573316;76
239254;245188;0;0;2023-12-07 11:48:21.587319;77
275066;1045102;2;0;2023-12-07 11:48:21.587319;77
1545954;1826697;4;0;2023-12-07 11:48:21.587319;77
1762356;1277132;6;0;2023-12-07 11:48:21.587319;77
407513;294106;8;0;2023-12-07 11:48:21.587319;77
311774;311968;10;0;2023-12-07 11:48:21.587319;77
315315;312476;12;0;2023-12-07 11:48:21.587319;77
313193;312422;14;0;2023-12-07 11:48:21.587319;77
239265;245200;0;0;2023-12-07 11:48:21.587319;77
275079;1045151;2;0;2023-12-07 11:48:21.600348;78
1546027;1826784;4;0;2023-12-07 11:48:21.600348;78
1762439;1277192;6;0;2023-12-07 11:48:21.600348;78
407532;294120;8;0;2023-12-07 11:48:21.600348;78
311789;311983;10;0;2023-12-07 11:48:21.600348;78
315330;312490;12;0;2023-12-07 11:48:21.600348;78
313208;312437;14;0;2023-12-07 11:48:21.600348;78
239276;245211;0;0;2023-12-07 11:48:21.600348;78
275092;1045200;2;0;2023-12-07 11:48:21.600348;78
1546100;1826870;4;0;2023-12-07 11:48:21.613012;79
1762522;1277253;6;0;2023-12-07 11:48:21.613012;79
407551;294134;8;0;2023-12-07 11:48:21.613012;79
311804;311998;10;0;2023-12-07 11:48:21.613012;79
315345;312505;12;0;2023-12-07 11:48:21.613012;79
313223;312451;14;0;2023-12-07 11:48:21.613012;79
239287;245222;0;0;2023-12-07 11:48:21.613012;79
275105;1045249;2;0;2023-12-07 11:48:21.613012;79
1546173;1826956;4;0;2023-12-07 11:48:21.613012;79
1762606;1277313;6;0;2023-12-07 11:48:21.625979;80
407571;294148;8;0;2023-12-07 11:48:21.625979;80
311819;312013;10;0;2023-12-07 11:48:21.625979;80
315359;312520;12;0;2023-12-07 11:48:21.625979;80
313238;312466;14;0;2023-12-07 11:48:21.625979;80
239298;245233;0;0;2023-12-07 11:48:21.625979;80
275118;1045298;2;0;2023-12-07 11:48:21.625979;80
1546246;1827042;4;0;2023-12-07 11:48:21.625979;80
1762689;1277374;6;0;2023-12-07 11:48:21.625979;80
407590;294162;8;0;2023-12-07 11:48:21.637978;81
311834;312028;10;0;2023-12-07 11:48:21.637978;81
315374;312534;12;0;2023-12-07 11:48:21.637978;81
313253;312481;14;0;2023-12-07 11:48:21.637978;81
239309;245245;0;0;2023-12-07 11:48:21.637978;81
275131;1045347;2;0;2023-12-07 11:48:21.637978;81
1546319;1827128;4;0;2023-12-07 11:48:21.637978;81
1762772;1277434;6;0;2023-12-07 11:48:21.637978;81
407609;294176;8;0;2023-12-07 11:48:21.637978;81
311849;312043;10;0;2023-12-07 11:48:21.651011;82
315389;312549;12;0;2023-12-07 11:48:21.651011;82
313268;312496;14;0;2023-12-07 11:48:21.651011;82
239321;245257;0;0;2023-12-07 11:48:21.651011;82
275144;1045397;2;0;2023-12-07 11:48:21.651011;82
1546392;1827215;4;0;2023-12-07 11:48:21.651011;82
1762855;1277495;6;0;2023-12-07 11:48:21.651011;82
407629;294189;8;0;2023-12-07 11:48:21.651011;82
311863;312058;10;0;2023-12-07 11:48:21.651011;82
315404;312564;12;0;2023-12-07 11:48:21.664346;83
313283;312511;14;0;2023-12-07 11:48:21.664346;83
239332;245268;0;0;2023-12-07 11:48:21.664346;83
275157;1045446;2;0;2023-12-07 11:48:21.664346;83
1546465;1827301;4;0;2023-12-07 11:48:21.664346;83
1762938;1277555;6;0;2023-12-07 11:48:21.664346;83
407648;294203;8;0;2023-12-07 11:48:21.664346;83
311877;312073;10;0;2023-12-07 11:48:21.664346;83
315419;312579;12;0;2023-12-07 11:48:21.664346;83
313298;312526;14;0;2023-12-07 11:48:21.676977;84
239344;245279;0;0;2023-12-07 11:48:21.676977;84
275170;1045495;2;0;2023-12-07 11:48:21.676977;84
1546538;1827387;4;0;2023-12-07 11:48:21.676977;84
1763021;1277615;6;0;2023-12-07 11:48:21.676977;84
407667;294217;8;0;2023-12-07 11:48:21.676977;84
311892;312087;10;0;2023-12-07 11:48:21.676977;84
315434;312594;12;0;2023-12-07 11:48:21.676977;84
313313;312541;14;0;2023-12-07 11:48:21.676977;84
239355;245291;0;0;2023-12-07 11:48:21.691983;85
275183;1045544;2;0;2023-12-07 11:48:21.691983;85
1546611;1827474;4;0;2023-12-07 11:48:21.693108;85
1763104;1277675;6;0;2023-12-07 11:48:21.693108;85
407686;294230;8;0;2023-12-07 11:48:21.693108;85
311906;312102;10;0;2023-12-07 11:48:21.693108;85
315449;312609;12;0;2023-12-07 11:48:21.693108;85
313327;312556;14;0;2023-12-07 11:48:21.693108;85
239367;245303;0;0;2023-12-07 11:48:21.693985;85
275196;1045594;2;0;2023-12-07 11:48:21.705303;86
1546684;1827560;4;0;2023-12-07 11:48:21.705303;86
1763187;1277736;6;0;2023-12-07 11:48:21.705303;86
407705;294244;8;0;2023-12-07 11:48:21.705303;86
311921;312116;10;0;2023-12-07 11:48:21.705303;86
315464;312624;12;0;2023-12-07 11:48:21.705303;86
313342;312571;14;0;2023-12-07 11:48:21.705986;86
239378;245315;0;0;2023-12-07 11:48:21.705986;86
275209;1045644;2;0;2023-12-07 11:48:21.705986;86
1546757;1827647;4;0;2023-12-07 11:48:21.718303;87
1763270;1277797;6;0;2023-12-07 11:48:21.718303;87
407724;294257;8;0;2023-12-07 11:48:21.718303;87
311936;312131;10;0;2023-12-07 11:48:21.718303;87
315479;312639;12;0;2023-12-07 11:48:21.718303;87
313357;312585;14;0;2023-12-07 11:48:21.718303;87
239390;245327;0;0;2023-12-07 11:48:21.718900;87
275222;1045694;2;0;2023-12-07 11:48:21.718900;87
1546830;1827733;4;0;2023-12-07 11:48:21.718900;87
1763354;1277858;6;0;2023-12-07 11:48:21.730216;88
407744;294271;8;0;2023-12-07 11:48:21.730216;88
311951;312146;10;0;2023-12-07 11:48:21.730216;88
315494;312654;12;0;2023-12-07 11:48:21.730216;88
313372;312600;14;0;2023-12-07 11:48:21.730216;88
239402;245339;0;0;2023-12-07 11:48:21.730216;88
275235;1045743;2;0;2023-12-07 11:48:21.730216;88
1546903;1827819;4;0;2023-12-07 11:48:21.730216;88
1763437;1277918;6;0;2023-12-07 11:48:21.730216;88
407763;294285;8;0;2023-12-07 11:48:21.743215;89
311966;312161;10;0;2023-12-07 11:48:21.743215;89
315509;312668;12;0;2023-12-07 11:48:21.743215;89
313387;312615;14;0;2023-12-07 11:48:21.743215;89
239414;245351;0;0;2023-12-07 11:48:21.743215;89
275248;1045792;2;0;2023-12-07 11:48:21.743215;89
1546976;1827905;4;0;2023-12-07 11:48:21.743215;89
1763520;1277978;6;0;2023-12-07 11:48:21.743215;89
407782;294299;8;0;2023-12-07 11:48:21.743215;89
311981;312175;10;0;2023-12-07 11:48:21.755216;90
315523;312682;12;0;2023-12-07 11:48:21.756214;90
313402;312630;14;0;2023-12-07 11:48:21.756214;90
239425;245363;0;0;2023-12-07 11:48:21.756214;90
275261;1045841;2;0;2023-12-07 11:48:21.756214;90
1547049;1827991;4;0;2023-12-07 11:48:21.756214;90
1763604;1278039;6;0;2023-12-07 11:48:21.756214;90
407801;294313;8;0;2023-12-07 11:48:21.756214;90
311995;312189;10;0;2023-12-07 11:48:21.756214;90
315537;312697;12;0;2023-12-07 11:48:21.768937;91
313417;312644;14;0;2023-12-07 11:48:21.768937;91
239437;245375;0;0;2023-12-07 11:48:21.768937;91
275274;1045891;2;0;2023-12-07 11:48:21.768937;91
1547122;1828078;4;0;2023-12-07 11:48:21.768937;91
1763687;1278100;6;0;2023-12-07 11:48:21.768937;91
407821;294327;8;0;2023-12-07 11:48:21.768937;91
312010;312203;10;0;2023-12-07 11:48:21.768937;91
315552;312712;12;0;2023-12-07 11:48:21.768937;91
313431;312659;14;0;2023-12-07 11:48:21.783149;92
239448;245387;0;0;2023-12-07 11:48:21.785143;92
275287;1045941;2;0;2023-12-07 11:48:21.786148;92
1547196;1828164;4;0;2023-12-07 11:48:21.787146;92
1763770;1278160;6;0;2023-12-07 11:48:21.788144;92
407840;294341;8;0;2023-12-07 11:48:21.788144;92
312025;312218;10;0;2023-12-07 11:48:21.789149;92
315567;312727;12;0;2023-12-07 11:48:21.789149;92
313446;312674;14;0;2023-12-07 11:48:21.790129;92
239459;245398;0;0;2023-12-07 11:48:21.797125;93
275300;1045991;2;0;2023-12-07 11:48:21.797125;93
1547268;1828250;4;0;2023-12-07 11:48:21.797125;93
1763853;1278220;6;0;2023-12-07 11:48:21.797125;93
407859;294354;8;0;2023-12-07 11:48:21.797125;93
312040;312233;10;0;2023-12-07 11:48:21.797125;93
315581;312741;12;0;2023-12-07 11:48:21.797125;93
313461;312689;14;0;2023-12-07 11:48:21.797125;93
239471;245409;0;0;2023-12-07 11:48:21.798149;93
275313;1046041;2;0;2023-12-07 11:48:21.810129;94
1547341;1828336;4;0;2023-12-07 11:48:21.810129;94
1763936;1278281;6;0;2023-12-07 11:48:21.810129;94
407879;294368;8;0;2023-12-07 11:48:21.810129;94
312054;312248;10;0;2023-12-07 11:48:21.811127;94
315596;312756;12;0;2023-12-07 11:48:21.811127;94
313476;312703;14;0;2023-12-07 11:48:21.811127;94
239482;245420;0;0;2023-12-07 11:48:21.811127;94
275327;1046091;2;0;2023-12-07 11:48:21.811127;94
1547414;1828421;4;0;2023-12-07 11:48:21.822411;95
1764019;1278341;6;0;2023-12-07 11:48:21.822411;95
407898;294382;8;0;2023-12-07 11:48:21.822411;95
312069;312263;10;0;2023-12-07 11:48:21.823411;95
315610;312770;12;0;2023-12-07 11:48:21.823411;95
313490;312717;14;0;2023-12-07 11:48:21.823411;95
239493;245431;0;0;2023-12-07 11:48:21.823411;95
275340;1046140;2;0;2023-12-07 11:48:21.823411;95
1547487;1828507;4;0;2023-12-07 11:48:21.823411;95
1764103;1278401;6;0;2023-12-07 11:48:21.834411;96
407918;294396;8;0;2023-12-07 11:48:21.834411;96
312083;312278;10;0;2023-12-07 11:48:21.834411;96
315625;312784;12;0;2023-12-07 11:48:21.835410;96
313505;312732;14;0;2023-12-07 11:48:21.835410;96
239505;245442;0;0;2023-12-07 11:48:21.835410;96
275353;1046190;2;0;2023-12-07 11:48:21.835410;96
1547560;1828593;4;0;2023-12-07 11:48:21.835410;96
1764187;1278461;6;0;2023-12-07 11:48:21.835410;96
407936;294410;8;0;2023-12-07 11:48:21.849435;97
312098;312293;10;0;2023-12-07 11:48:21.850498;97
315640;312799;12;0;2023-12-07 11:48:21.851489;97
313520;312746;14;0;2023-12-07 11:48:21.852267;97
239517;245453;0;0;2023-12-07 11:48:21.853266;97
275366;1046239;2;0;2023-12-07 11:48:21.853266;97
1547633;1828679;4;0;2023-12-07 11:48:21.854260;97
1764270;1278521;6;0;2023-12-07 11:48:21.854260;97
407956;294425;8;0;2023-12-07 11:48:21.855255;97
312113;312307;10;0;2023-12-07 11:48:21.861044;98
315655;312814;12;0;2023-12-07 11:48:21.861044;98
313535;312761;14;0;2023-12-07 11:48:21.861044;98
239529;245465;0;0;2023-12-07 11:48:21.861044;98
275379;1046288;2;0;2023-12-07 11:48:21.861044;98
1547705;1828765;4;0;2023-12-07 11:48:21.861044;98
1764353;1278581;6;0;2023-12-07 11:48:21.861044;98
407976;294438;8;0;2023-12-07 11:48:21.861044;98
312128;312322;10;0;2023-12-07 11:48:21.862044;98
315670;312829;12;0;2023-12-07 11:48:21.873379;99
313550;312775;14;0;2023-12-07 11:48:21.873379;99
239540;245476;0;0;2023-12-07 11:48:21.873379;99
275392;1046339;2;0;2023-12-07 11:48:21.873379;99
1547778;1828852;4;0;2023-12-07 11:48:21.873379;99
1764436;1278641;6;0;2023-12-07 11:48:21.874380;99
407996;294452;8;0;2023-12-07 11:48:21.874380;99
312142;312337;10;0;2023-12-07 11:48:21.874380;99
315685;312844;12;0;2023-12-07 11:48:21.874380;99
313565;312790;14;0;2023-12-07 11:48:21.886916;100
239551;245487;0;0;2023-12-07 11:48:21.886916;100
275405;1046387;2;0;2023-12-07 11:48:21.886916;100
1547850;1828938;4;0;2023-12-07 11:48:21.886916;100
1764519;1278701;6;0;2023-12-07 11:48:21.886916;100
408015;294466;8;0;2023-12-07 11:48:21.886916;100
312156;312352;10;0;2023-12-07 11:48:21.886916;100
315701;312858;12;0;2023-12-07 11:48:21.886916;100
313580;312805;14;0;2023-12-07 11:48:21.886916;100
239563;245499;0;0;2023-12-07 11:48:21.899849;101
275418;1046436;2;0;2023-12-07 11:48:21.901985;101
1547922;1829023;4;0;2023-12-07 11:48:21.901985;101
1764602;1278761;6;0;2023-12-07 11:48:21.901985;101
408034;294480;8;0;2023-12-07 11:48:21.901985;101
312170;312367;10;0;2023-12-07 11:48:21.901985;101
315717;312873;12;0;2023-12-07 11:48:21.901985;101
313595;312819;14;0;2023-12-07 11:48:21.901985;101
239574;245511;0;0;2023-12-07 11:48:21.901985;101
275431;1046485;2;0;2023-12-07 11:48:21.914756;102
1547995;1829109;4;0;2023-12-07 11:48:21.914756;102
1764685;1278821;6;0;2023-12-07 11:48:21.914756;102
408053;294494;8;0;2023-12-07 11:48:21.914756;102
312185;312382;10;0;2023-12-07 11:48:21.914756;102
315732;312888;12;0;2023-12-07 11:48:21.914756;102
313609;312834;14;0;2023-12-07 11:48:21.914756;102
239586;245523;0;0;2023-12-07 11:48:21.914756;102
275444;1046534;2;0;2023-12-07 11:48:21.914756;102
1548068;1829196;4;0;2023-12-07 11:48:21.925752;103
1764768;1278881;6;0;2023-12-07 11:48:21.925752;103
408072;294508;8;0;2023-12-07 11:48:21.925752;103
312200;312397;10;0;2023-12-07 11:48:21.925752;103
315747;312902;12;0;2023-12-07 11:48:21.925752;103
313624;312848;14;0;2023-12-07 11:48:21.925752;103
239597;245535;0;0;2023-12-07 11:48:21.925752;103
275457;1046583;2;0;2023-12-07 11:48:21.925752;103
1548142;1829283;4;0;2023-12-07 11:48:21.925752;103
1764851;1278942;6;0;2023-12-07 11:48:21.939786;104
408091;294522;8;0;2023-12-07 11:48:21.939786;104
312215;312412;10;0;2023-12-07 11:48:21.939786;104
315762;312916;12;0;2023-12-07 11:48:21.939786;104
313639;312863;14;0;2023-12-07 11:48:21.939786;104
239609;245546;0;0;2023-12-07 11:48:21.939786;104
275470;1046633;2;0;2023-12-07 11:48:21.939786;104
1548215;1829369;4;0;2023-12-07 11:48:21.939786;104
1764934;1279002;6;0;2023-12-07 11:48:21.939786;104
408110;294536;8;0;2023-12-07 11:48:21.952746;105
312229;312427;10;0;2023-12-07 11:48:21.952746;105
315777;312931;12;0;2023-12-07 11:48:21.952746;105
313654;312878;14;0;2023-12-07 11:48:21.952746;105
239621;245557;0;0;2023-12-07 11:48:21.952746;105
275483;1046682;2;0;2023-12-07 11:48:21.952746;105
1548288;1829455;4;0;2023-12-07 11:48:21.952746;105
1765017;1279061;6;0;2023-12-07 11:48:21.952746;105
408129;294549;8;0;2023-12-07 11:48:21.952746;105
312244;312442;10;0;2023-12-07 11:48:21.964904;106
315792;312946;12;0;2023-12-07 11:48:21.964904;106
313669;312893;14;0;2023-12-07 11:48:21.964904;106
239632;245568;0;0;2023-12-07 11:48:21.965905;106
275496;1046731;2;0;2023-12-07 11:48:21.965905;106
1548361;1829541;4;0;2023-12-07 11:48:21.965905;106
1765101;1279121;6;0;2023-12-07 11:48:21.965905;106
408148;294563;8;0;2023-12-07 11:48:21.965905;106
312258;312457;10;0;2023-12-07 11:48:21.965905;106
315807;312960;12;0;2023-12-07 11:48:21.978747;107
313685;312908;14;0;2023-12-07 11:48:21.978747;107
239643;245579;0;0;2023-12-07 11:48:21.978747;107
275509;1046781;2;0;2023-12-07 11:48:21.978747;107
1548434;1829626;4;0;2023-12-07 11:48:21.978747;107
1765184;1279181;6;0;2023-12-07 11:48:21.978747;107
408167;294577;8;0;2023-12-07 11:48:21.978747;107
312273;312472;10;0;2023-12-07 11:48:21.978747;107
315822;312975;12;0;2023-12-07 11:48:21.978747;107
313700;312923;14;0;2023-12-07 11:48:21.989689;108
239654;245591;0;0;2023-12-07 11:48:21.989689;108
275522;1046830;2;0;2023-12-07 11:48:21.989689;108
1548507;1829712;4;0;2023-12-07 11:48:21.989689;108
1765268;1279241;6;0;2023-12-07 11:48:21.989689;108
408186;294591;8;0;2023-12-07 11:48:21.989689;108
312288;312487;10;0;2023-12-07 11:48:21.989689;108
315836;312990;12;0;2023-12-07 11:48:21.989689;108
313715;312938;14;0;2023-12-07 11:48:21.989689;108
239665;245602;0;0;2023-12-07 11:48:22.006600;109
275535;1046880;2;0;2023-12-07 11:48:22.006600;109
1548580;1829798;4;0;2023-12-07 11:48:22.006600;109
1765351;1279301;6;0;2023-12-07 11:48:22.006600;109
408205;294605;8;0;2023-12-07 11:48:22.006600;109
312303;312502;10;0;2023-12-07 11:48:22.006600;109
315851;313005;12;0;2023-12-07 11:48:22.006600;109
313730;312952;14;0;2023-12-07 11:48:22.006600;109
239676;245614;0;0;2023-12-07 11:48:22.006600;109
275548;1046930;2;0;2023-12-07 11:48:22.019681;110
1548654;1829884;4;0;2023-12-07 11:48:22.019681;110
1765435;1279361;6;0;2023-12-07 11:48:22.019681;110
408224;294619;8;0;2023-12-07 11:48:22.019681;110
312317;312517;10;0;2023-12-07 11:48:22.019681;110
315866;313019;12;0;2023-12-07 11:48:22.019681;110
313745;312967;14;0;2023-12-07 11:48:22.019681;110
239687;245626;0;0;2023-12-07 11:48:22.019681;110
275561;1046979;2;0;2023-12-07 11:48:22.019681;110
1548726;1829970;4;0;2023-12-07 11:48:22.031591;111
1765518;1279421;6;0;2023-12-07 11:48:22.031591;111
408244;294633;8;0;2023-12-07 11:48:22.031591;111
312331;312531;10;0;2023-12-07 11:48:22.031591;111
315881;313034;12;0;2023-12-07 11:48:22.031591;111
313760;312982;14;0;2023-12-07 11:48:22.031591;111
239699;245637;0;0;2023-12-07 11:48:22.031591;111
275574;1047029;2;0;2023-12-07 11:48:22.031591;111
1548799;1830056;4;0;2023-12-07 11:48:22.031591;111
1765601;1279481;6;0;2023-12-07 11:48:22.044593;112
408263;294647;8;0;2023-12-07 11:48:22.044593;112
312345;312546;10;0;2023-12-07 11:48:22.044593;112
315896;313049;12;0;2023-12-07 11:48:22.044593;112
313774;312997;14;0;2023-12-07 11:48:22.044593;112
239710;245649;0;0;2023-12-07 11:48:22.044593;112
275587;1047078;2;0;2023-12-07 11:48:22.044593;112
1548872;1830143;4;0;2023-12-07 11:48:22.044593;112
1765684;1279542;6;0;2023-12-07 11:48:22.044593;112
408282;294662;8;0;2023-12-07 11:48:22.057746;113
312360;312560;10;0;2023-12-07 11:48:22.057746;113
315911;313064;12;0;2023-12-07 11:48:22.057746;113
313789;313012;14;0;2023-12-07 11:48:22.057746;113
239722;245660;0;0;2023-12-07 11:48:22.058744;113
275600;1047127;2;0;2023-12-07 11:48:22.058744;113
1548945;1830229;4;0;2023-12-07 11:48:22.058744;113
1765768;1279603;6;0;2023-12-07 11:48:22.058744;113
408302;294676;8;0;2023-12-07 11:48:22.058744;113
312375;312574;10;0;2023-12-07 11:48:22.070592;114
315925;313079;12;0;2023-12-07 11:48:22.070592;114
313803;313027;14;0;2023-12-07 11:48:22.070592;114
239733;245672;0;0;2023-12-07 11:48:22.070592;114
275613;1047177;2;0;2023-12-07 11:48:22.070592;114
1549018;1830315;4;0;2023-12-07 11:48:22.070592;114
1765851;1279664;6;0;2023-12-07 11:48:22.070592;114
408321;294690;8;0;2023-12-07 11:48:22.070592;114
312390;312588;10;0;2023-12-07 11:48:22.070592;114
315940;313094;12;0;2023-12-07 11:48:22.082674;115
313818;313042;14;0;2023-12-07 11:48:22.082674;115
239744;245683;0;0;2023-12-07 11:48:22.083671;115
275626;1047226;2;0;2023-12-07 11:48:22.083671;115
1549091;1830401;4;0;2023-12-07 11:48:22.083671;115
1765934;1279724;6;0;2023-12-07 11:48:22.083671;115
408340;294704;8;0;2023-12-07 11:48:22.083671;115
312405;312603;10;0;2023-12-07 11:48:22.083671;115
315954;313109;12;0;2023-12-07 11:48:22.083671;115
313833;313057;14;0;2023-12-07 11:48:22.095431;116
239755;245694;0;0;2023-12-07 11:48:22.095555;116
275639;1047275;2;0;2023-12-07 11:48:22.095555;116
1549164;1830488;4;0;2023-12-07 11:48:22.095555;116
1766017;1279785;6;0;2023-12-07 11:48:22.095555;116
408359;294718;8;0;2023-12-07 11:48:22.095555;116
312420;312617;10;0;2023-12-07 11:48:22.095555;116
315969;313123;12;0;2023-12-07 11:48:22.095555;116
313848;313071;14;0;2023-12-07 11:48:22.095555;116
239766;245706;0;0;2023-12-07 11:48:22.110873;117
275652;1047324;2;0;2023-12-07 11:48:22.112782;117
1549238;1830575;4;0;2023-12-07 11:48:22.112782;117
1766101;1279845;6;0;2023-12-07 11:48:22.112782;117
408378;294732;8;0;2023-12-07 11:48:22.112782;117
312435;312632;10;0;2023-12-07 11:48:22.112782;117
315984;313137;12;0;2023-12-07 11:48:22.112782;117
313863;313085;14;0;2023-12-07 11:48:22.112782;117
239777;245718;0;0;2023-12-07 11:48:22.112782;117
275665;1047374;2;0;2023-12-07 11:48:22.122434;118
1549311;1830661;4;0;2023-12-07 11:48:22.122434;118
1766185;1279906;6;0;2023-12-07 11:48:22.122434;118
408397;294746;8;0;2023-12-07 11:48:22.122434;118
312451;312647;10;0;2023-12-07 11:48:22.122434;118
315999;313152;12;0;2023-12-07 11:48:22.122434;118
313878;313100;14;0;2023-12-07 11:48:22.122434;118
239788;245730;0;0;2023-12-07 11:48:22.124442;118
275678;1047423;2;0;2023-12-07 11:48:22.124442;118
1549384;1830747;4;0;2023-12-07 11:48:22.136234;119
1766268;1279966;6;0;2023-12-07 11:48:22.136234;119
408416;294760;8;0;2023-12-07 11:48:22.136234;119
312466;312662;10;0;2023-12-07 11:48:22.136234;119
316013;313167;12;0;2023-12-07 11:48:22.136234;119
313893;313115;14;0;2023-12-07 11:48:22.136234;119
239799;245741;0;0;2023-12-07 11:48:22.136234;119
275690;1047472;2;0;2023-12-07 11:48:22.136234;119
1549457;1830834;4;0;2023-12-07 11:48:22.137230;119
1766351;1280027;6;0;2023-12-07 11:48:22.149230;120
408435;294774;8;0;2023-12-07 11:48:22.149230;120
312481;312677;10;0;2023-12-07 11:48:22.149230;120
316028;313182;12;0;2023-12-07 11:48:22.149230;120
313908;313130;14;0;2023-12-07 11:48:22.149230;120
239810;245753;0;0;2023-12-07 11:48:22.149230;120
275703;1047521;2;0;2023-12-07 11:48:22.149230;120
1549530;1830920;4;0;2023-12-07 11:48:22.149230;120
1766435;1280087;6;0;2023-12-07 11:48:22.149230;120
408454;294788;8;0;2023-12-07 11:48:22.162228;121
312496;312692;10;0;2023-12-07 11:48:22.162228;121
316043;313197;12;0;2023-12-07 11:48:22.162228;121
313922;313144;14;0;2023-12-07 11:48:22.162228;121
239822;245764;0;0;2023-12-07 11:48:22.162228;121
275715;1047570;2;0;2023-12-07 11:48:22.162228;121
1549602;1831006;4;0;2023-12-07 11:48:22.162228;121
1766518;1280147;6;0;2023-12-07 11:48:22.162228;121
408473;294802;8;0;2023-12-07 11:48:22.162228;121
312510;312707;10;0;2023-12-07 11:48:22.175477;122
316058;313212;12;0;2023-12-07 11:48:22.175477;122
313937;313159;14;0;2023-12-07 11:48:22.176454;122
239833;245775;0;0;2023-12-07 11:48:22.176454;122
275728;1047619;2;0;2023-12-07 11:48:22.176454;122
1549675;1831092;4;0;2023-12-07 11:48:22.176454;122
1766601;1280207;6;0;2023-12-07 11:48:22.176454;122
408492;294817;8;0;2023-12-07 11:48:22.177458;122
312524;312722;10;0;2023-12-07 11:48:22.177458;122
316073;313227;12;0;2023-12-07 11:48:22.187323;123
313952;313173;14;0;2023-12-07 11:48:22.187323;123
239844;245787;0;0;2023-12-07 11:48:22.187323;123
275741;1047668;2;0;2023-12-07 11:48:22.187323;123
1549748;1831178;4;0;2023-12-07 11:48:22.187323;123
1766684;1280267;6;0;2023-12-07 11:48:22.188320;123
408511;294831;8;0;2023-12-07 11:48:22.188320;123
312539;312737;10;0;2023-12-07 11:48:22.188320;123
316088;313242;12;0;2023-12-07 11:48:22.188320;123
313967;313188;14;0;2023-12-07 11:48:22.200318;124
239855;245798;0;0;2023-12-07 11:48:22.200318;124
275754;1047718;2;0;2023-12-07 11:48:22.200318;124
1549822;1831265;4;0;2023-12-07 11:48:22.200318;124
1766768;1280328;6;0;2023-12-07 11:48:22.201069;124
408531;294845;8;0;2023-12-07 11:48:22.201069;124
312554;312752;10;0;2023-12-07 11:48:22.201316;124
316103;313256;12;0;2023-12-07 11:48:22.201316;124
313982;313203;14;0;2023-12-07 11:48:22.201316;124
239866;245809;0;0;2023-12-07 11:48:22.215878;125
275767;1047767;2;0;2023-12-07 11:48:22.215878;125
1549895;1831352;4;0;2023-12-07 11:48:22.215878;125
1766851;1280389;6;0;2023-12-07 11:48:22.215878;125
408551;294858;8;0;2023-12-07 11:48:22.215878;125
312569;312767;10;0;2023-12-07 11:48:22.215878;125
316118;313271;12;0;2023-12-07 11:48:22.215878;125
313997;313218;14;0;2023-12-07 11:48:22.216876;125
239878;245820;0;0;2023-12-07 11:48:22.216876;125
275780;1047816;2;0;2023-12-07 11:48:22.228147;126
1549968;1831438;4;0;2023-12-07 11:48:22.228147;126
1766934;1280449;6;0;2023-12-07 11:48:22.228147;126
408570;294872;8;0;2023-12-07 11:48:22.228147;126
312584;312782;10;0;2023-12-07 11:48:22.228147;126
316133;313286;12;0;2023-12-07 11:48:22.228147;126
314012;313233;14;0;2023-12-07 11:48:22.228147;126
239889;245831;0;0;2023-12-07 11:48:22.228147;126
275793;1047866;2;0;2023-12-07 11:48:22.228147;126
1550041;1831525;4;0;2023-12-07 11:48:22.241156;127
1767018;1280510;6;0;2023-12-07 11:48:22.241156;127
408590;294886;8;0;2023-12-07 11:48:22.241156;127
312599;312797;10;0;2023-12-07 11:48:22.241156;127
316148;313301;12;0;2023-12-07 11:48:22.241156;127
314027;313248;14;0;2023-12-07 11:48:22.241156;127
239901;245842;0;0;2023-12-07 11:48:22.241156;127
275806;1047915;2;0;2023-12-07 11:48:22.241156;127
1550114;1831611;4;0;2023-12-07 11:48:22.241156;127
1767101;1280570;6;0;2023-12-07 11:48:22.254061;128
408609;294900;8;0;2023-12-07 11:48:22.254061;128
312614;312812;10;0;2023-12-07 11:48:22.254061;128
316163;313316;12;0;2023-12-07 11:48:22.254061;128
314041;313262;14;0;2023-12-07 11:48:22.254061;128
239912;245854;0;0;2023-12-07 11:48:22.254061;128
275819;1047964;2;0;2023-12-07 11:48:22.254061;128
1550187;1831698;4;0;2023-12-07 11:48:22.254061;128
1767184;1280631;6;0;2023-12-07 11:48:22.254061;128
408629;294914;8;0;2023-12-07 11:48:22.267127;129
312629;312827;10;0;2023-12-07 11:48:22.267127;129
316178;313331;12;0;2023-12-07 11:48:22.267127;129
314056;313277;14;0;2023-12-07 11:48:22.267127;129
239923;245866;0;0;2023-12-07 11:48:22.267127;129
275831;1048013;2;0;2023-12-07 11:48:22.267127;129
1550260;1831784;4;0;2023-12-07 11:48:22.267127;129
1767268;1280691;6;0;2023-12-07 11:48:22.267127;129
408649;294928;8;0;2023-12-07 11:48:22.267127;129
312643;312842;10;0;2023-12-07 11:48:22.280012;130
316193;313346;12;0;2023-12-07 11:48:22.280012;130
314071;313291;14;0;2023-12-07 11:48:22.280012;130
239934;245878;0;0;2023-12-07 11:48:22.280012;130
275844;1048062;2;0;2023-12-07 11:48:22.280012;130
1550333;1831871;4;0;2023-12-07 11:48:22.280012;130
1767352;1280752;6;0;2023-12-07 11:48:22.280012;130
408669;294942;8;0;2023-12-07 11:48:22.280012;130
312658;312856;10;0;2023-12-07 11:48:22.280012;130
316208;313361;12;0;2023-12-07 11:48:22.292048;131
314086;313306;14;0;2023-12-07 11:48:22.292048;131
239946;245890;0;0;2023-12-07 11:48:22.292048;131
275858;1048111;2;0;2023-12-07 11:48:22.292048;131
1550405;1831957;4;0;2023-12-07 11:48:22.292048;131
1767435;1280812;6;0;2023-12-07 11:48:22.292048;131
408688;294956;8;0;2023-12-07 11:48:22.292048;131
312672;312871;10;0;2023-12-07 11:48:22.292048;131
316223;313376;12;0;2023-12-07 11:48:22.292048;131
314101;313321;14;0;2023-12-07 11:48:22.305052;132
239957;245901;0;0;2023-12-07 11:48:22.305052;132
275871;1048161;2;0;2023-12-07 11:48:22.305052;132
1550478;1832043;4;0;2023-12-07 11:48:22.305052;132
1767518;1280872;6;0;2023-12-07 11:48:22.305052;132
408707;294970;8;0;2023-12-07 11:48:22.305052;132
312686;312886;10;0;2023-12-07 11:48:22.305052;132
316238;313391;12;0;2023-12-07 11:48:22.305052;132
314116;313336;14;0;2023-12-07 11:48:22.305052;132
239969;245913;0;0;2023-12-07 11:48:22.320064;133
275884;1048210;2;0;2023-12-07 11:48:22.320064;133
1550551;1832130;4;0;2023-12-07 11:48:22.320064;133
1767601;1280932;6;0;2023-12-07 11:48:22.320064;133
408726;294984;8;0;2023-12-07 11:48:22.320064;133
312700;312901;10;0;2023-12-07 11:48:22.320064;133
316253;313406;12;0;2023-12-07 11:48:22.320064;133
314131;313350;14;0;2023-12-07 11:48:22.320064;133
239981;245924;0;0;2023-12-07 11:48:22.320064;133
275897;1048259;2;0;2023-12-07 11:48:22.332917;134
1550624;1832216;4;0;2023-12-07 11:48:22.332917;134
1767684;1280992;6;0;2023-12-07 11:48:22.332917;134
408745;294998;8;0;2023-12-07 11:48:22.332917;134
312715;312916;10;0;2023-12-07 11:48:22.332917;134
316268;313421;12;0;2023-12-07 11:48:22.332917;134
314146;313365;14;0;2023-12-07 11:48:22.332917;134
239992;245936;0;0;2023-12-07 11:48:22.332917;134
275910;1048309;2;0;2023-12-07 11:48:22.332917;134
1550697;1832303;4;0;2023-12-07 11:48:22.345955;135
1767768;1281052;6;0;2023-12-07 11:48:22.345955;135
408765;295012;8;0;2023-12-07 11:48:22.345955;135
312729;312930;10;0;2023-12-07 11:48:22.345955;135
316283;313435;12;0;2023-12-07 11:48:22.345955;135
314161;313380;14;0;2023-12-07 11:48:22.345955;135
240004;245948;0;0;2023-12-07 11:48:22.345955;135
275922;1048359;2;0;2023-12-07 11:48:22.345955;135
1550770;1832389;4;0;2023-12-07 11:48:22.345955;135
1767851;1281113;6;0;2023-12-07 11:48:22.358889;136
408785;295026;8;0;2023-12-07 11:48:22.358889;136
312744;312944;10;0;2023-12-07 11:48:22.358889;136
316298;313449;12;0;2023-12-07 11:48:22.358889;136
314176;313395;14;0;2023-12-07 11:48:22.358889;136
240015;245960;0;0;2023-12-07 11:48:22.358889;136
275935;1048408;2;0;2023-12-07 11:48:22.358889;136
1550843;1832475;4;0;2023-12-07 11:48:22.358889;136
1767935;1281174;6;0;2023-12-07 11:48:22.358889;136
408804;295040;8;0;2023-12-07 11:48:22.371892;137
312758;312959;10;0;2023-12-07 11:48:22.371892;137
316312;313464;12;0;2023-12-07 11:48:22.371892;137
314190;313410;14;0;2023-12-07 11:48:22.371892;137
240026;245973;0;0;2023-12-07 11:48:22.371892;137
275948;1048457;2;0;2023-12-07 11:48:22.371892;137
1550916;1832561;4;0;2023-12-07 11:48:22.371892;137
1768018;1281235;6;0;2023-12-07 11:48:22.371892;137
408823;295054;8;0;2023-12-07 11:48:22.371892;137
312773;312974;10;0;2023-12-07 11:48:22.383953;138
316327;313479;12;0;2023-12-07 11:48:22.383953;138
314205;313425;14;0;2023-12-07 11:48:22.383953;138
240037;245985;0;0;2023-12-07 11:48:22.383953;138
275961;1048506;2;0;2023-12-07 11:48:22.383953;138
1550989;1832648;4;0;2023-12-07 11:48:22.383953;138
1768101;1281296;6;0;2023-12-07 11:48:22.383953;138
408843;295068;8;0;2023-12-07 11:48:22.383953;138
312788;312989;10;0;2023-12-07 11:48:22.383953;138
316342;313495;12;0;2023-12-07 11:48:22.396868;139
314220;313440;14;0;2023-12-07 11:48:22.396868;139
240049;245997;0;0;2023-12-07 11:48:22.396868;139
275974;1048555;2;0;2023-12-07 11:48:22.396868;139
1551061;1832734;4;0;2023-12-07 11:48:22.396868;139
1768184;1281356;6;0;2023-12-07 11:48:22.396868;139
408862;295082;8;0;2023-12-07 11:48:22.396868;139
312803;313004;10;0;2023-12-07 11:48:22.396868;139
316357;313510;12;0;2023-12-07 11:48:22.396868;139
314234;313455;14;0;2023-12-07 11:48:22.409167;140
240061;246009;0;0;2023-12-07 11:48:22.410167;140
275987;1048605;2;0;2023-12-07 11:48:22.410167;140
1551134;1832820;4;0;2023-12-07 11:48:22.410167;140
1768267;1281416;6;0;2023-12-07 11:48:22.411165;140
408881;295096;8;0;2023-12-07 11:48:22.411165;140
312817;313018;10;0;2023-12-07 11:48:22.411165;140
316372;313524;12;0;2023-12-07 11:48:22.411165;140
314249;313470;14;0;2023-12-07 11:48:22.411165;140
240073;246021;0;0;2023-12-07 11:48:22.424105;141
276000;1048655;2;0;2023-12-07 11:48:22.425105;141
1551207;1832906;4;0;2023-12-07 11:48:22.425105;141
1768351;1281477;6;0;2023-12-07 11:48:22.425105;141
408900;295110;8;0;2023-12-07 11:48:22.425105;141
312832;313033;10;0;2023-12-07 11:48:22.425105;141
316387;313538;12;0;2023-12-07 11:48:22.425105;141
314264;313484;14;0;2023-12-07 11:48:22.425105;141
240085;246033;0;0;2023-12-07 11:48:22.425105;141
276013;1048704;2;0;2023-12-07 11:48:22.437835;142
1551280;1832993;4;0;2023-12-07 11:48:22.437835;142
1768435;1281538;6;0;2023-12-07 11:48:22.437835;142
408919;295124;8;0;2023-12-07 11:48:22.437835;142
312847;313048;10;0;2023-12-07 11:48:22.437835;142
316402;313553;12;0;2023-12-07 11:48:22.437835;142
314278;313498;14;0;2023-12-07 11:48:22.437835;142
240097;246044;0;0;2023-12-07 11:48:22.437835;142
276026;1048753;2;0;2023-12-07 11:48:22.437835;142
1551353;1833079;4;0;2023-12-07 11:48:22.450177;143
1768518;1281598;6;0;2023-12-07 11:48:22.450177;143
408938;295138;8;0;2023-12-07 11:48:22.450177;143
312862;313063;10;0;2023-12-07 11:48:22.450177;143
316417;313568;12;0;2023-12-07 11:48:22.450177;143
314293;313512;14;0;2023-12-07 11:48:22.450177;143
240109;246056;0;0;2023-12-07 11:48:22.450177;143
276039;1048803;2;0;2023-12-07 11:48:22.450177;143
1551426;1833165;4;0;2023-12-07 11:48:22.451176;143
1768602;1281658;6;0;2023-12-07 11:48:22.463943;144
408957;295152;8;0;2023-12-07 11:48:22.463943;144
312877;313078;10;0;2023-12-07 11:48:22.466426;144
316432;313583;12;0;2023-12-07 11:48:22.467417;144
314308;313527;14;0;2023-12-07 11:48:22.467945;144
240120;246068;0;0;2023-12-07 11:48:22.467945;144
276052;1048853;2;0;2023-12-07 11:48:22.467945;144
1551499;1833251;4;0;2023-12-07 11:48:22.468943;144
1768686;1281719;6;0;2023-12-07 11:48:22.468943;144
408977;295166;8;0;2023-12-07 11:48:22.475938;145
312892;313093;10;0;2023-12-07 11:48:22.476939;145
316447;313598;12;0;2023-12-07 11:48:22.477093;145
314323;313542;14;0;2023-12-07 11:48:22.477093;145
240132;246080;0;0;2023-12-07 11:48:22.477093;145
276065;1048902;2;0;2023-12-07 11:48:22.477093;145
1551572;1833337;4;0;2023-12-07 11:48:22.477093;145
1768769;1281779;6;0;2023-12-07 11:48:22.477093;145
408997;295180;8;0;2023-12-07 11:48:22.477093;145
312906;313108;10;0;2023-12-07 11:48:22.487939;146
316462;313613;12;0;2023-12-07 11:48:22.487939;146
314337;313557;14;0;2023-12-07 11:48:22.488937;146
240143;246092;0;0;2023-12-07 11:48:22.488937;146
276078;1048951;2;0;2023-12-07 11:48:22.488937;146
1551645;1833423;4;0;2023-12-07 11:48:22.488937;146
1768852;1281839;6;0;2023-12-07 11:48:22.488937;146
409016;295194;8;0;2023-12-07 11:48:22.488937;146
312921;313122;10;0;2023-12-07 11:48:22.488937;146
316477;313627;12;0;2023-12-07 11:48:22.500939;147
314352;313572;14;0;2023-12-07 11:48:22.500939;147
240154;246103;0;0;2023-12-07 11:48:22.500939;147
276091;1049000;2;0;2023-12-07 11:48:22.501938;147
1551718;1833509;4;0;2023-12-07 11:48:22.501938;147
1768935;1281900;6;0;2023-12-07 11:48:22.501938;147
409035;295209;8;0;2023-12-07 11:48:22.501938;147
312937;313137;10;0;2023-12-07 11:48:22.501938;147
316491;313642;12;0;2023-12-07 11:48:22.501938;147
314367;313587;14;0;2023-12-07 11:48:22.513959;148
240165;246114;0;0;2023-12-07 11:48:22.513959;148
276103;1049049;2;0;2023-12-07 11:48:22.513959;148
1551791;1833595;4;0;2023-12-07 11:48:22.513959;148
1769018;1281961;6;0;2023-12-07 11:48:22.514960;148
409054;295223;8;0;2023-12-07 11:48:22.514960;148
312952;313152;10;0;2023-12-07 11:48:22.514960;148
316506;313656;12;0;2023-12-07 11:48:22.514960;148
314382;313601;14;0;2023-12-07 11:48:22.515156;148
240176;246125;0;0;2023-12-07 11:48:22.529103;149
276116;1049099;2;0;2023-12-07 11:48:22.529103;149
1551864;1833681;4;0;2023-12-07 11:48:22.529103;149
1769101;1282021;6;0;2023-12-07 11:48:22.529103;149
409073;295237;8;0;2023-12-07 11:48:22.529103;149
312967;313167;10;0;2023-12-07 11:48:22.529103;149
316521;313671;12;0;2023-12-07 11:48:22.529103;149
314397;313615;14;0;2023-12-07 11:48:22.529959;149
240188;246137;0;0;2023-12-07 11:48:22.529959;149
276129;1049149;2;0;2023-12-07 11:48:22.542112;150
1551937;1833767;4;0;2023-12-07 11:48:22.542112;150
1769184;1282081;6;0;2023-12-07 11:48:22.542112;150
409093;295251;8;0;2023-12-07 11:48:22.542112;150
312981;313181;10;0;2023-12-07 11:48:22.542112;150
316536;313686;12;0;2023-12-07 11:48:22.542112;150
314412;313630;14;0;2023-12-07 11:48:22.542112;150
240199;246148;0;0;2023-12-07 11:48:22.542112;150
276143;1049198;2;0;2023-12-07 11:48:22.542112;150
1552010;1833854;4;0;2023-12-07 11:48:22.555110;151
1769267;1282141;6;0;2023-12-07 11:48:22.555110;151
409112;295265;8;0;2023-12-07 11:48:22.555110;151
312996;313195;10;0;2023-12-07 11:48:22.555110;151
316550;313701;12;0;2023-12-07 11:48:22.555110;151
314427;313645;14;0;2023-12-07 11:48:22.555110;151
240210;246160;0;0;2023-12-07 11:48:22.555110;151
276156;1049247;2;0;2023-12-07 11:48:22.555110;151
1552083;1833940;4;0;2023-12-07 11:48:22.555110;151
1769350;1282201;6;0;2023-12-07 11:48:22.568111;152
409132;295279;8;0;2023-12-07 11:48:22.568111;152
313011;313210;10;0;2023-12-07 11:48:22.568111;152
316565;313716;12;0;2023-12-07 11:48:22.568111;152
314442;313660;14;0;2023-12-07 11:48:22.568111;152
240221;246171;0;0;2023-12-07 11:48:22.568111;152
276169;1049296;2;0;2023-12-07 11:48:22.568111;152
1552156;1834025;4;0;2023-12-07 11:48:22.568111;152
1769433;1282261;6;0;2023-12-07 11:48:22.568111;152
409151;295293;8;0;2023-12-07 11:48:22.580576;153
313026;313225;10;0;2023-12-07 11:48:22.580576;153
316580;313731;12;0;2023-12-07 11:48:22.580576;153
314457;313675;14;0;2023-12-07 11:48:22.580576;153
240232;246183;0;0;2023-12-07 11:48:22.580576;153
276182;1049346;2;0;2023-12-07 11:48:22.580576;153
1552229;1834111;4;0;2023-12-07 11:48:22.580576;153
1769516;1282321;6;0;2023-12-07 11:48:22.580576;153
409170;295307;8;0;2023-12-07 11:48:22.580576;153
313041;313240;10;0;2023-12-07 11:48:22.593422;154
316595;313746;12;0;2023-12-07 11:48:22.593576;154
314471;313690;14;0;2023-12-07 11:48:22.593576;154
240243;246195;0;0;2023-12-07 11:48:22.593576;154
276195;1049394;2;0;2023-12-07 11:48:22.593576;154
1552302;1834197;4;0;2023-12-07 11:48:22.593576;154
1769599;1282381;6;0;2023-12-07 11:48:22.593576;154
409189;295321;8;0;2023-12-07 11:48:22.593576;154
313056;313255;10;0;2023-12-07 11:48:22.593576;154
316610;313761;12;0;2023-12-07 11:48:22.606582;155
314486;313705;14;0;2023-12-07 11:48:22.606582;155
240254;246207;0;0;2023-12-07 11:48:22.606582;155
276208;1049443;2;0;2023-12-07 11:48:22.606582;155
1552375;1834283;4;0;2023-12-07 11:48:22.606582;155
1769682;1282441;6;0;2023-12-07 11:48:22.607583;155
409208;295335;8;0;2023-12-07 11:48:22.607583;155
313070;313270;10;0;2023-12-07 11:48:22.607583;155
316625;313776;12;0;2023-12-07 11:48:22.607583;155
314501;313720;14;0;2023-12-07 11:48:22.619526;156
240265;246219;0;0;2023-12-07 11:48:22.619526;156
276221;1049491;2;0;2023-12-07 11:48:22.619526;156
1552447;1834369;4;0;2023-12-07 11:48:22.619904;156
1769765;1282501;6;0;2023-12-07 11:48:22.619904;156
409227;295349;8;0;2023-12-07 11:48:22.619904;156
313084;313285;10;0;2023-12-07 11:48:22.619904;156
316640;313790;12;0;2023-12-07 11:48:22.619904;156
314516;313735;14;0;2023-12-07 11:48:22.619904;156
240276;246230;0;0;2023-12-07 11:48:22.634367;157
276234;1049542;2;0;2023-12-07 11:48:22.634367;157
1552521;1834455;4;0;2023-12-07 11:48:22.634367;157
1769848;1282561;6;0;2023-12-07 11:48:22.634367;157
409246;295362;8;0;2023-12-07 11:48:22.634367;157
313099;313300;10;0;2023-12-07 11:48:22.634878;157
316654;313805;12;0;2023-12-07 11:48:22.634878;157
314531;313750;14;0;2023-12-07 11:48:22.634878;157
240288;246241;0;0;2023-12-07 11:48:22.634878;157
276247;1049591;2;0;2023-12-07 11:48:22.647297;158
1552595;1834541;4;0;2023-12-07 11:48:22.647297;158
1769931;1282621;6;0;2023-12-07 11:48:22.647297;158
409266;295376;8;0;2023-12-07 11:48:22.647297;158
313114;313315;10;0;2023-12-07 11:48:22.647297;158
316669;313820;12;0;2023-12-07 11:48:22.647297;158
314546;313765;14;0;2023-12-07 11:48:22.647297;158
240299;246253;0;0;2023-12-07 11:48:22.647297;158
276260;1049640;2;0;2023-12-07 11:48:22.647297;158
1552668;1834627;4;0;2023-12-07 11:48:22.660295;159
1770014;1282681;6;0;2023-12-07 11:48:22.660295;159
409285;295389;8;0;2023-12-07 11:48:22.660295;159
313128;313330;10;0;2023-12-07 11:48:22.660295;159
316684;313834;12;0;2023-12-07 11:48:22.660295;159
314561;313780;14;0;2023-12-07 11:48:22.660295;159
240310;246264;0;0;2023-12-07 11:48:22.660295;159
276273;1049689;2;0;2023-12-07 11:48:22.660295;159
1552741;1834713;4;0;2023-12-07 11:48:22.660295;159
1770097;1282741;6;0;2023-12-07 11:48:22.672402;160
409304;295402;8;0;2023-12-07 11:48:22.672402;160
313142;313345;10;0;2023-12-07 11:48:22.672402;160
316699;313849;12;0;2023-12-07 11:48:22.672402;160
314576;313795;14;0;2023-12-07 11:48:22.672402;160
240321;246275;0;0;2023-12-07 11:48:22.672402;160
276286;1049739;2;0;2023-12-07 11:48:22.672402;160
1552814;1834800;4;0;2023-12-07 11:48:22.672402;160
1770181;1282801;6;0;2023-12-07 11:48:22.672402;160
409323;295416;8;0;2023-12-07 11:48:22.684769;161
313157;313359;10;0;2023-12-07 11:48:22.684769;161
316714;313864;12;0;2023-12-07 11:48:22.684769;161
314591;313810;14;0;2023-12-07 11:48:22.684769;161
240332;246287;0;0;2023-12-07 11:48:22.684769;161
276299;1049789;2;0;2023-12-07 11:48:22.684769;161
1552888;1834888;4;0;2023-12-07 11:48:22.684769;161
1770265;1282861;6;0;2023-12-07 11:48:22.684769;161
409342;295430;8;0;2023-12-07 11:48:22.684769;161
313172;313374;10;0;2023-12-07 11:48:22.698254;162
316729;313879;12;0;2023-12-07 11:48:22.698254;162
314606;313824;14;0;2023-12-07 11:48:22.698254;162
240344;246299;0;0;2023-12-07 11:48:22.698254;162
276312;1049838;2;0;2023-12-07 11:48:22.698254;162
1552961;1834974;4;0;2023-12-07 11:48:22.698254;162
1770348;1282920;6;0;2023-12-07 11:48:22.698254;162
409361;295444;8;0;2023-12-07 11:48:22.698254;162
313186;313388;10;0;2023-12-07 11:48:22.698254;162
316744;313894;12;0;2023-12-07 11:48:22.711420;163
314621;313839;14;0;2023-12-07 11:48:22.711420;163
240355;246311;0;0;2023-12-07 11:48:22.711420;163
