521172;617792;4;0;2023-12-07 11:57:30.128664;1
596004;430440;6;0;2023-12-07 11:57:30.128664;1
138114;100147;8;0;2023-12-07 11:57:30.128664;1
106444;106445;10;0;2023-12-07 11:57:30.128664;1
107274;106578;12;0;2023-12-07 11:57:30.128664;1
106774;106604;14;0;2023-12-07 11:57:30.128664;1
81827;84086;0;0;2023-12-07 11:57:30.142024;2
93514;354647;2;0;2023-12-07 11:57:30.142024;2
521245;617878;4;0;2023-12-07 11:57:30.142024;2
596087;430500;6;0;2023-12-07 11:57:30.142024;2
138133;100161;8;0;2023-12-07 11:57:30.142024;2
106459;106460;10;0;2023-12-07 11:57:30.142024;2
107289;106592;12;0;2023-12-07 11:57:30.142024;2
106789;106619;14;0;2023-12-07 11:57:30.142024;2
81839;84098;0;0;2023-12-07 11:57:30.142972;2
93527;354697;2;0;2023-12-07 11:57:30.153387;3
521318;617965;4;0;2023-12-07 11:57:30.153387;3
596171;430560;6;0;2023-12-07 11:57:30.153387;3
138152;100175;8;0;2023-12-07 11:57:30.153387;3
106474;106475;10;0;2023-12-07 11:57:30.153387;3
107304;106607;12;0;2023-12-07 11:57:30.153387;3
106804;106634;14;0;2023-12-07 11:57:30.153387;3
81851;84110;0;0;2023-12-07 11:57:30.153387;3
93540;354746;2;0;2023-12-07 11:57:30.153387;3
521391;618052;4;0;2023-12-07 11:57:30.165913;4
596254;430620;6;0;2023-12-07 11:57:30.165913;4
138171;100189;8;0;2023-12-07 11:57:30.165913;4
106489;106489;10;0;2023-12-07 11:57:30.165913;4
107319;106622;12;0;2023-12-07 11:57:30.165913;4
106819;106649;14;0;2023-12-07 11:57:30.165913;4
81862;84122;0;0;2023-12-07 11:57:30.165913;4
93553;354796;2;0;2023-12-07 11:57:30.165913;4
521464;618139;4;0;2023-12-07 11:57:30.165913;4
596337;430680;6;0;2023-12-07 11:57:30.178806;5
138190;100202;8;0;2023-12-07 11:57:30.178806;5
106503;106504;10;0;2023-12-07 11:57:30.178806;5
107334;106637;12;0;2023-12-07 11:57:30.178806;5
106834;106664;14;0;2023-12-07 11:57:30.178806;5
81873;84134;0;0;2023-12-07 11:57:30.178806;5
93566;354846;2;0;2023-12-07 11:57:30.178806;5
521537;618225;4;0;2023-12-07 11:57:30.178806;5
596420;430740;6;0;2023-12-07 11:57:30.178806;5
138209;100216;8;0;2023-12-07 11:57:30.194097;6
106517;106519;10;0;2023-12-07 11:57:30.196698;6
107349;106652;12;0;2023-12-07 11:57:30.197365;6
106849;106679;14;0;2023-12-07 11:57:30.198534;6
81885;84146;0;0;2023-12-07 11:57:30.198534;6
93579;354895;2;0;2023-12-07 11:57:30.199484;6
521609;618311;4;0;2023-12-07 11:57:30.199484;6
596503;430801;6;0;2023-12-07 11:57:30.199484;6
138229;100230;8;0;2023-12-07 11:57:30.199484;6
106532;106534;10;0;2023-12-07 11:57:30.206255;7
107364;106666;12;0;2023-12-07 11:57:30.206255;7
106864;106694;14;0;2023-12-07 11:57:30.206255;7
81897;84157;0;0;2023-12-07 11:57:30.206255;7
93592;354945;2;0;2023-12-07 11:57:30.206255;7
521682;618397;4;0;2023-12-07 11:57:30.206255;7
596587;430861;6;0;2023-12-07 11:57:30.206255;7
138248;100244;8;0;2023-12-07 11:57:30.207222;7
106546;106549;10;0;2023-12-07 11:57:30.207222;7
107379;106681;12;0;2023-12-07 11:57:30.219221;8
106879;106709;14;0;2023-12-07 11:57:30.219221;8
81908;84169;0;0;2023-12-07 11:57:30.219221;8
93605;354995;2;0;2023-12-07 11:57:30.219221;8
521755;618483;4;0;2023-12-07 11:57:30.219221;8
596671;430921;6;0;2023-12-07 11:57:30.219221;8
138267;100258;8;0;2023-12-07 11:57:30.219221;8
106561;106564;10;0;2023-12-07 11:57:30.219221;8
107394;106696;12;0;2023-12-07 11:57:30.219221;8
106894;106723;14;0;2023-12-07 11:57:30.232403;9
81920;84180;0;0;2023-12-07 11:57:30.232403;9
93619;355045;2;0;2023-12-07 11:57:30.232403;9
521828;618570;4;0;2023-12-07 11:57:30.232403;9
596755;430982;6;0;2023-12-07 11:57:30.232403;9
138287;100272;8;0;2023-12-07 11:57:30.232403;9
106576;106579;10;0;2023-12-07 11:57:30.232403;9
107409;106711;12;0;2023-12-07 11:57:30.232403;9
106908;106738;14;0;2023-12-07 11:57:30.232403;9
81931;84192;0;0;2023-12-07 11:57:30.248198;10
93632;355095;2;0;2023-12-07 11:57:30.248198;10
521901;618657;4;0;2023-12-07 11:57:30.248198;10
596838;431042;6;0;2023-12-07 11:57:30.248198;10
138307;100287;8;0;2023-12-07 11:57:30.248198;10
106591;106593;10;0;2023-12-07 11:57:30.248198;10
107424;106726;12;0;2023-12-07 11:57:30.248198;10
106923;106753;14;0;2023-12-07 11:57:30.248198;10
81943;84204;0;0;2023-12-07 11:57:30.248198;10
93645;355144;2;0;2023-12-07 11:57:30.261147;11
521973;618743;4;0;2023-12-07 11:57:30.261147;11
596921;431103;6;0;2023-12-07 11:57:30.261147;11
138326;100301;8;0;2023-12-07 11:57:30.261147;11
106606;106608;10;0;2023-12-07 11:57:30.261147;11
107439;106741;12;0;2023-12-07 11:57:30.261147;11
106938;106768;14;0;2023-12-07 11:57:30.261147;11
81955;84216;0;0;2023-12-07 11:57:30.261147;11
93658;355194;2;0;2023-12-07 11:57:30.261147;11
522047;618830;4;0;2023-12-07 11:57:30.274159;12
597004;431162;6;0;2023-12-07 11:57:30.274159;12
138345;100315;8;0;2023-12-07 11:57:30.274159;12
106621;106622;10;0;2023-12-07 11:57:30.274159;12
107454;106756;12;0;2023-12-07 11:57:30.274159;12
106953;106783;14;0;2023-12-07 11:57:30.274159;12
81967;84228;0;0;2023-12-07 11:57:30.274159;12
93671;355243;2;0;2023-12-07 11:57:30.274159;12
522119;618916;4;0;2023-12-07 11:57:30.274159;12
597087;431222;6;0;2023-12-07 11:57:30.287660;13
138365;100329;8;0;2023-12-07 11:57:30.287660;13
106636;106637;10;0;2023-12-07 11:57:30.287660;13
107470;106771;12;0;2023-12-07 11:57:30.287660;13
106968;106798;14;0;2023-12-07 11:57:30.287660;13
81979;84240;0;0;2023-12-07 11:57:30.287660;13
93684;355292;2;0;2023-12-07 11:57:30.287660;13
522191;619002;4;0;2023-12-07 11:57:30.287660;13
597170;431282;6;0;2023-12-07 11:57:30.287660;13
138384;100343;8;0;2023-12-07 11:57:30.301612;14
106651;106652;10;0;2023-12-07 11:57:30.301612;14
107484;106786;12;0;2023-12-07 11:57:30.301612;14
106983;106813;14;0;2023-12-07 11:57:30.301612;14
81990;84251;0;0;2023-12-07 11:57:30.301612;14
93697;355341;2;0;2023-12-07 11:57:30.301612;14
522264;619089;4;0;2023-12-07 11:57:30.301612;14
597253;431341;6;0;2023-12-07 11:57:30.301612;14
138403;100357;8;0;2023-12-07 11:57:30.301612;14
106666;106667;10;0;2023-12-07 11:57:30.314438;15
107499;106801;12;0;2023-12-07 11:57:30.314438;15
106998;106828;14;0;2023-12-07 11:57:30.314438;15
82001;84262;0;0;2023-12-07 11:57:30.314438;15
93710;355390;2;0;2023-12-07 11:57:30.314438;15
522337;619175;4;0;2023-12-07 11:57:30.314438;15
597337;431402;6;0;2023-12-07 11:57:30.314438;15
138422;100372;8;0;2023-12-07 11:57:30.314438;15
106681;106682;10;0;2023-12-07 11:57:30.314438;15
107514;106816;12;0;2023-12-07 11:57:30.327446;16
107013;106843;14;0;2023-12-07 11:57:30.327446;16
82012;84274;0;0;2023-12-07 11:57:30.327446;16
93723;355439;2;0;2023-12-07 11:57:30.327446;16
522410;619261;4;0;2023-12-07 11:57:30.327446;16
597420;431462;6;0;2023-12-07 11:57:30.327446;16
138441;100386;8;0;2023-12-07 11:57:30.327446;16
106696;106697;10;0;2023-12-07 11:57:30.327446;16
107529;106830;12;0;2023-12-07 11:57:30.327446;16
107028;106858;14;0;2023-12-07 11:57:30.339723;17
82024;84286;0;0;2023-12-07 11:57:30.339723;17
93736;355489;2;0;2023-12-07 11:57:30.339723;17
522483;619347;4;0;2023-12-07 11:57:30.339723;17
597503;431522;6;0;2023-12-07 11:57:30.340389;17
138460;100400;8;0;2023-12-07 11:57:30.340389;17
106711;106712;10;0;2023-12-07 11:57:30.340389;17
107544;106845;12;0;2023-12-07 11:57:30.340389;17
107043;106873;14;0;2023-12-07 11:57:30.340389;17
82035;84297;0;0;2023-12-07 11:57:30.356516;18
93749;355539;2;0;2023-12-07 11:57:30.356604;18
522557;619433;4;0;2023-12-07 11:57:30.356604;18
597587;431582;6;0;2023-12-07 11:57:30.356604;18
138479;100414;8;0;2023-12-07 11:57:30.356604;18
106726;106726;10;0;2023-12-07 11:57:30.356604;18
107559;106860;12;0;2023-12-07 11:57:30.356604;18
107058;106887;14;0;2023-12-07 11:57:30.356604;18
82046;84308;0;0;2023-12-07 11:57:30.356604;18
93762;355588;2;0;2023-12-07 11:57:30.368932;19
522630;619519;4;0;2023-12-07 11:57:30.368932;19
597670;431642;6;0;2023-12-07 11:57:30.368932;19
138498;100428;8;0;2023-12-07 11:57:30.368932;19
106741;106740;10;0;2023-12-07 11:57:30.368932;19
107574;106875;12;0;2023-12-07 11:57:30.368932;19
107074;106901;14;0;2023-12-07 11:57:30.368932;19
82058;84320;0;0;2023-12-07 11:57:30.368932;19
93775;355638;2;0;2023-12-07 11:57:30.368932;19
522703;619606;4;0;2023-12-07 11:57:30.381937;20
597753;431702;6;0;2023-12-07 11:57:30.381937;20
138518;100442;8;0;2023-12-07 11:57:30.381937;20
106756;106755;10;0;2023-12-07 11:57:30.381937;20
107589;106890;12;0;2023-12-07 11:57:30.381937;20
107089;106916;14;0;2023-12-07 11:57:30.381937;20
82070;84332;0;0;2023-12-07 11:57:30.381937;20
93788;355687;2;0;2023-12-07 11:57:30.381937;20
522775;619692;4;0;2023-12-07 11:57:30.381937;20
597836;431762;6;0;2023-12-07 11:57:30.396270;21
138538;100455;8;0;2023-12-07 11:57:30.396270;21
106770;106770;10;0;2023-12-07 11:57:30.396270;21
107604;106905;12;0;2023-12-07 11:57:30.396270;21
107104;106931;14;0;2023-12-07 11:57:30.396270;21
82082;84343;0;0;2023-12-07 11:57:30.396270;21
93801;355737;2;0;2023-12-07 11:57:30.396270;21
522848;619778;4;0;2023-12-07 11:57:30.396270;21
597919;431823;6;0;2023-12-07 11:57:30.396270;21
138557;100469;8;0;2023-12-07 11:57:30.409129;22
106784;106785;10;0;2023-12-07 11:57:30.409129;22
107619;106920;12;0;2023-12-07 11:57:30.409129;22
107119;106946;14;0;2023-12-07 11:57:30.409129;22
82094;84355;0;0;2023-12-07 11:57:30.409129;22
93814;355787;2;0;2023-12-07 11:57:30.409129;22
522921;619864;4;0;2023-12-07 11:57:30.409129;22
598002;431883;6;0;2023-12-07 11:57:30.409129;22
138577;100482;8;0;2023-12-07 11:57:30.409129;22
106799;106800;10;0;2023-12-07 11:57:30.422012;23
107633;106935;12;0;2023-12-07 11:57:30.422012;23
107134;106961;14;0;2023-12-07 11:57:30.422012;23
82105;84367;0;0;2023-12-07 11:57:30.422012;23
93827;355837;2;0;2023-12-07 11:57:30.422012;23
522994;619951;4;0;2023-12-07 11:57:30.422012;23
598085;431943;6;0;2023-12-07 11:57:30.422012;23
138597;100496;8;0;2023-12-07 11:57:30.422012;23
106814;106816;10;0;2023-12-07 11:57:30.422012;23
107648;106950;12;0;2023-12-07 11:57:30.435117;24
107149;106976;14;0;2023-12-07 11:57:30.435117;24
82116;84379;0;0;2023-12-07 11:57:30.435117;24
93840;355887;2;0;2023-12-07 11:57:30.435117;24
523067;620038;4;0;2023-12-07 11:57:30.435117;24
598169;432004;6;0;2023-12-07 11:57:30.435117;24
138616;100510;8;0;2023-12-07 11:57:30.435117;24
106829;106831;10;0;2023-12-07 11:57:30.435117;24
107663;106965;12;0;2023-12-07 11:57:30.435117;24
107164;106991;14;0;2023-12-07 11:57:30.447783;25
82127;84390;0;0;2023-12-07 11:57:30.447783;25
93853;355936;2;0;2023-12-07 11:57:30.447783;25
523140;620125;4;0;2023-12-07 11:57:30.447783;25
598252;432064;6;0;2023-12-07 11:57:30.447783;25
138635;100524;8;0;2023-12-07 11:57:30.447783;25
106844;106846;10;0;2023-12-07 11:57:30.447783;25
107678;106980;12;0;2023-12-07 11:57:30.447783;25
107178;107006;14;0;2023-12-07 11:57:30.447783;25
82138;84402;0;0;2023-12-07 11:57:30.463068;26
93866;355985;2;0;2023-12-07 11:57:30.463068;26
523212;620211;4;0;2023-12-07 11:57:30.463068;26
598335;432124;6;0;2023-12-07 11:57:30.463068;26
138654;100538;8;0;2023-12-07 11:57:30.463068;26
106859;106861;10;0;2023-12-07 11:57:30.463068;26
107693;106994;12;0;2023-12-07 11:57:30.464061;26
107193;107021;14;0;2023-12-07 11:57:30.464061;26
82150;84413;0;0;2023-12-07 11:57:30.464061;26
93879;356035;2;0;2023-12-07 11:57:30.475970;27
523285;620298;4;0;2023-12-07 11:57:30.475970;27
598420;432185;6;0;2023-12-07 11:57:30.475970;27
138674;100552;8;0;2023-12-07 11:57:30.476970;27
106874;106876;10;0;2023-12-07 11:57:30.476970;27
107708;107009;12;0;2023-12-07 11:57:30.476970;27
107208;107036;14;0;2023-12-07 11:57:30.476970;27
82162;84425;0;0;2023-12-07 11:57:30.476970;27
93892;356084;2;0;2023-12-07 11:57:30.476970;27
523358;620384;4;0;2023-12-07 11:57:30.488967;28
598503;432245;6;0;2023-12-07 11:57:30.488967;28
138693;100566;8;0;2023-12-07 11:57:30.490000;28
106889;106891;10;0;2023-12-07 11:57:30.490000;28
107723;107024;12;0;2023-12-07 11:57:30.490000;28
107223;107051;14;0;2023-12-07 11:57:30.490000;28
82173;84436;0;0;2023-12-07 11:57:30.490000;28
93905;356133;2;0;2023-12-07 11:57:30.490000;28
523431;620470;4;0;2023-12-07 11:57:30.490000;28
598586;432304;6;0;2023-12-07 11:57:30.504042;29
138712;100580;8;0;2023-12-07 11:57:30.504042;29
106904;106906;10;0;2023-12-07 11:57:30.504042;29
107738;107039;12;0;2023-12-07 11:57:30.504042;29
107238;107066;14;0;2023-12-07 11:57:30.504042;29
82184;84448;0;0;2023-12-07 11:57:30.504042;29
93918;356182;2;0;2023-12-07 11:57:30.504042;29
523503;620556;4;0;2023-12-07 11:57:30.504042;29
598669;432363;6;0;2023-12-07 11:57:30.504042;29
138731;100594;8;0;2023-12-07 11:57:30.516813;30
106918;106921;10;0;2023-12-07 11:57:30.516813;30
107753;107054;12;0;2023-12-07 11:57:30.516813;30
107253;107081;14;0;2023-12-07 11:57:30.516813;30
82196;84459;0;0;2023-12-07 11:57:30.516813;30
93930;356230;2;0;2023-12-07 11:57:30.516813;30
523575;620642;4;0;2023-12-07 11:57:30.516813;30
598752;432423;6;0;2023-12-07 11:57:30.516813;30
138750;100608;8;0;2023-12-07 11:57:30.516813;30
106933;106936;10;0;2023-12-07 11:57:30.529763;31
107769;107069;12;0;2023-12-07 11:57:30.529763;31
107268;107096;14;0;2023-12-07 11:57:30.529763;31
82207;84471;0;0;2023-12-07 11:57:30.529763;31
93943;356280;2;0;2023-12-07 11:57:30.529763;31
523649;620729;4;0;2023-12-07 11:57:30.529763;31
598835;432484;6;0;2023-12-07 11:57:30.529763;31
138770;100622;8;0;2023-12-07 11:57:30.529763;31
106948;106951;10;0;2023-12-07 11:57:30.529763;31
107784;107084;12;0;2023-12-07 11:57:30.542341;32
107283;107111;14;0;2023-12-07 11:57:30.542863;32
82219;84482;0;0;2023-12-07 11:57:30.542863;32
93956;356329;2;0;2023-12-07 11:57:30.542863;32
523722;620816;4;0;2023-12-07 11:57:30.542863;32
598919;432545;6;0;2023-12-07 11:57:30.542863;32
138790;100635;8;0;2023-12-07 11:57:30.542863;32
106963;106966;10;0;2023-12-07 11:57:30.542863;32
107799;107099;12;0;2023-12-07 11:57:30.542863;32
107298;107125;14;0;2023-12-07 11:57:30.555099;33
82230;84493;0;0;2023-12-07 11:57:30.555099;33
93969;356378;2;0;2023-12-07 11:57:30.555099;33
523794;620902;4;0;2023-12-07 11:57:30.555099;33
599003;432605;6;0;2023-12-07 11:57:30.555099;33
138810;100650;8;0;2023-12-07 11:57:30.555099;33
106978;106981;10;0;2023-12-07 11:57:30.555099;33
107814;107114;12;0;2023-12-07 11:57:30.555099;33
107313;107140;14;0;2023-12-07 11:57:30.555099;33
82241;84504;0;0;2023-12-07 11:57:30.571004;34
93982;356428;2;0;2023-12-07 11:57:30.571004;34
523867;620988;4;0;2023-12-07 11:57:30.571004;34
599086;432665;6;0;2023-12-07 11:57:30.571004;34
138829;100664;8;0;2023-12-07 11:57:30.571004;34
106993;106996;10;0;2023-12-07 11:57:30.571004;34
107829;107129;12;0;2023-12-07 11:57:30.571004;34
107327;107154;14;0;2023-12-07 11:57:30.571004;34
82252;84515;0;0;2023-12-07 11:57:30.571004;34
93996;356478;2;0;2023-12-07 11:57:30.584529;35
523940;621074;4;0;2023-12-07 11:57:30.584529;35
599170;432725;6;0;2023-12-07 11:57:30.584529;35
138849;100678;8;0;2023-12-07 11:57:30.584529;35
107007;107011;10;0;2023-12-07 11:57:30.584529;35
107843;107144;12;0;2023-12-07 11:57:30.584529;35
107342;107169;14;0;2023-12-07 11:57:30.584529;35
82264;84527;0;0;2023-12-07 11:57:30.584529;35
94009;356527;2;0;2023-12-07 11:57:30.584529;35
524013;621161;4;0;2023-12-07 11:57:30.597167;36
599254;432786;6;0;2023-12-07 11:57:30.597167;36
138868;100692;8;0;2023-12-07 11:57:30.597167;36
107022;107026;10;0;2023-12-07 11:57:30.597167;36
107858;107159;12;0;2023-12-07 11:57:30.597167;36
107357;107184;14;0;2023-12-07 11:57:30.597167;36
82275;84539;0;0;2023-12-07 11:57:30.597167;36
94022;356577;2;0;2023-12-07 11:57:30.597167;36
524086;621247;4;0;2023-12-07 11:57:30.597167;36
599337;432847;6;0;2023-12-07 11:57:30.611174;37
138887;100706;8;0;2023-12-07 11:57:30.611174;37
107037;107041;10;0;2023-12-07 11:57:30.611174;37
107873;107174;12;0;2023-12-07 11:57:30.611174;37
107372;107198;14;0;2023-12-07 11:57:30.611174;37
82286;84551;0;0;2023-12-07 11:57:30.611174;37
94035;356627;2;0;2023-12-07 11:57:30.611174;37
524159;621333;4;0;2023-12-07 11:57:30.611174;37
599420;432907;6;0;2023-12-07 11:57:30.611174;37
138906;100720;8;0;2023-12-07 11:57:30.624007;38
107052;107056;10;0;2023-12-07 11:57:30.624007;38
107888;107189;12;0;2023-12-07 11:57:30.624007;38
107387;107213;14;0;2023-12-07 11:57:30.624007;38
82297;84563;0;0;2023-12-07 11:57:30.624007;38
94048;356677;2;0;2023-12-07 11:57:30.624007;38
524232;621419;4;0;2023-12-07 11:57:30.624007;38
599503;432967;6;0;2023-12-07 11:57:30.625006;38
138925;100733;8;0;2023-12-07 11:57:30.625006;38
107067;107071;10;0;2023-12-07 11:57:30.637183;39
107903;107204;12;0;2023-12-07 11:57:30.637183;39
107402;107228;14;0;2023-12-07 11:57:30.637183;39
82308;84574;0;0;2023-12-07 11:57:30.637183;39
94061;356726;2;0;2023-12-07 11:57:30.637183;39
524305;621505;4;0;2023-12-07 11:57:30.637183;39
599586;433027;6;0;2023-12-07 11:57:30.637183;39
138944;100747;8;0;2023-12-07 11:57:30.637183;39
107082;107086;10;0;2023-12-07 11:57:30.638042;39
107918;107219;12;0;2023-12-07 11:57:30.650144;40
107417;107243;14;0;2023-12-07 11:57:30.650144;40
82319;84586;0;0;2023-12-07 11:57:30.650144;40
94074;356775;2;0;2023-12-07 11:57:30.650144;40
524378;621591;4;0;2023-12-07 11:57:30.650144;40
599669;433087;6;0;2023-12-07 11:57:30.650144;40
138963;100761;8;0;2023-12-07 11:57:30.650144;40
107097;107101;10;0;2023-12-07 11:57:30.650144;40
107933;107234;12;0;2023-12-07 11:57:30.651001;40
107432;107258;14;0;2023-12-07 11:57:30.663001;41
82330;84598;0;0;2023-12-07 11:57:30.663001;41
94087;356824;2;0;2023-12-07 11:57:30.663001;41
524451;621677;4;0;2023-12-07 11:57:30.663001;41
599753;433148;6;0;2023-12-07 11:57:30.663001;41
138982;100776;8;0;2023-12-07 11:57:30.663001;41
107112;107116;10;0;2023-12-07 11:57:30.663001;41
107948;107249;12;0;2023-12-07 11:57:30.663001;41
107447;107273;14;0;2023-12-07 11:57:30.663001;41
82342;84610;0;0;2023-12-07 11:57:30.679348;42
94100;356874;2;0;2023-12-07 11:57:30.679348;42
524524;621764;4;0;2023-12-07 11:57:30.679348;42
599836;433208;6;0;2023-12-07 11:57:30.679348;42
139002;100790;8;0;2023-12-07 11:57:30.679348;42
107127;107131;10;0;2023-12-07 11:57:30.679348;42
107963;107264;12;0;2023-12-07 11:57:30.679348;42
107462;107288;14;0;2023-12-07 11:57:30.679348;42
82353;84622;0;0;2023-12-07 11:57:30.680112;42
94114;356923;2;0;2023-12-07 11:57:30.692348;43
524597;621851;4;0;2023-12-07 11:57:30.692348;43
599919;433268;6;0;2023-12-07 11:57:30.692348;43
139021;100804;8;0;2023-12-07 11:57:30.692541;43
107142;107146;10;0;2023-12-07 11:57:30.692541;43
107978;107279;12;0;2023-12-07 11:57:30.692541;43
107477;107303;14;0;2023-12-07 11:57:30.692541;43
82364;84634;0;0;2023-12-07 11:57:30.692541;43
94127;356973;2;0;2023-12-07 11:57:30.692541;43
524670;621938;4;0;2023-12-07 11:57:30.706349;44
600002;433328;6;0;2023-12-07 11:57:30.706349;44
139040;100817;8;0;2023-12-07 11:57:30.706349;44
107157;107161;10;0;2023-12-07 11:57:30.706349;44
107992;107293;12;0;2023-12-07 11:57:30.706349;44
107491;107318;14;0;2023-12-07 11:57:30.706349;44
82375;84646;0;0;2023-12-07 11:57:30.706349;44
94140;357023;2;0;2023-12-07 11:57:30.706349;44
524742;622024;4;0;2023-12-07 11:57:30.706349;44
600086;433388;6;0;2023-12-07 11:57:30.719452;45
139059;100830;8;0;2023-12-07 11:57:30.719452;45
107172;107176;10;0;2023-12-07 11:57:30.719452;45
108007;107308;12;0;2023-12-07 11:57:30.719452;45
107506;107333;14;0;2023-12-07 11:57:30.719452;45
82386;84658;0;0;2023-12-07 11:57:30.719452;45
94153;357072;2;0;2023-12-07 11:57:30.719452;45
524814;622110;4;0;2023-12-07 11:57:30.719452;45
600169;433448;6;0;2023-12-07 11:57:30.719452;45
139078;100844;8;0;2023-12-07 11:57:30.732437;46
107186;107191;10;0;2023-12-07 11:57:30.732437;46
108022;107322;12;0;2023-12-07 11:57:30.732437;46
107521;107348;14;0;2023-12-07 11:57:30.732437;46
82398;84670;0;0;2023-12-07 11:57:30.732437;46
94166;357121;2;0;2023-12-07 11:57:30.732437;46
524887;622196;4;0;2023-12-07 11:57:30.732437;46
600252;433508;6;0;2023-12-07 11:57:30.732437;46
139097;100858;8;0;2023-12-07 11:57:30.732437;46
107201;107206;10;0;2023-12-07 11:57:30.745203;47
108037;107337;12;0;2023-12-07 11:57:30.745203;47
107536;107363;14;0;2023-12-07 11:57:30.745203;47
82409;84682;0;0;2023-12-07 11:57:30.745203;47
94180;357171;2;0;2023-12-07 11:57:30.745203;47
524960;622283;4;0;2023-12-07 11:57:30.745203;47
600336;433569;6;0;2023-12-07 11:57:30.745203;47
139117;100872;8;0;2023-12-07 11:57:30.745203;47
107216;107221;10;0;2023-12-07 11:57:30.745203;47
108052;107352;12;0;2023-12-07 11:57:30.757893;48
107551;107378;14;0;2023-12-07 11:57:30.757893;48
82420;84694;0;0;2023-12-07 11:57:30.757893;48
94193;357220;2;0;2023-12-07 11:57:30.757893;48
525033;622369;4;0;2023-12-07 11:57:30.757893;48
600419;433629;6;0;2023-12-07 11:57:30.757893;48
139136;100886;8;0;2023-12-07 11:57:30.757893;48
107231;107236;10;0;2023-12-07 11:57:30.757893;48
108067;107367;12;0;2023-12-07 11:57:30.757893;48
107566;107393;14;0;2023-12-07 11:57:30.770891;49
82431;84706;0;0;2023-12-07 11:57:30.770891;49
94206;357269;2;0;2023-12-07 11:57:30.770891;49
525106;622456;4;0;2023-12-07 11:57:30.770891;49
600502;433690;6;0;2023-12-07 11:57:30.770891;49
139156;100901;8;0;2023-12-07 11:57:30.770891;49
107246;107251;10;0;2023-12-07 11:57:30.770891;49
108082;107381;12;0;2023-12-07 11:57:30.770891;49
107581;107408;14;0;2023-12-07 11:57:30.770891;49
82443;84718;0;0;2023-12-07 11:57:30.788930;50
94219;357318;2;0;2023-12-07 11:57:30.789915;50
525179;622542;4;0;2023-12-07 11:57:30.790912;50
600585;433750;6;0;2023-12-07 11:57:30.791757;50
139175;100915;8;0;2023-12-07 11:57:30.791981;50
107261;107266;10;0;2023-12-07 11:57:30.793558;50
108097;107396;12;0;2023-12-07 11:57:30.793918;50
107596;107423;14;0;2023-12-07 11:57:30.794914;50
82454;84730;0;0;2023-12-07 11:57:30.795917;50
94232;357368;2;0;2023-12-07 11:57:30.799901;51
525252;622628;4;0;2023-12-07 11:57:30.799901;51
600669;433810;6;0;2023-12-07 11:57:30.799901;51
139194;100929;8;0;2023-12-07 11:57:30.800899;51
107276;107281;10;0;2023-12-07 11:57:30.801010;51
108112;107411;12;0;2023-12-07 11:57:30.801010;51
107611;107438;14;0;2023-12-07 11:57:30.801010;51
82465;84742;0;0;2023-12-07 11:57:30.801010;51
94245;357418;2;0;2023-12-07 11:57:30.801010;51
525325;622715;4;0;2023-12-07 11:57:30.814115;52
600752;433871;6;0;2023-12-07 11:57:30.814115;52
139213;100943;8;0;2023-12-07 11:57:30.814115;52
107290;107296;10;0;2023-12-07 11:57:30.814115;52
108127;107426;12;0;2023-12-07 11:57:30.814115;52
107626;107453;14;0;2023-12-07 11:57:30.814115;52
82477;84754;0;0;2023-12-07 11:57:30.814115;52
94258;357468;2;0;2023-12-07 11:57:30.814115;52
525398;622801;4;0;2023-12-07 11:57:30.814115;52
600836;433932;6;0;2023-12-07 11:57:30.827061;53
139232;100957;8;0;2023-12-07 11:57:30.827094;53
107305;107311;10;0;2023-12-07 11:57:30.827094;53
108142;107441;12;0;2023-12-07 11:57:30.827094;53
107640;107467;14;0;2023-12-07 11:57:30.827094;53
82489;84766;0;0;2023-12-07 11:57:30.827094;53
94271;357518;2;0;2023-12-07 11:57:30.827094;53
525471;622888;4;0;2023-12-07 11:57:30.827094;53
600920;433993;6;0;2023-12-07 11:57:30.827094;53
139251;100970;8;0;2023-12-07 11:57:30.839967;54
107320;107326;10;0;2023-12-07 11:57:30.839967;54
108157;107456;12;0;2023-12-07 11:57:30.839967;54
107655;107482;14;0;2023-12-07 11:57:30.839967;54
82500;84778;0;0;2023-12-07 11:57:30.839967;54
94284;357567;2;0;2023-12-07 11:57:30.839967;54
525544;622975;4;0;2023-12-07 11:57:30.839967;54
601003;434053;6;0;2023-12-07 11:57:30.839967;54
139271;100984;8;0;2023-12-07 11:57:30.839967;54
107335;107341;10;0;2023-12-07 11:57:30.852997;55
108172;107471;12;0;2023-12-07 11:57:30.852997;55
107670;107497;14;0;2023-12-07 11:57:30.852997;55
82511;84790;0;0;2023-12-07 11:57:30.852997;55
94297;357617;2;0;2023-12-07 11:57:30.852997;55
525617;623060;4;0;2023-12-07 11:57:30.852997;55
601086;434113;6;0;2023-12-07 11:57:30.852997;55
139290;100998;8;0;2023-12-07 11:57:30.852997;55
107350;107356;10;0;2023-12-07 11:57:30.852997;55
108187;107486;12;0;2023-12-07 11:57:30.865450;56
107685;107511;14;0;2023-12-07 11:57:30.865450;56
82522;84802;0;0;2023-12-07 11:57:30.865450;56
94310;357666;2;0;2023-12-07 11:57:30.865450;56
525689;623146;4;0;2023-12-07 11:57:30.865450;56
601169;434173;6;0;2023-12-07 11:57:30.865450;56
139310;101012;8;0;2023-12-07 11:57:30.865450;56
107365;107371;10;0;2023-12-07 11:57:30.865450;56
108202;107501;12;0;2023-12-07 11:57:30.865450;56
107700;107526;14;0;2023-12-07 11:57:30.879831;57
82534;84814;0;0;2023-12-07 11:57:30.880581;57
94323;357716;2;0;2023-12-07 11:57:30.882192;57
525762;623232;4;0;2023-12-07 11:57:30.882468;57
601252;434233;6;0;2023-12-07 11:57:30.883491;57
139328;101026;8;0;2023-12-07 11:57:30.883940;57
107380;107386;10;0;2023-12-07 11:57:30.883940;57
108217;107517;12;0;2023-12-07 11:57:30.884538;57
107715;107541;14;0;2023-12-07 11:57:30.884538;57
82545;84826;0;0;2023-12-07 11:57:30.894930;58
94336;357766;2;0;2023-12-07 11:57:30.894930;58
525835;623317;4;0;2023-12-07 11:57:30.894930;58
601336;434293;6;0;2023-12-07 11:57:30.894930;58
139347;101040;8;0;2023-12-07 11:57:30.894930;58
107395;107401;10;0;2023-12-07 11:57:30.895452;58
108232;107531;12;0;2023-12-07 11:57:30.895452;58
107730;107556;14;0;2023-12-07 11:57:30.895452;58
82556;84838;0;0;2023-12-07 11:57:30.895452;58
94349;357815;2;0;2023-12-07 11:57:30.907451;59
525907;623403;4;0;2023-12-07 11:57:30.907451;59
601419;434352;6;0;2023-12-07 11:57:30.908289;59
139367;101054;8;0;2023-12-07 11:57:30.908289;59
107410;107416;10;0;2023-12-07 11:57:30.908453;59
108247;107546;12;0;2023-12-07 11:57:30.908453;59
107745;107571;14;0;2023-12-07 11:57:30.908453;59
82568;84849;0;0;2023-12-07 11:57:30.908453;59
94362;357864;2;0;2023-12-07 11:57:30.908453;59
525981;623490;4;0;2023-12-07 11:57:30.921990;60
601502;434412;6;0;2023-12-07 11:57:30.921990;60
139386;101068;8;0;2023-12-07 11:57:30.921990;60
107425;107431;10;0;2023-12-07 11:57:30.921990;60
108262;107561;12;0;2023-12-07 11:57:30.921990;60
107760;107586;14;0;2023-12-07 11:57:30.921990;60
82579;84861;0;0;2023-12-07 11:57:30.921990;60
94375;357914;2;0;2023-12-07 11:57:30.921990;60
526054;623576;4;0;2023-12-07 11:57:30.921990;60
601585;434472;6;0;2023-12-07 11:57:30.934965;61
139405;101082;8;0;2023-12-07 11:57:30.934965;61
107440;107446;10;0;2023-12-07 11:57:30.934965;61
108277;107575;12;0;2023-12-07 11:57:30.934965;61
107774;107601;14;0;2023-12-07 11:57:30.934965;61
82590;84873;0;0;2023-12-07 11:57:30.934965;61
94388;357964;2;0;2023-12-07 11:57:30.934965;61
526127;623662;4;0;2023-12-07 11:57:30.934965;61
601668;434532;6;0;2023-12-07 11:57:30.934965;61
139425;101096;8;0;2023-12-07 11:57:30.947778;62
107455;107461;10;0;2023-12-07 11:57:30.947778;62
108292;107590;12;0;2023-12-07 11:57:30.947778;62
107789;107616;14;0;2023-12-07 11:57:30.947778;62
82601;84886;0;0;2023-12-07 11:57:30.947778;62
94401;358013;2;0;2023-12-07 11:57:30.947778;62
526200;623748;4;0;2023-12-07 11:57:30.947778;62
601752;434593;6;0;2023-12-07 11:57:30.947778;62
139444;101110;8;0;2023-12-07 11:57:30.947778;62
107470;107476;10;0;2023-12-07 11:57:30.960859;63
108307;107605;12;0;2023-12-07 11:57:30.960859;63
107804;107631;14;0;2023-12-07 11:57:30.960859;63
82612;84898;0;0;2023-12-07 11:57:30.960859;63
94414;358062;2;0;2023-12-07 11:57:30.960859;63
526273;623834;4;0;2023-12-07 11:57:30.960859;63
601835;434653;6;0;2023-12-07 11:57:30.960859;63
139463;101124;8;0;2023-12-07 11:57:30.960859;63
107485;107491;10;0;2023-12-07 11:57:30.960859;63
108322;107620;12;0;2023-12-07 11:57:30.973429;64
107819;107646;14;0;2023-12-07 11:57:30.973771;64
82624;84910;0;0;2023-12-07 11:57:30.973771;64
94427;358111;2;0;2023-12-07 11:57:30.973771;64
526346;623920;4;0;2023-12-07 11:57:30.973771;64
601919;434713;6;0;2023-12-07 11:57:30.973771;64
139482;101138;8;0;2023-12-07 11:57:30.973771;64
107500;107506;10;0;2023-12-07 11:57:30.973771;64
108336;107635;12;0;2023-12-07 11:57:30.973771;64
107834;107661;14;0;2023-12-07 11:57:30.985771;65
82636;84922;0;0;2023-12-07 11:57:30.986771;65
94440;358161;2;0;2023-12-07 11:57:30.986771;65
526419;624007;4;0;2023-12-07 11:57:30.986771;65
602002;434773;6;0;2023-12-07 11:57:30.986771;65
139501;101152;8;0;2023-12-07 11:57:30.986771;65
107515;107521;10;0;2023-12-07 11:57:30.986771;65
108351;107650;12;0;2023-12-07 11:57:30.986771;65
107849;107676;14;0;2023-12-07 11:57:30.986771;65
82648;84934;0;0;2023-12-07 11:57:31.001770;66
94453;358210;2;0;2023-12-07 11:57:31.001770;66
526492;624092;4;0;2023-12-07 11:57:31.001770;66
602085;434833;6;0;2023-12-07 11:57:31.002806;66
139520;101166;8;0;2023-12-07 11:57:31.002839;66
107530;107536;10;0;2023-12-07 11:57:31.002839;66
108366;107665;12;0;2023-12-07 11:57:31.002839;66
107864;107692;14;0;2023-12-07 11:57:31.002839;66
82659;84946;0;0;2023-12-07 11:57:31.002839;66
94466;358260;2;0;2023-12-07 11:57:31.016850;67
526565;624179;4;0;2023-12-07 11:57:31.016850;67
602169;434894;6;0;2023-12-07 11:57:31.016850;67
139540;101180;8;0;2023-12-07 11:57:31.016850;67
107545;107551;10;0;2023-12-07 11:57:31.016850;67
108381;107680;12;0;2023-12-07 11:57:31.016850;67
107879;107707;14;0;2023-12-07 11:57:31.016850;67
82670;84958;0;0;2023-12-07 11:57:31.016850;67
94480;358309;2;0;2023-12-07 11:57:31.016850;67
526638;624265;4;0;2023-12-07 11:57:31.029739;68
602252;434954;6;0;2023-12-07 11:57:31.029739;68
139559;101194;8;0;2023-12-07 11:57:31.029739;68
107560;107566;10;0;2023-12-07 11:57:31.029739;68
108396;107695;12;0;2023-12-07 11:57:31.029739;68
107894;107722;14;0;2023-12-07 11:57:31.029739;68
82682;84970;0;0;2023-12-07 11:57:31.029739;68
94493;358358;2;0;2023-12-07 11:57:31.029739;68
526711;624352;4;0;2023-12-07 11:57:31.029739;68
602336;435014;6;0;2023-12-07 11:57:31.042116;69
139579;101207;8;0;2023-12-07 11:57:31.042116;69
107575;107581;10;0;2023-12-07 11:57:31.042116;69
108411;107710;12;0;2023-12-07 11:57:31.042116;69
107909;107737;14;0;2023-12-07 11:57:31.042116;69
82693;84982;0;0;2023-12-07 11:57:31.042116;69
94506;358408;2;0;2023-12-07 11:57:31.042116;69
526784;624439;4;0;2023-12-07 11:57:31.042116;69
602419;435074;6;0;2023-12-07 11:57:31.042116;69
139598;101221;8;0;2023-12-07 11:57:31.055864;70
107590;107595;10;0;2023-12-07 11:57:31.055864;70
108426;107725;12;0;2023-12-07 11:57:31.055864;70
107924;107752;14;0;2023-12-07 11:57:31.055864;70
82704;84994;0;0;2023-12-07 11:57:31.055864;70
94519;358458;2;0;2023-12-07 11:57:31.055864;70
526857;624526;4;0;2023-12-07 11:57:31.055864;70
602502;435135;6;0;2023-12-07 11:57:31.055864;70
139618;101236;8;0;2023-12-07 11:57:31.055864;70
107605;107610;10;0;2023-12-07 11:57:31.068866;71
108441;107740;12;0;2023-12-07 11:57:31.068866;71
107939;107767;14;0;2023-12-07 11:57:31.068866;71
82716;85006;0;0;2023-12-07 11:57:31.068866;71
94532;358507;2;0;2023-12-07 11:57:31.068866;71
526929;624612;4;0;2023-12-07 11:57:31.068866;71
602585;435195;6;0;2023-12-07 11:57:31.068866;71
139637;101250;8;0;2023-12-07 11:57:31.068866;71
107620;107625;10;0;2023-12-07 11:57:31.068866;71
108456;107755;12;0;2023-12-07 11:57:31.080947;72
107954;107782;14;0;2023-12-07 11:57:31.080947;72
82728;85018;0;0;2023-12-07 11:57:31.080947;72
94545;358556;2;0;2023-12-07 11:57:31.080947;72
527002;624698;4;0;2023-12-07 11:57:31.080947;72
602668;435255;6;0;2023-12-07 11:57:31.080947;72
139656;101264;8;0;2023-12-07 11:57:31.080947;72
107635;107640;10;0;2023-12-07 11:57:31.081856;72
108471;107770;12;0;2023-12-07 11:57:31.081856;72
107969;107797;14;0;2023-12-07 11:57:31.093857;73
82740;85030;0;0;2023-12-07 11:57:31.093857;73
94558;358606;2;0;2023-12-07 11:57:31.093857;73
527075;624785;4;0;2023-12-07 11:57:31.093857;73
602751;435315;6;0;2023-12-07 11:57:31.093857;73
139675;101278;8;0;2023-12-07 11:57:31.093857;73
107650;107655;10;0;2023-12-07 11:57:31.093857;73
108486;107785;12;0;2023-12-07 11:57:31.093857;73
107984;107812;14;0;2023-12-07 11:57:31.094853;73
82751;85042;0;0;2023-12-07 11:57:31.110428;74
94571;358656;2;0;2023-12-07 11:57:31.110428;74
527148;624872;4;0;2023-12-07 11:57:31.110428;74
602835;435375;6;0;2023-12-07 11:57:31.110428;74
139694;101292;8;0;2023-12-07 11:57:31.110428;74
107665;107670;10;0;2023-12-07 11:57:31.110428;74
108501;107800;12;0;2023-12-07 11:57:31.110428;74
107999;107827;14;0;2023-12-07 11:57:31.110428;74
82763;85054;0;0;2023-12-07 11:57:31.110853;74
94584;358705;2;0;2023-12-07 11:57:31.123820;75
527221;624959;4;0;2023-12-07 11:57:31.123820;75
602918;435435;6;0;2023-12-07 11:57:31.123820;75
139713;101306;8;0;2023-12-07 11:57:31.123820;75
107680;107685;10;0;2023-12-07 11:57:31.123820;75
108516;107815;12;0;2023-12-07 11:57:31.123820;75
108014;107842;14;0;2023-12-07 11:57:31.123820;75
82774;85065;0;0;2023-12-07 11:57:31.124822;75
94597;358754;2;0;2023-12-07 11:57:31.124949;75
527293;625045;4;0;2023-12-07 11:57:31.137404;76
603001;435495;6;0;2023-12-07 11:57:31.137404;76
139732;101320;8;0;2023-12-07 11:57:31.137404;76
107695;107700;10;0;2023-12-07 11:57:31.137404;76
108531;107830;12;0;2023-12-07 11:57:31.137404;76
108029;107857;14;0;2023-12-07 11:57:31.137404;76
82786;85077;0;0;2023-12-07 11:57:31.137404;76
94610;358803;2;0;2023-12-07 11:57:31.137404;76
527366;625131;4;0;2023-12-07 11:57:31.137404;76
603084;435555;6;0;2023-12-07 11:57:31.150625;77
139751;101334;8;0;2023-12-07 11:57:31.150625;77
107710;107715;10;0;2023-12-07 11:57:31.150625;77
108546;107845;12;0;2023-12-07 11:57:31.150625;77
108045;107872;14;0;2023-12-07 11:57:31.150625;77
82798;85088;0;0;2023-12-07 11:57:31.150625;77
94623;358852;2;0;2023-12-07 11:57:31.150625;77
527438;625217;4;0;2023-12-07 11:57:31.150625;77
603167;435614;6;0;2023-12-07 11:57:31.150625;77
139770;101348;8;0;2023-12-07 11:57:31.163736;78
107725;107730;10;0;2023-12-07 11:57:31.163736;78
108561;107859;12;0;2023-12-07 11:57:31.163736;78
108060;107887;14;0;2023-12-07 11:57:31.163736;78
82810;85100;0;0;2023-12-07 11:57:31.163736;78
94637;358902;2;0;2023-12-07 11:57:31.163736;78
527511;625304;4;0;2023-12-07 11:57:31.163736;78
603250;435674;6;0;2023-12-07 11:57:31.163736;78
139789;101362;8;0;2023-12-07 11:57:31.163736;78
107740;107745;10;0;2023-12-07 11:57:31.175694;79
108576;107874;12;0;2023-12-07 11:57:31.175694;79
108075;107902;14;0;2023-12-07 11:57:31.175694;79
82821;85111;0;0;2023-12-07 11:57:31.175694;79
94650;358951;2;0;2023-12-07 11:57:31.175694;79
527583;625390;4;0;2023-12-07 11:57:31.175694;79
603334;435734;6;0;2023-12-07 11:57:31.175694;79
139809;101376;8;0;2023-12-07 11:57:31.175694;79
107754;107760;10;0;2023-12-07 11:57:31.175694;79
108591;107889;12;0;2023-12-07 11:57:31.189238;80
108090;107917;14;0;2023-12-07 11:57:31.189299;80
82832;85123;0;0;2023-12-07 11:57:31.189299;80
94663;359000;2;0;2023-12-07 11:57:31.189299;80
527656;625476;4;0;2023-12-07 11:57:31.189299;80
603417;435794;6;0;2023-12-07 11:57:31.189299;80
139829;101390;8;0;2023-12-07 11:57:31.189299;80
107769;107775;10;0;2023-12-07 11:57:31.189299;80
108606;107904;12;0;2023-12-07 11:57:31.189299;80
108105;107932;14;0;2023-12-07 11:57:31.202214;81
82843;85135;0;0;2023-12-07 11:57:31.202214;81
94676;359050;2;0;2023-12-07 11:57:31.202214;81
527729;625562;4;0;2023-12-07 11:57:31.202214;81
603500;435854;6;0;2023-12-07 11:57:31.202214;81
139848;101404;8;0;2023-12-07 11:57:31.202214;81
107784;107791;10;0;2023-12-07 11:57:31.202214;81
108621;107918;12;0;2023-12-07 11:57:31.202214;81
108120;107947;14;0;2023-12-07 11:57:31.202214;81
82854;85147;0;0;2023-12-07 11:57:31.218208;82
94689;359100;2;0;2023-12-07 11:57:31.218208;82
527802;625649;4;0;2023-12-07 11:57:31.218208;82
603584;435915;6;0;2023-12-07 11:57:31.218208;82
139868;101418;8;0;2023-12-07 11:57:31.218208;82
107799;107805;10;0;2023-12-07 11:57:31.218208;82
108636;107933;12;0;2023-12-07 11:57:31.218208;82
108135;107962;14;0;2023-12-07 11:57:31.218208;82
82866;85159;0;0;2023-12-07 11:57:31.218208;82
94702;359150;2;0;2023-12-07 11:57:31.232408;83
527874;625735;4;0;2023-12-07 11:57:31.232408;83
603667;435974;6;0;2023-12-07 11:57:31.232408;83
139887;101432;8;0;2023-12-07 11:57:31.232408;83
107814;107820;10;0;2023-12-07 11:57:31.232408;83
108651;107948;12;0;2023-12-07 11:57:31.232408;83
108150;107977;14;0;2023-12-07 11:57:31.232408;83
82877;85171;0;0;2023-12-07 11:57:31.232408;83
94715;359200;2;0;2023-12-07 11:57:31.232408;83
527946;625822;4;0;2023-12-07 11:57:31.245488;84
603750;436034;6;0;2023-12-07 11:57:31.245488;84
139906;101445;8;0;2023-12-07 11:57:31.245488;84
107829;107835;10;0;2023-12-07 11:57:31.245488;84
108666;107963;12;0;2023-12-07 11:57:31.245488;84
108165;107992;14;0;2023-12-07 11:57:31.245488;84
82889;85183;0;0;2023-12-07 11:57:31.245488;84
94728;359249;2;0;2023-12-07 11:57:31.245488;84
528019;625908;4;0;2023-12-07 11:57:31.245488;84
603833;436094;6;0;2023-12-07 11:57:31.257515;85
139926;101459;8;0;2023-12-07 11:57:31.257515;85
107844;107850;10;0;2023-12-07 11:57:31.258488;85
108681;107978;12;0;2023-12-07 11:57:31.258488;85
108180;108007;14;0;2023-12-07 11:57:31.258488;85
82900;85194;0;0;2023-12-07 11:57:31.258488;85
94741;359299;2;0;2023-12-07 11:57:31.258488;85
528092;625994;4;0;2023-12-07 11:57:31.258488;85
603916;436155;6;0;2023-12-07 11:57:31.258488;85
139945;101473;8;0;2023-12-07 11:57:31.271399;86
107859;107865;10;0;2023-12-07 11:57:31.271399;86
108696;107993;12;0;2023-12-07 11:57:31.271399;86
108195;108022;14;0;2023-12-07 11:57:31.271399;86
82911;85205;0;0;2023-12-07 11:57:31.271399;86
94755;359349;2;0;2023-12-07 11:57:31.271399;86
528165;626081;4;0;2023-12-07 11:57:31.271399;86
603999;436215;6;0;2023-12-07 11:57:31.271399;86
139964;101487;8;0;2023-12-07 11:57:31.271399;86
107873;107880;10;0;2023-12-07 11:57:31.283355;87
108711;108008;12;0;2023-12-07 11:57:31.283355;87
108210;108037;14;0;2023-12-07 11:57:31.283355;87
82923;85217;0;0;2023-12-07 11:57:31.283355;87
94768;359399;2;0;2023-12-07 11:57:31.283355;87
528238;626167;4;0;2023-12-07 11:57:31.284353;87
604082;436275;6;0;2023-12-07 11:57:31.284353;87
139983;101501;8;0;2023-12-07 11:57:31.284353;87
107888;107894;10;0;2023-12-07 11:57:31.284353;87
108725;108023;12;0;2023-12-07 11:57:31.296389;88
108225;108052;14;0;2023-12-07 11:57:31.296389;88
82934;85229;0;0;2023-12-07 11:57:31.296389;88
94781;359449;2;0;2023-12-07 11:57:31.296389;88
528311;626254;4;0;2023-12-07 11:57:31.296389;88
604166;436336;6;0;2023-12-07 11:57:31.296389;88
140003;101515;8;0;2023-12-07 11:57:31.296389;88
107903;107909;10;0;2023-12-07 11:57:31.297391;88
108739;108038;12;0;2023-12-07 11:57:31.297391;88
108240;108067;14;0;2023-12-07 11:57:31.309386;89
82945;85241;0;0;2023-12-07 11:57:31.309386;89
94794;359499;2;0;2023-12-07 11:57:31.309386;89
528384;626340;4;0;2023-12-07 11:57:31.309386;89
604250;436396;6;0;2023-12-07 11:57:31.309386;89
140022;101529;8;0;2023-12-07 11:57:31.309386;89
107918;107924;10;0;2023-12-07 11:57:31.309386;89
108754;108053;12;0;2023-12-07 11:57:31.310390;89
108255;108081;14;0;2023-12-07 11:57:31.310390;89
82956;85253;0;0;2023-12-07 11:57:31.325353;90
94807;359548;2;0;2023-12-07 11:57:31.325353;90
528458;626427;4;0;2023-12-07 11:57:31.325353;90
604334;436456;6;0;2023-12-07 11:57:31.325353;90
140041;101544;8;0;2023-12-07 11:57:31.325353;90
107933;107939;10;0;2023-12-07 11:57:31.325353;90
108769;108068;12;0;2023-12-07 11:57:31.325353;90
108270;108096;14;0;2023-12-07 11:57:31.326353;90
82967;85265;0;0;2023-12-07 11:57:31.326353;90
94821;359598;2;0;2023-12-07 11:57:31.339641;91
528531;626513;4;0;2023-12-07 11:57:31.339641;91
604417;436516;6;0;2023-12-07 11:57:31.340592;91
140060;101558;8;0;2023-12-07 11:57:31.340592;91
107947;107954;10;0;2023-12-07 11:57:31.340592;91
108784;108083;12;0;2023-12-07 11:57:31.340592;91
108285;108111;14;0;2023-12-07 11:57:31.340592;91
82979;85276;0;0;2023-12-07 11:57:31.340592;91
94834;359648;2;0;2023-12-07 11:57:31.340592;91
528604;626599;4;0;2023-12-07 11:57:31.352901;92
604500;436576;6;0;2023-12-07 11:57:31.352901;92
140079;101572;8;0;2023-12-07 11:57:31.352901;92
107962;107969;10;0;2023-12-07 11:57:31.352901;92
108799;108098;12;0;2023-12-07 11:57:31.352901;92
108300;108125;14;0;2023-12-07 11:57:31.352901;92
82990;85288;0;0;2023-12-07 11:57:31.352901;92
94847;359697;2;0;2023-12-07 11:57:31.352901;92
528677;626685;4;0;2023-12-07 11:57:31.352901;92
604583;436635;6;0;2023-12-07 11:57:31.366128;93
140098;101586;8;0;2023-12-07 11:57:31.366128;93
107977;107984;10;0;2023-12-07 11:57:31.366128;93
108814;108113;12;0;2023-12-07 11:57:31.366128;93
108315;108140;14;0;2023-12-07 11:57:31.366128;93
83002;85300;0;0;2023-12-07 11:57:31.366128;93
94860;359746;2;0;2023-12-07 11:57:31.366128;93
528750;626771;4;0;2023-12-07 11:57:31.366128;93
604666;436695;6;0;2023-12-07 11:57:31.366128;93
140118;101600;8;0;2023-12-07 11:57:31.379231;94
107992;108000;10;0;2023-12-07 11:57:31.379231;94
108829;108128;12;0;2023-12-07 11:57:31.379231;94
108330;108154;14;0;2023-12-07 11:57:31.379231;94
83013;85312;0;0;2023-12-07 11:57:31.379231;94
94873;359795;2;0;2023-12-07 11:57:31.379231;94
528823;626857;4;0;2023-12-07 11:57:31.379231;94
604750;436755;6;0;2023-12-07 11:57:31.379231;94
140137;101614;8;0;2023-12-07 11:57:31.379231;94
108006;108015;10;0;2023-12-07 11:57:31.392865;95
108844;108143;12;0;2023-12-07 11:57:31.394053;95
108345;108169;14;0;2023-12-07 11:57:31.394871;95
83024;85324;0;0;2023-12-07 11:57:31.395866;95
94886;359845;2;0;2023-12-07 11:57:31.396863;95
528896;626943;4;0;2023-12-07 11:57:31.397415;95
604834;436816;6;0;2023-12-07 11:57:31.397892;95
140156;101629;8;0;2023-12-07 11:57:31.397892;95
108021;108029;10;0;2023-12-07 11:57:31.398887;95
108859;108158;12;0;2023-12-07 11:57:31.404858;96
108360;108184;14;0;2023-12-07 11:57:31.404858;96
83035;85335;0;0;2023-12-07 11:57:31.404858;96
94899;359895;2;0;2023-12-07 11:57:31.404858;96
528969;627030;4;0;2023-12-07 11:57:31.404858;96
604917;436877;6;0;2023-12-07 11:57:31.404858;96
140176;101643;8;0;2023-12-07 11:57:31.404858;96
108036;108044;10;0;2023-12-07 11:57:31.405856;96
108875;108173;12;0;2023-12-07 11:57:31.405856;96
108375;108199;14;0;2023-12-07 11:57:31.417846;97
83047;85346;0;0;2023-12-07 11:57:31.417846;97
94912;359944;2;0;2023-12-07 11:57:31.417846;97
529042;627117;4;0;2023-12-07 11:57:31.417846;97
605001;436938;6;0;2023-12-07 11:57:31.417846;97
140196;101658;8;0;2023-12-07 11:57:31.417846;97
108051;108059;10;0;2023-12-07 11:57:31.417846;97
108890;108188;12;0;2023-12-07 11:57:31.417846;97
108390;108214;14;0;2023-12-07 11:57:31.417846;97
83058;85358;0;0;2023-12-07 11:57:31.433848;98
94925;359993;2;0;2023-12-07 11:57:31.433848;98
529115;627204;4;0;2023-12-07 11:57:31.433848;98
605085;436999;6;0;2023-12-07 11:57:31.433848;98
140216;101672;8;0;2023-12-07 11:57:31.433848;98
108066;108074;10;0;2023-12-07 11:57:31.433848;98
108905;108203;12;0;2023-12-07 11:57:31.433848;98
108405;108229;14;0;2023-12-07 11:57:31.433848;98
83069;85370;0;0;2023-12-07 11:57:31.433848;98
94938;360042;2;0;2023-12-07 11:57:31.448565;99
529188;627290;4;0;2023-12-07 11:57:31.448717;99
605168;437059;6;0;2023-12-07 11:57:31.448717;99
140235;101686;8;0;2023-12-07 11:57:31.449647;99
108081;108089;10;0;2023-12-07 11:57:31.449647;99
108920;108218;12;0;2023-12-07 11:57:31.450643;99
108420;108244;14;0;2023-12-07 11:57:31.450643;99
83080;85382;0;0;2023-12-07 11:57:31.450643;99
94951;360092;2;0;2023-12-07 11:57:31.451622;99
529261;627377;4;0;2023-12-07 11:57:31.460172;100
605252;437121;6;0;2023-12-07 11:57:31.460172;100
140255;101700;8;0;2023-12-07 11:57:31.460172;100
108096;108103;10;0;2023-12-07 11:57:31.461169;100
108934;108233;12;0;2023-12-07 11:57:31.461169;100
108435;108259;14;0;2023-12-07 11:57:31.461169;100
83092;85394;0;0;2023-12-07 11:57:31.461169;100
94964;360141;2;0;2023-12-07 11:57:31.461169;100
529334;627463;4;0;2023-12-07 11:57:31.461169;100
605335;437181;6;0;2023-12-07 11:57:31.473221;101
140275;101714;8;0;2023-12-07 11:57:31.473221;101
108111;108118;10;0;2023-12-07 11:57:31.473221;101
108949;108248;12;0;2023-12-07 11:57:31.474168;101
108450;108274;14;0;2023-12-07 11:57:31.474198;101
83104;85406;0;0;2023-12-07 11:57:31.474198;101
94977;360191;2;0;2023-12-07 11:57:31.474198;101
529407;627549;4;0;2023-12-07 11:57:31.474707;101
605418;437240;6;0;2023-12-07 11:57:31.474707;101
140294;101728;8;0;2023-12-07 11:57:31.486167;102
108126;108133;10;0;2023-12-07 11:57:31.486167;102
108964;108263;12;0;2023-12-07 11:57:31.486167;102
108465;108288;14;0;2023-12-07 11:57:31.486167;102
83116;85417;0;0;2023-12-07 11:57:31.486167;102
94990;360241;2;0;2023-12-07 11:57:31.486167;102
529480;627635;4;0;2023-12-07 11:57:31.487166;102
605501;437300;6;0;2023-12-07 11:57:31.487166;102
140313;101742;8;0;2023-12-07 11:57:31.487166;102
108141;108148;10;0;2023-12-07 11:57:31.500677;103
108979;108277;12;0;2023-12-07 11:57:31.501176;103
108480;108303;14;0;2023-12-07 11:57:31.501176;103
83128;85429;0;0;2023-12-07 11:57:31.501176;103
95003;360290;2;0;2023-12-07 11:57:31.502179;103
529553;627721;4;0;2023-12-07 11:57:31.502179;103
605584;437360;6;0;2023-12-07 11:57:31.503183;103
140332;101756;8;0;2023-12-07 11:57:31.503183;103
108155;108163;10;0;2023-12-07 11:57:31.503183;103
108994;108291;12;0;2023-12-07 11:57:31.512172;104
108495;108318;14;0;2023-12-07 11:57:31.512172;104
83140;85440;0;0;2023-12-07 11:57:31.513173;104
95016;360339;2;0;2023-12-07 11:57:31.513173;104
529626;627808;4;0;2023-12-07 11:57:31.513628;104
605667;437420;6;0;2023-12-07 11:57:31.513628;104
140351;101771;8;0;2023-12-07 11:57:31.513628;104
108170;108177;10;0;2023-12-07 11:57:31.514173;104
109009;108306;12;0;2023-12-07 11:57:31.514173;104
108510;108333;14;0;2023-12-07 11:57:31.526168;105
83152;85452;0;0;2023-12-07 11:57:31.526168;105
95029;360388;2;0;2023-12-07 11:57:31.526168;105
529698;627893;4;0;2023-12-07 11:57:31.526168;105
605750;437480;6;0;2023-12-07 11:57:31.527168;105
140370;101785;8;0;2023-12-07 11:57:31.527168;105
108184;108192;10;0;2023-12-07 11:57:31.527460;105
109024;108320;12;0;2023-12-07 11:57:31.527460;105
108525;108348;14;0;2023-12-07 11:57:31.527460;105
83163;85463;0;0;2023-12-07 11:57:31.542610;106
95042;360438;2;0;2023-12-07 11:57:31.542610;106
529771;627979;4;0;2023-12-07 11:57:31.542610;106
605833;437541;6;0;2023-12-07 11:57:31.542610;106
140389;101799;8;0;2023-12-07 11:57:31.542610;106
108199;108207;10;0;2023-12-07 11:57:31.542610;106
109039;108335;12;0;2023-12-07 11:57:31.542610;106
108540;108363;14;0;2023-12-07 11:57:31.542610;106
83175;85474;0;0;2023-12-07 11:57:31.542610;106
95056;360488;2;0;2023-12-07 11:57:31.554928;107
529844;628065;4;0;2023-12-07 11:57:31.554928;107
605917;437601;6;0;2023-12-07 11:57:31.554928;107
140409;101813;8;0;2023-12-07 11:57:31.554928;107
108214;108222;10;0;2023-12-07 11:57:31.554928;107
109054;108350;12;0;2023-12-07 11:57:31.554928;107
108555;108378;14;0;2023-12-07 11:57:31.554928;107
83186;85486;0;0;2023-12-07 11:57:31.554928;107
95069;360538;2;0;2023-12-07 11:57:31.554928;107
529918;628151;4;0;2023-12-07 11:57:31.568265;108
606000;437661;6;0;2023-12-07 11:57:31.568819;108
140428;101827;8;0;2023-12-07 11:57:31.568819;108
108229;108237;10;0;2023-12-07 11:57:31.568819;108
109069;108365;12;0;2023-12-07 11:57:31.569819;108
108570;108393;14;0;2023-12-07 11:57:31.569819;108
83197;85498;0;0;2023-12-07 11:57:31.570368;108
95082;360587;2;0;2023-12-07 11:57:31.570368;108
529990;628237;4;0;2023-12-07 11:57:31.570883;108
606083;437721;6;0;2023-12-07 11:57:31.581149;109
140447;101841;8;0;2023-12-07 11:57:31.581149;109
108244;108252;10;0;2023-12-07 11:57:31.581149;109
109084;108380;12;0;2023-12-07 11:57:31.581896;109
108585;108408;14;0;2023-12-07 11:57:31.581896;109
83208;85510;0;0;2023-12-07 11:57:31.581896;109
95095;360636;2;0;2023-12-07 11:57:31.581896;109
530063;628324;4;0;2023-12-07 11:57:31.581896;109
606167;437782;6;0;2023-12-07 11:57:31.581896;109
140467;101855;8;0;2023-12-07 11:57:31.593896;110
108259;108267;10;0;2023-12-07 11:57:31.593896;110
109099;108395;12;0;2023-12-07 11:57:31.593896;110
108600;108423;14;0;2023-12-07 11:57:31.593896;110
83220;85522;0;0;2023-12-07 11:57:31.593896;110
95109;360686;2;0;2023-12-07 11:57:31.594897;110
530136;628411;4;0;2023-12-07 11:57:31.594897;110
606250;437842;6;0;2023-12-07 11:57:31.594897;110
140486;101869;8;0;2023-12-07 11:57:31.594897;110
108274;108282;10;0;2023-12-07 11:57:31.607391;111
109114;108410;12;0;2023-12-07 11:57:31.607391;111
108615;108438;14;0;2023-12-07 11:57:31.607391;111
83231;85534;0;0;2023-12-07 11:57:31.607391;111
95122;360735;2;0;2023-12-07 11:57:31.607391;111
530209;628497;4;0;2023-12-07 11:57:31.607391;111
606334;437902;6;0;2023-12-07 11:57:31.607391;111
140505;101883;8;0;2023-12-07 11:57:31.607391;111
108289;108297;10;0;2023-12-07 11:57:31.607391;111
109129;108425;12;0;2023-12-07 11:57:31.619405;112
108630;108453;14;0;2023-12-07 11:57:31.620392;112
83243;85546;0;0;2023-12-07 11:57:31.620392;112
95135;360785;2;0;2023-12-07 11:57:31.620392;112
530282;628583;4;0;2023-12-07 11:57:31.620392;112
606417;437962;6;0;2023-12-07 11:57:31.620392;112
140524;101897;8;0;2023-12-07 11:57:31.620392;112
108304;108312;10;0;2023-12-07 11:57:31.620392;112
109144;108440;12;0;2023-12-07 11:57:31.620392;112
108645;108468;14;0;2023-12-07 11:57:31.633388;113
83254;85558;0;0;2023-12-07 11:57:31.633388;113
95149;360835;2;0;2023-12-07 11:57:31.633388;113
530355;628670;4;0;2023-12-07 11:57:31.634421;113
606500;438022;6;0;2023-12-07 11:57:31.634421;113
140543;101911;8;0;2023-12-07 11:57:31.634421;113
108319;108327;10;0;2023-12-07 11:57:31.634421;113
109159;108455;12;0;2023-12-07 11:57:31.634421;113
108660;108483;14;0;2023-12-07 11:57:31.634421;113
83265;85569;0;0;2023-12-07 11:57:31.650457;114
95162;360885;2;0;2023-12-07 11:57:31.651443;114
530428;628757;4;0;2023-12-07 11:57:31.651443;114
606583;438083;6;0;2023-12-07 11:57:31.651443;114
140562;101925;8;0;2023-12-07 11:57:31.652445;114
108333;108342;10;0;2023-12-07 11:57:31.652764;114
109174;108470;12;0;2023-12-07 11:57:31.652764;114
108675;108498;14;0;2023-12-07 11:57:31.652764;114
83277;85581;0;0;2023-12-07 11:57:31.653451;114
95175;360935;2;0;2023-12-07 11:57:31.663440;115
530501;628843;4;0;2023-12-07 11:57:31.663440;115
606666;438143;6;0;2023-12-07 11:57:31.663440;115
140581;101939;8;0;2023-12-07 11:57:31.663440;115
108348;108357;10;0;2023-12-07 11:57:31.663440;115
109189;108485;12;0;2023-12-07 11:57:31.663440;115
108690;108512;14;0;2023-12-07 11:57:31.663440;115
83289;85592;0;0;2023-12-07 11:57:31.663440;115
95188;360985;2;0;2023-12-07 11:57:31.664440;115
530574;628930;4;0;2023-12-07 11:57:31.675523;116
606750;438204;6;0;2023-12-07 11:57:31.676440;116
140600;101953;8;0;2023-12-07 11:57:31.676440;116
108363;108371;10;0;2023-12-07 11:57:31.676440;116
109204;108500;12;0;2023-12-07 11:57:31.676440;116
108705;108526;14;0;2023-12-07 11:57:31.676440;116
83301;85604;0;0;2023-12-07 11:57:31.677245;116
95202;361034;2;0;2023-12-07 11:57:31.677437;116
530647;629017;4;0;2023-12-07 11:57:31.677437;116
606833;438264;6;0;2023-12-07 11:57:31.688466;117
140619;101967;8;0;2023-12-07 11:57:31.688466;117
108378;108386;10;0;2023-12-07 11:57:31.688466;117
109219;108515;12;0;2023-12-07 11:57:31.688466;117
108721;108541;14;0;2023-12-07 11:57:31.689437;117
83312;85616;0;0;2023-12-07 11:57:31.689437;117
95215;361083;2;0;2023-12-07 11:57:31.689437;117
530720;629102;4;0;2023-12-07 11:57:31.689437;117
606916;438324;6;0;2023-12-07 11:57:31.689437;117
140638;101981;8;0;2023-12-07 11:57:31.701957;118
108392;108401;10;0;2023-12-07 11:57:31.701957;118
109234;108530;12;0;2023-12-07 11:57:31.701957;118
108736;108556;14;0;2023-12-07 11:57:31.701957;118
83324;85628;0;0;2023-12-07 11:57:31.701957;118
95228;361131;2;0;2023-12-07 11:57:31.701957;118
530792;629187;4;0;2023-12-07 11:57:31.701957;118
606998;438383;6;0;2023-12-07 11:57:31.701957;118
140657;101995;8;0;2023-12-07 11:57:31.701957;118
108407;108416;10;0;2023-12-07 11:57:31.715089;119
109250;108545;12;0;2023-12-07 11:57:31.715089;119
108751;108571;14;0;2023-12-07 11:57:31.715089;119
83335;85639;0;0;2023-12-07 11:57:31.715089;119
95241;361181;2;0;2023-12-07 11:57:31.715089;119
530865;629273;4;0;2023-12-07 11:57:31.715089;119
607081;438443;6;0;2023-12-07 11:57:31.715089;119
140676;102009;8;0;2023-12-07 11:57:31.715089;119
108422;108431;10;0;2023-12-07 11:57:31.715089;119
109265;108560;12;0;2023-12-07 11:57:31.729974;120
108766;108585;14;0;2023-12-07 11:57:31.730988;120
83346;85651;0;0;2023-12-07 11:57:31.732192;120
95254;361231;2;0;2023-12-07 11:57:31.733977;120
530939;629360;4;0;2023-12-07 11:57:31.734970;120
607165;438504;6;0;2023-12-07 11:57:31.734970;120
140696;102023;8;0;2023-12-07 11:57:31.734970;120
108437;108446;10;0;2023-12-07 11:57:31.735961;120
109279;108575;12;0;2023-12-07 11:57:31.735961;120
108781;108600;14;0;2023-12-07 11:57:31.742130;121
83357;85662;0;0;2023-12-07 11:57:31.742130;121
95267;361281;2;0;2023-12-07 11:57:31.742130;121
531012;629447;4;0;2023-12-07 11:57:31.742130;121
607249;438565;6;0;2023-12-07 11:57:31.742130;121
140715;102037;8;0;2023-12-07 11:57:31.742130;121
108452;108460;10;0;2023-12-07 11:57:31.743129;121
109294;108590;12;0;2023-12-07 11:57:31.743129;121
108796;108614;14;0;2023-12-07 11:57:31.743129;121
83368;85673;0;0;2023-12-07 11:57:31.758129;122
95280;361330;2;0;2023-12-07 11:57:31.758129;122
531085;629534;4;0;2023-12-07 11:57:31.758129;122
607333;438625;6;0;2023-12-07 11:57:31.758129;122
140735;102051;8;0;2023-12-07 11:57:31.758129;122
108467;108475;10;0;2023-12-07 11:57:31.758129;122
109309;108605;12;0;2023-12-07 11:57:31.758129;122
108811;108629;14;0;2023-12-07 11:57:31.759129;122
83379;85684;0;0;2023-12-07 11:57:31.759129;122
95293;361380;2;0;2023-12-07 11:57:31.770125;123
531158;629620;4;0;2023-12-07 11:57:31.770125;123
607417;438685;6;0;2023-12-07 11:57:31.771124;123
140754;102066;8;0;2023-12-07 11:57:31.771124;123
108482;108490;10;0;2023-12-07 11:57:31.771124;123
109324;108620;12;0;2023-12-07 11:57:31.771124;123
108826;108644;14;0;2023-12-07 11:57:31.771124;123
83390;85696;0;0;2023-12-07 11:57:31.771124;123
95306;361430;2;0;2023-12-07 11:57:31.771124;123
531231;629707;4;0;2023-12-07 11:57:31.784124;124
607501;438746;6;0;2023-12-07 11:57:31.784124;124
140774;102080;8;0;2023-12-07 11:57:31.784124;124
108497;108505;10;0;2023-12-07 11:57:31.784124;124
109339;108635;12;0;2023-12-07 11:57:31.784304;124
108841;108660;14;0;2023-12-07 11:57:31.784304;124
83401;85708;0;0;2023-12-07 11:57:31.784304;124
95319;361480;2;0;2023-12-07 11:57:31.784304;124
531304;629794;4;0;2023-12-07 11:57:31.784304;124
607584;438807;6;0;2023-12-07 11:57:31.796698;125
140793;102093;8;0;2023-12-07 11:57:31.796698;125
108512;108520;10;0;2023-12-07 11:57:31.796698;125
109354;108649;12;0;2023-12-07 11:57:31.796698;125
108856;108675;14;0;2023-12-07 11:57:31.797125;125
83413;85720;0;0;2023-12-07 11:57:31.797125;125
95332;361530;2;0;2023-12-07 11:57:31.797125;125
531377;629881;4;0;2023-12-07 11:57:31.797125;125
607668;438867;6;0;2023-12-07 11:57:31.797125;125
140812;102107;8;0;2023-12-07 11:57:31.809245;126
108526;108535;10;0;2023-12-07 11:57:31.809245;126
109369;108664;12;0;2023-12-07 11:57:31.810126;126
108871;108690;14;0;2023-12-07 11:57:31.810126;126
83425;85732;0;0;2023-12-07 11:57:31.810126;126
95345;361580;2;0;2023-12-07 11:57:31.810126;126
531451;629968;4;0;2023-12-07 11:57:31.810126;126
607751;438927;6;0;2023-12-07 11:57:31.810126;126
140831;102120;8;0;2023-12-07 11:57:31.810126;126
108541;108550;10;0;2023-12-07 11:57:31.822125;127
109383;108679;12;0;2023-12-07 11:57:31.822125;127
108887;108705;14;0;2023-12-07 11:57:31.822125;127
83436;85743;0;0;2023-12-07 11:57:31.822125;127
95358;361629;2;0;2023-12-07 11:57:31.823124;127
531524;630055;4;0;2023-12-07 11:57:31.823124;127
607835;438987;6;0;2023-12-07 11:57:31.823124;127
140850;102134;8;0;2023-12-07 11:57:31.823124;127
108556;108565;10;0;2023-12-07 11:57:31.823124;127
109398;108694;12;0;2023-12-07 11:57:31.836337;128
108902;108720;14;0;2023-12-07 11:57:31.836337;128
83447;85755;0;0;2023-12-07 11:57:31.836337;128
95371;361679;2;0;2023-12-07 11:57:31.836337;128
531597;630142;4;0;2023-12-07 11:57:31.836337;128
607919;439047;6;0;2023-12-07 11:57:31.836337;128
140869;102148;8;0;2023-12-07 11:57:31.837336;128
108571;108580;10;0;2023-12-07 11:57:31.837336;128
109413;108708;12;0;2023-12-07 11:57:31.837336;128
108917;108735;14;0;2023-12-07 11:57:31.849881;129
83458;85767;0;0;2023-12-07 11:57:31.849881;129
95384;361729;2;0;2023-12-07 11:57:31.849881;129
531670;630229;4;0;2023-12-07 11:57:31.849881;129
608002;439107;6;0;2023-12-07 11:57:31.849881;129
140889;102162;8;0;2023-12-07 11:57:31.849881;129
108586;108594;10;0;2023-12-07 11:57:31.849881;129
109428;108723;12;0;2023-12-07 11:57:31.849881;129
108932;108750;14;0;2023-12-07 11:57:31.849881;129
83470;85779;0;0;2023-12-07 11:57:31.865979;130
95397;361778;2;0;2023-12-07 11:57:31.865979;130
531743;630316;4;0;2023-12-07 11:57:31.865979;130
608085;439167;6;0;2023-12-07 11:57:31.865979;130
140909;102176;8;0;2023-12-07 11:57:31.865979;130
108601;108609;10;0;2023-12-07 11:57:31.865979;130
109443;108739;12;0;2023-12-07 11:57:31.865979;130
108948;108765;14;0;2023-12-07 11:57:31.865979;130
83481;85790;0;0;2023-12-07 11:57:31.865979;130
95410;361828;2;0;2023-12-07 11:57:31.878342;131
531817;630403;4;0;2023-12-07 11:57:31.878342;131
608169;439228;6;0;2023-12-07 11:57:31.878342;131
140929;102190;8;0;2023-12-07 11:57:31.878342;131
108616;108624;10;0;2023-12-07 11:57:31.878342;131
109458;108754;12;0;2023-12-07 11:57:31.878342;131
108963;108780;14;0;2023-12-07 11:57:31.878342;131
83492;85802;0;0;2023-12-07 11:57:31.878342;131
95423;361878;2;0;2023-12-07 11:57:31.879284;131
531890;630490;4;0;2023-12-07 11:57:31.891352;132
608253;439289;6;0;2023-12-07 11:57:31.891352;132
140949;102204;8;0;2023-12-07 11:57:31.891352;132
108631;108639;10;0;2023-12-07 11:57:31.891352;132
109473;108769;12;0;2023-12-07 11:57:31.891352;132
108978;108795;14;0;2023-12-07 11:57:31.891352;132
83504;85814;0;0;2023-12-07 11:57:31.891352;132
95436;361927;2;0;2023-12-07 11:57:31.891352;132
531963;630576;4;0;2023-12-07 11:57:31.891352;132
608336;439349;6;0;2023-12-07 11:57:31.904501;133
140969;102218;8;0;2023-12-07 11:57:31.904501;133
108646;108654;10;0;2023-12-07 11:57:31.904501;133
109488;108784;12;0;2023-12-07 11:57:31.904501;133
108993;108810;14;0;2023-12-07 11:57:31.904501;133
83516;85826;0;0;2023-12-07 11:57:31.904501;133
95449;361977;2;0;2023-12-07 11:57:31.904501;133
532036;630663;4;0;2023-12-07 11:57:31.904501;133
608419;439409;6;0;2023-12-07 11:57:31.904501;133
140988;102232;8;0;2023-12-07 11:57:31.917482;134
108661;108669;10;0;2023-12-07 11:57:31.918470;134
109503;108799;12;0;2023-12-07 11:57:31.918470;134
109008;108824;14;0;2023-12-07 11:57:31.918470;134
83528;85837;0;0;2023-12-07 11:57:31.918470;134
95462;362027;2;0;2023-12-07 11:57:31.919554;134
532109;630750;4;0;2023-12-07 11:57:31.919554;134
608502;439469;6;0;2023-12-07 11:57:31.919554;134
141008;102246;8;0;2023-12-07 11:57:31.919554;134
108676;108684;10;0;2023-12-07 11:57:31.930467;135
109518;108814;12;0;2023-12-07 11:57:31.930467;135
109023;108839;14;0;2023-12-07 11:57:31.930467;135
83540;85848;0;0;2023-12-07 11:57:31.930467;135
95475;362077;2;0;2023-12-07 11:57:31.930467;135
532182;630837;4;0;2023-12-07 11:57:31.931472;135
608585;439529;6;0;2023-12-07 11:57:31.931472;135
141027;102260;8;0;2023-12-07 11:57:31.931472;135
108691;108698;10;0;2023-12-07 11:57:31.931763;135
109533;108829;12;0;2023-12-07 11:57:31.943650;136
109038;108854;14;0;2023-12-07 11:57:31.943936;136
83551;85860;0;0;2023-12-07 11:57:31.943936;136
95488;362127;2;0;2023-12-07 11:57:31.943936;136
532255;630924;4;0;2023-12-07 11:57:31.943936;136
608669;439589;6;0;2023-12-07 11:57:31.943936;136
141046;102274;8;0;2023-12-07 11:57:31.943936;136
108706;108713;10;0;2023-12-07 11:57:31.943936;136
109548;108844;12;0;2023-12-07 11:57:31.943936;136
109053;108869;14;0;2023-12-07 11:57:31.957146;137
83563;85872;0;0;2023-12-07 11:57:31.957915;137
95501;362176;2;0;2023-12-07 11:57:31.957931;137
532328;631010;4;0;2023-12-07 11:57:31.958148;137
608752;439649;6;0;2023-12-07 11:57:31.958148;137
141066;102288;8;0;2023-12-07 11:57:31.958148;137
108720;108728;10;0;2023-12-07 11:57:31.958148;137
109563;108859;12;0;2023-12-07 11:57:31.958148;137
109067;108884;14;0;2023-12-07 11:57:31.958148;137
83574;85883;0;0;2023-12-07 11:57:31.973694;138
95514;362225;2;0;2023-12-07 11:57:31.973694;138
532402;631097;4;0;2023-12-07 11:57:31.973694;138
608835;439709;6;0;2023-12-07 11:57:31.973694;138
141085;102302;8;0;2023-12-07 11:57:31.973694;138
108735;108743;10;0;2023-12-07 11:57:31.973694;138
109579;108874;12;0;2023-12-07 11:57:31.973694;138
109081;108899;14;0;2023-12-07 11:57:31.973694;138
83585;85895;0;0;2023-12-07 11:57:31.974200;138
95527;362274;2;0;2023-12-07 11:57:31.987221;139
532475;631183;4;0;2023-12-07 11:57:31.987221;139
608918;439770;6;0;2023-12-07 11:57:31.988214;139
141104;102316;8;0;2023-12-07 11:57:31.989234;139
108750;108758;10;0;2023-12-07 11:57:31.989234;139
109594;108889;12;0;2023-12-07 11:57:31.990220;139
109095;108914;14;0;2023-12-07 11:57:31.991512;139
83596;85907;0;0;2023-12-07 11:57:31.993225;139
95540;362323;2;0;2023-12-07 11:57:31.993642;139
532548;631269;4;0;2023-12-07 11:57:31.999205;140
609001;439830;6;0;2023-12-07 11:57:31.999205;140
141123;102330;8;0;2023-12-07 11:57:32.000203;140
108765;108773;10;0;2023-12-07 11:57:32.000203;140
109609;108904;12;0;2023-12-07 11:57:32.000203;140
109111;108929;14;0;2023-12-07 11:57:32.000203;140
83608;85919;0;0;2023-12-07 11:57:32.000203;140
95553;362372;2;0;2023-12-07 11:57:32.000203;140
532621;631356;4;0;2023-12-07 11:57:32.000203;140
609084;439890;6;0;2023-12-07 11:57:32.012336;141
141143;102344;8;0;2023-12-07 11:57:32.012336;141
108780;108788;10;0;2023-12-07 11:57:32.012336;141
109624;108918;12;0;2023-12-07 11:57:32.012336;141
109126;108944;14;0;2023-12-07 11:57:32.012336;141
83620;85931;0;0;2023-12-07 11:57:32.012336;141
95566;362422;2;0;2023-12-07 11:57:32.012336;141
532694;631443;4;0;2023-12-07 11:57:32.013202;141
609168;439950;6;0;2023-12-07 11:57:32.013202;141
141163;102358;8;0;2023-12-07 11:57:32.025203;142
108795;108803;10;0;2023-12-07 11:57:32.025203;142
109639;108933;12;0;2023-12-07 11:57:32.025203;142
109141;108959;14;0;2023-12-07 11:57:32.026260;142
83632;85943;0;0;2023-12-07 11:57:32.026260;142
95579;362471;2;0;2023-12-07 11:57:32.026260;142
532767;631529;4;0;2023-12-07 11:57:32.026627;142
609251;440011;6;0;2023-12-07 11:57:32.026627;142
141183;102372;8;0;2023-12-07 11:57:32.026627;142
108809;108818;10;0;2023-12-07 11:57:32.038233;143
109654;108948;12;0;2023-12-07 11:57:32.038233;143
109156;108974;14;0;2023-12-07 11:57:32.038233;143
83643;85955;0;0;2023-12-07 11:57:32.038233;143
95592;362521;2;0;2023-12-07 11:57:32.038233;143
532840;631615;4;0;2023-12-07 11:57:32.038233;143
609334;440071;6;0;2023-12-07 11:57:32.038233;143
141202;102386;8;0;2023-12-07 11:57:32.038233;143
108824;108833;10;0;2023-12-07 11:57:32.038233;143
109668;108963;12;0;2023-12-07 11:57:32.052547;144
109171;108989;14;0;2023-12-07 11:57:32.052547;144
83654;85967;0;0;2023-12-07 11:57:32.052547;144
95605;362570;2;0;2023-12-07 11:57:32.052547;144
532913;631701;4;0;2023-12-07 11:57:32.052547;144
609417;440131;6;0;2023-12-07 11:57:32.052547;144
141222;102400;8;0;2023-12-07 11:57:32.052547;144
108839;108848;10;0;2023-12-07 11:57:32.052547;144
109684;108978;12;0;2023-12-07 11:57:32.052547;144
109186;109004;14;0;2023-12-07 11:57:32.065569;145
83666;85979;0;0;2023-12-07 11:57:32.065569;145
95618;362619;2;0;2023-12-07 11:57:32.065569;145
532986;631788;4;0;2023-12-07 11:57:32.065569;145
609501;440192;6;0;2023-12-07 11:57:32.065569;145
141241;102414;8;0;2023-12-07 11:57:32.065569;145
108854;108863;10;0;2023-12-07 11:57:32.065569;145
109700;108993;12;0;2023-12-07 11:57:32.065569;145
109201;109019;14;0;2023-12-07 11:57:32.065569;145
83677;85991;0;0;2023-12-07 11:57:32.081060;146
95632;362669;2;0;2023-12-07 11:57:32.081060;146
533059;631875;4;0;2023-12-07 11:57:32.081060;146
609584;440252;6;0;2023-12-07 11:57:32.081939;146
141261;102428;8;0;2023-12-07 11:57:32.081939;146
108869;108878;10;0;2023-12-07 11:57:32.081939;146
109715;109008;12;0;2023-12-07 11:57:32.081939;146
109216;109034;14;0;2023-12-07 11:57:32.081939;146
83688;86003;0;0;2023-12-07 11:57:32.081939;146
95645;362719;2;0;2023-12-07 11:57:32.094196;147
533132;631961;4;0;2023-12-07 11:57:32.094196;147
609668;440312;6;0;2023-12-07 11:57:32.094196;147
141280;102442;8;0;2023-12-07 11:57:32.094196;147
108885;108893;10;0;2023-12-07 11:57:32.094196;147
109730;109023;12;0;2023-12-07 11:57:32.094196;147
109231;109049;14;0;2023-12-07 11:57:32.094196;147
83699;86014;0;0;2023-12-07 11:57:32.094196;147
95659;362768;2;0;2023-12-07 11:57:32.094196;147
533205;632047;4;0;2023-12-07 11:57:32.107294;148
609751;440371;6;0;2023-12-07 11:57:32.107294;148
141300;102456;8;0;2023-12-07 11:57:32.107294;148
108900;108908;10;0;2023-12-07 11:57:32.107294;148
109746;109038;12;0;2023-12-07 11:57:32.107294;148
109246;109064;14;0;2023-12-07 11:57:32.107294;148
