772411;695242;12;0;2023-12-07 12:20:40.192324;1
766092;764386;14;0;2023-12-07 12:20:40.192324;1
762910;763949;0;0;2023-12-07 12:20:40.192324;1
763891;759749;2;0;2023-12-07 12:20:40.192324;1
9874849;16671665;4;0;2023-12-07 12:20:40.192324;1
4282330379;4283348624;6;0;2023-12-07 12:20:40.192324;1
4280904008;13968090;8;0;2023-12-07 12:20:40.192324;1
6256835;764716;10;0;2023-12-07 12:20:40.208293;2
772426;695256;12;0;2023-12-07 12:20:40.208293;2
766106;764400;14;0;2023-12-07 12:20:40.208293;2
762925;763964;0;0;2023-12-07 12:20:40.208293;2
763906;759764;2;0;2023-12-07 12:20:40.208293;2
9875036;16671981;4;0;2023-12-07 12:20:40.208293;2
4282330775;4283349039;6;0;2023-12-07 12:20:40.208293;2
4280904377;13968355;8;0;2023-12-07 12:20:40.208293;2
6256954;764730;10;0;2023-12-07 12:20:40.208293;2
772441;695269;12;0;2023-12-07 12:20:40.220200;3
766121;764414;14;0;2023-12-07 12:20:40.220200;3
762940;763979;0;0;2023-12-07 12:20:40.220200;3
763921;759779;2;0;2023-12-07 12:20:40.220200;3
9875224;16672298;4;0;2023-12-07 12:20:40.220200;3
4282331172;4283349454;6;0;2023-12-07 12:20:40.220200;3
4280904747;13968619;8;0;2023-12-07 12:20:40.220200;3
6257073;764744;10;0;2023-12-07 12:20:40.220200;3
772455;695282;12;0;2023-12-07 12:20:40.220200;3
766135;764428;14;0;2023-12-07 12:20:40.234113;4
762955;763994;0;0;2023-12-07 12:20:40.234113;4
763935;759793;2;0;2023-12-07 12:20:40.234113;4
9875410;16672614;4;0;2023-12-07 12:20:40.234113;4
4282331568;4283349870;6;0;2023-12-07 12:20:40.234113;4
4280905116;13968884;8;0;2023-12-07 12:20:40.234113;4
6257192;764759;10;0;2023-12-07 12:20:40.234113;4
772470;695295;12;0;2023-12-07 12:20:40.234113;4
766150;764443;14;0;2023-12-07 12:20:40.234113;4
762969;764009;0;0;2023-12-07 12:20:40.250781;5
763949;759807;2;0;2023-12-07 12:20:40.250781;5
9875597;16672930;4;0;2023-12-07 12:20:40.250781;5
4282331965;4283350286;6;0;2023-12-07 12:20:40.250781;5
4280905486;13969149;8;0;2023-12-07 12:20:40.250781;5
6257311;764774;10;0;2023-12-07 12:20:40.250781;5
772485;695308;12;0;2023-12-07 12:20:40.250781;5
766164;764457;14;0;2023-12-07 12:20:40.250781;5
762983;764024;0;0;2023-12-07 12:20:40.250781;5
763964;759822;2;0;2023-12-07 12:20:40.264386;6
9875784;16673246;4;0;2023-12-07 12:20:40.264386;6
4282332362;4283350702;6;0;2023-12-07 12:20:40.264386;6
4280905855;13969414;8;0;2023-12-07 12:20:40.264386;6
6257429;764788;10;0;2023-12-07 12:20:40.264386;6
772499;695321;12;0;2023-12-07 12:20:40.264386;6
766179;764471;14;0;2023-12-07 12:20:40.264386;6
762997;764038;0;0;2023-12-07 12:20:40.264386;6
763979;759836;2;0;2023-12-07 12:20:40.264386;6
9875971;16673561;4;0;2023-12-07 12:20:40.278409;7
4282332758;4283351117;6;0;2023-12-07 12:20:40.279329;7
4280906224;13969679;8;0;2023-12-07 12:20:40.279475;7
6257548;764802;10;0;2023-12-07 12:20:40.279681;7
772514;695335;12;0;2023-12-07 12:20:40.279681;7
766193;764486;14;0;2023-12-07 12:20:40.279681;7
763012;764053;0;0;2023-12-07 12:20:40.279681;7
763994;759850;2;0;2023-12-07 12:20:40.279681;7
9876158;16673877;4;0;2023-12-07 12:20:40.280317;7
4282333155;4283351533;6;0;2023-12-07 12:20:40.291578;8
4280906594;13969944;8;0;2023-12-07 12:20:40.291578;8
6257667;764817;10;0;2023-12-07 12:20:40.291578;8
772529;695348;12;0;2023-12-07 12:20:40.291578;8
766208;764500;14;0;2023-12-07 12:20:40.291578;8
763027;764068;0;0;2023-12-07 12:20:40.291578;8
764008;759865;2;0;2023-12-07 12:20:40.291578;8
9876345;16674194;4;0;2023-12-07 12:20:40.291578;8
4282333552;4283351949;6;0;2023-12-07 12:20:40.291578;8
4280906963;13970209;8;0;2023-12-07 12:20:40.305640;9
6257786;764831;10;0;2023-12-07 12:20:40.305640;9
772544;695361;12;0;2023-12-07 12:20:40.305640;9
766222;764515;14;0;2023-12-07 12:20:40.305640;9
763042;764083;0;0;2023-12-07 12:20:40.305640;9
764022;759880;2;0;2023-12-07 12:20:40.305640;9
9876532;16674510;4;0;2023-12-07 12:20:40.305640;9
4282333949;4283352365;6;0;2023-12-07 12:20:40.305640;9
4280907332;13970473;8;0;2023-12-07 12:20:40.305640;9
6257905;764845;10;0;2023-12-07 12:20:40.319401;10
772559;695374;12;0;2023-12-07 12:20:40.319401;10
766237;764529;14;0;2023-12-07 12:20:40.319401;10
763056;764097;0;0;2023-12-07 12:20:40.319401;10
764037;759894;2;0;2023-12-07 12:20:40.319401;10
9876719;16674825;4;0;2023-12-07 12:20:40.319401;10
4282334345;4283352782;6;0;2023-12-07 12:20:40.319401;10
4280907701;13970738;8;0;2023-12-07 12:20:40.319401;10
6258024;764859;10;0;2023-12-07 12:20:40.319401;10
772574;695387;12;0;2023-12-07 12:20:40.333387;11
766252;764544;14;0;2023-12-07 12:20:40.333387;11
763071;764111;0;0;2023-12-07 12:20:40.333387;11
764051;759908;2;0;2023-12-07 12:20:40.333387;11
9876906;16675142;4;0;2023-12-07 12:20:40.333387;11
4282334742;4283353197;6;0;2023-12-07 12:20:40.333387;11
4280908070;13971002;8;0;2023-12-07 12:20:40.333387;11
6258142;764874;10;0;2023-12-07 12:20:40.333387;11
772589;695400;12;0;2023-12-07 12:20:40.333387;11
766267;764558;14;0;2023-12-07 12:20:40.347517;12
763085;764125;0;0;2023-12-07 12:20:40.347517;12
764065;759923;2;0;2023-12-07 12:20:40.347517;12
9877093;16675459;4;0;2023-12-07 12:20:40.347517;12
4282335139;4283353613;6;0;2023-12-07 12:20:40.347517;12
4280908440;13971266;8;0;2023-12-07 12:20:40.347517;12
6258261;764889;10;0;2023-12-07 12:20:40.347517;12
772604;695413;12;0;2023-12-07 12:20:40.347517;12
766281;764573;14;0;2023-12-07 12:20:40.347517;12
763100;764140;0;0;2023-12-07 12:20:40.364242;13
764079;759937;2;0;2023-12-07 12:20:40.364242;13
9877280;16675775;4;0;2023-12-07 12:20:40.364242;13
4282335535;4283354029;6;0;2023-12-07 12:20:40.364242;13
4280908810;13971531;8;0;2023-12-07 12:20:40.364242;13
6258380;764904;10;0;2023-12-07 12:20:40.364242;13
772619;695426;12;0;2023-12-07 12:20:40.364242;13
766296;764588;14;0;2023-12-07 12:20:40.364242;13
763114;764155;0;0;2023-12-07 12:20:40.364242;13
764093;759952;2;0;2023-12-07 12:20:40.378111;14
9877467;16676091;4;0;2023-12-07 12:20:40.378111;14
4282335931;4283354444;6;0;2023-12-07 12:20:40.378111;14
4280909178;13971796;8;0;2023-12-07 12:20:40.378111;14
6258498;764919;10;0;2023-12-07 12:20:40.378111;14
772633;695440;12;0;2023-12-07 12:20:40.378111;14
766310;764602;14;0;2023-12-07 12:20:40.378111;14
763128;764170;0;0;2023-12-07 12:20:40.378111;14
764108;759967;2;0;2023-12-07 12:20:40.378111;14
9877654;16676406;4;0;2023-12-07 12:20:40.392292;15
4282336328;4283354859;6;0;2023-12-07 12:20:40.392292;15
4280909548;13972061;8;0;2023-12-07 12:20:40.392292;15
6258617;764933;10;0;2023-12-07 12:20:40.392292;15
772648;695453;12;0;2023-12-07 12:20:40.392292;15
766324;764617;14;0;2023-12-07 12:20:40.392292;15
763143;764184;0;0;2023-12-07 12:20:40.392292;15
764123;759981;2;0;2023-12-07 12:20:40.392292;15
9877842;16676722;4;0;2023-12-07 12:20:40.392292;15
4282336724;4283355274;6;0;2023-12-07 12:20:40.406233;16
4280909918;13972326;8;0;2023-12-07 12:20:40.406233;16
6258736;764947;10;0;2023-12-07 12:20:40.406233;16
772662;695467;12;0;2023-12-07 12:20:40.406233;16
766338;764632;14;0;2023-12-07 12:20:40.406233;16
763157;764199;0;0;2023-12-07 12:20:40.406233;16
764138;759996;2;0;2023-12-07 12:20:40.406233;16
9878030;16677037;4;0;2023-12-07 12:20:40.406233;16
4282337121;4283355690;6;0;2023-12-07 12:20:40.406233;16
4280910287;13972592;8;0;2023-12-07 12:20:40.420034;17
6258854;764961;10;0;2023-12-07 12:20:40.420034;17
772677;695480;12;0;2023-12-07 12:20:40.420034;17
766353;764646;14;0;2023-12-07 12:20:40.420034;17
763172;764214;0;0;2023-12-07 12:20:40.420034;17
764153;760011;2;0;2023-12-07 12:20:40.420034;17
9878217;16677353;4;0;2023-12-07 12:20:40.420034;17
4282337518;4283356106;6;0;2023-12-07 12:20:40.420034;17
4280910657;13972857;8;0;2023-12-07 12:20:40.420034;17
6258974;764975;10;0;2023-12-07 12:20:40.432767;18
772691;695494;12;0;2023-12-07 12:20:40.432767;18
766368;764661;14;0;2023-12-07 12:20:40.432767;18
763186;764228;0;0;2023-12-07 12:20:40.432767;18
764168;760026;2;0;2023-12-07 12:20:40.432767;18
9878404;16677669;4;0;2023-12-07 12:20:40.433251;18
4282337915;4283356521;6;0;2023-12-07 12:20:40.433251;18
4280911027;13973122;8;0;2023-12-07 12:20:40.433251;18
6259093;764989;10;0;2023-12-07 12:20:40.433251;18
772706;695507;12;0;2023-12-07 12:20:40.446706;19
766382;764675;14;0;2023-12-07 12:20:40.446706;19
763200;764242;0;0;2023-12-07 12:20:40.446706;19
764182;760041;2;0;2023-12-07 12:20:40.446706;19
9878591;16677985;4;0;2023-12-07 12:20:40.446706;19
4282338311;4283356936;6;0;2023-12-07 12:20:40.447804;19
4280911397;13973386;8;0;2023-12-07 12:20:40.447804;19
6259212;765003;10;0;2023-12-07 12:20:40.447804;19
772721;695521;12;0;2023-12-07 12:20:40.447804;19
766396;764690;14;0;2023-12-07 12:20:40.460644;20
763214;764256;0;0;2023-12-07 12:20:40.460644;20
764196;760055;2;0;2023-12-07 12:20:40.460644;20
9878778;16678300;4;0;2023-12-07 12:20:40.460644;20
4282338708;4283357352;6;0;2023-12-07 12:20:40.460644;20
4280911766;13973650;8;0;2023-12-07 12:20:40.460644;20
6259331;765017;10;0;2023-12-07 12:20:40.460644;20
772735;695534;12;0;2023-12-07 12:20:40.460644;20
766410;764704;14;0;2023-12-07 12:20:40.460644;20
763228;764271;0;0;2023-12-07 12:20:40.478702;21
764210;760070;2;0;2023-12-07 12:20:40.478702;21
9878965;16678616;4;0;2023-12-07 12:20:40.478702;21
4282339105;4283357768;6;0;2023-12-07 12:20:40.478702;21
4280912136;13973914;8;0;2023-12-07 12:20:40.478702;21
6259449;765032;10;0;2023-12-07 12:20:40.478702;21
772749;695547;12;0;2023-12-07 12:20:40.478702;21
766424;764719;14;0;2023-12-07 12:20:40.478702;21
763243;764285;0;0;2023-12-07 12:20:40.478702;21
764225;760085;2;0;2023-12-07 12:20:40.491410;22
9879152;16678932;4;0;2023-12-07 12:20:40.491410;22
4282339501;4283358184;6;0;2023-12-07 12:20:40.491410;22
4280912506;13974178;8;0;2023-12-07 12:20:40.491410;22
6259567;765046;10;0;2023-12-07 12:20:40.491410;22
772764;695560;12;0;2023-12-07 12:20:40.491410;22
766438;764733;14;0;2023-12-07 12:20:40.491410;22
763257;764299;0;0;2023-12-07 12:20:40.491410;22
764240;760099;2;0;2023-12-07 12:20:40.491410;22
9879339;16679248;4;0;2023-12-07 12:20:40.505313;23
4282339898;4283358599;6;0;2023-12-07 12:20:40.505313;23
4280912875;13974443;8;0;2023-12-07 12:20:40.505313;23
6259686;765060;10;0;2023-12-07 12:20:40.505313;23
772778;695574;12;0;2023-12-07 12:20:40.505313;23
766453;764748;14;0;2023-12-07 12:20:40.505313;23
763272;764313;0;0;2023-12-07 12:20:40.505313;23
764254;760113;2;0;2023-12-07 12:20:40.505313;23
9879526;16679564;4;0;2023-12-07 12:20:40.505313;23
4282340294;4283359016;6;0;2023-12-07 12:20:40.519198;24
4280913245;13974708;8;0;2023-12-07 12:20:40.519198;24
6259805;765074;10;0;2023-12-07 12:20:40.519198;24
772793;695587;12;0;2023-12-07 12:20:40.519198;24
766467;764762;14;0;2023-12-07 12:20:40.519198;24
763287;764327;0;0;2023-12-07 12:20:40.519198;24
764269;760127;2;0;2023-12-07 12:20:40.519198;24
9879713;16679880;4;0;2023-12-07 12:20:40.519198;24
4282340691;4283359432;6;0;2023-12-07 12:20:40.519198;24
4280913614;13974972;8;0;2023-12-07 12:20:40.533118;25
6259923;765088;10;0;2023-12-07 12:20:40.533118;25
772808;695600;12;0;2023-12-07 12:20:40.533118;25
766482;764776;14;0;2023-12-07 12:20:40.533118;25
763301;764341;0;0;2023-12-07 12:20:40.533118;25
764284;760141;2;0;2023-12-07 12:20:40.533118;25
9879900;16680196;4;0;2023-12-07 12:20:40.533118;25
4282341087;4283359848;6;0;2023-12-07 12:20:40.533118;25
4280913983;13975237;8;0;2023-12-07 12:20:40.533118;25
6260041;765103;10;0;2023-12-07 12:20:40.547070;26
772823;695614;12;0;2023-12-07 12:20:40.547070;26
766496;764791;14;0;2023-12-07 12:20:40.547070;26
763315;764355;0;0;2023-12-07 12:20:40.547070;26
764299;760156;2;0;2023-12-07 12:20:40.547070;26
9880087;16680511;4;0;2023-12-07 12:20:40.547070;26
4282341483;4283360262;6;0;2023-12-07 12:20:40.547070;26
4280914352;13975502;8;0;2023-12-07 12:20:40.547070;26
6260160;765117;10;0;2023-12-07 12:20:40.547070;26
772838;695627;12;0;2023-12-07 12:20:40.561149;27
766510;764806;14;0;2023-12-07 12:20:40.561149;27
763329;764369;0;0;2023-12-07 12:20:40.561149;27
764313;760171;2;0;2023-12-07 12:20:40.561149;27
9880275;16680828;4;0;2023-12-07 12:20:40.561149;27
4282341880;4283360677;6;0;2023-12-07 12:20:40.561149;27
4280914722;13975768;8;0;2023-12-07 12:20:40.561149;27
6260278;765132;10;0;2023-12-07 12:20:40.561149;27
772853;695640;12;0;2023-12-07 12:20:40.561149;27
766525;764821;14;0;2023-12-07 12:20:40.572937;28
763343;764383;0;0;2023-12-07 12:20:40.572937;28
764327;760185;2;0;2023-12-07 12:20:40.573933;28
9880463;16681145;4;0;2023-12-07 12:20:40.573933;28
4282342276;4283361093;6;0;2023-12-07 12:20:40.573933;28
4280915092;13976033;8;0;2023-12-07 12:20:40.573933;28
6260397;765146;10;0;2023-12-07 12:20:40.573933;28
772868;695653;12;0;2023-12-07 12:20:40.573933;28
766540;764836;14;0;2023-12-07 12:20:40.573933;28
763358;764398;0;0;2023-12-07 12:20:40.591426;29
764342;760200;2;0;2023-12-07 12:20:40.591426;29
9880650;16681462;4;0;2023-12-07 12:20:40.591426;29
4282342673;4283361509;6;0;2023-12-07 12:20:40.591426;29
4280915462;13976298;8;0;2023-12-07 12:20:40.591426;29
6260516;765160;10;0;2023-12-07 12:20:40.591426;29
772883;695666;12;0;2023-12-07 12:20:40.591426;29
766554;764851;14;0;2023-12-07 12:20:40.592272;29
763373;764413;0;0;2023-12-07 12:20:40.592317;29
764356;760214;2;0;2023-12-07 12:20:40.605400;30
9880837;16681778;4;0;2023-12-07 12:20:40.605400;30
4282343069;4283361925;6;0;2023-12-07 12:20:40.605400;30
4280915832;13976563;8;0;2023-12-07 12:20:40.605400;30
6260634;765175;10;0;2023-12-07 12:20:40.605400;30
772898;695679;12;0;2023-12-07 12:20:40.605400;30
766569;764865;14;0;2023-12-07 12:20:40.605400;30
763388;764428;0;0;2023-12-07 12:20:40.605400;30
764370;760228;2;0;2023-12-07 12:20:40.606212;30
9881024;16682094;4;0;2023-12-07 12:20:40.619323;31
4282343466;4283362341;6;0;2023-12-07 12:20:40.619323;31
4280916201;13976827;8;0;2023-12-07 12:20:40.619323;31
6260753;765190;10;0;2023-12-07 12:20:40.619323;31
772912;695692;12;0;2023-12-07 12:20:40.619323;31
766584;764879;14;0;2023-12-07 12:20:40.619323;31
763403;764442;0;0;2023-12-07 12:20:40.619323;31
764385;760243;2;0;2023-12-07 12:20:40.619323;31
9881211;16682410;4;0;2023-12-07 12:20:40.619323;31
4282343862;4283362757;6;0;2023-12-07 12:20:40.632503;32
4280916570;13977092;8;0;2023-12-07 12:20:40.632503;32
6260872;765204;10;0;2023-12-07 12:20:40.632503;32
772927;695706;12;0;2023-12-07 12:20:40.632503;32
766599;764894;14;0;2023-12-07 12:20:40.632503;32
763417;764456;0;0;2023-12-07 12:20:40.632503;32
764399;760258;2;0;2023-12-07 12:20:40.632503;32
9881398;16682726;4;0;2023-12-07 12:20:40.632503;32
4282344259;4283363173;6;0;2023-12-07 12:20:40.632503;32
4280916939;13977357;8;0;2023-12-07 12:20:40.646065;33
6260990;765218;10;0;2023-12-07 12:20:40.646065;33
772942;695720;12;0;2023-12-07 12:20:40.646065;33
766614;764909;14;0;2023-12-07 12:20:40.646065;33
763431;764470;0;0;2023-12-07 12:20:40.646065;33
764414;760272;2;0;2023-12-07 12:20:40.646065;33
9881585;16683041;4;0;2023-12-07 12:20:40.646065;33
4282344655;4283363588;6;0;2023-12-07 12:20:40.646065;33
4280917307;13977621;8;0;2023-12-07 12:20:40.646065;33
6261108;765233;10;0;2023-12-07 12:20:40.660261;34
772957;695734;12;0;2023-12-07 12:20:40.660261;34
766628;764923;14;0;2023-12-07 12:20:40.660261;34
763445;764484;0;0;2023-12-07 12:20:40.660261;34
764428;760287;2;0;2023-12-07 12:20:40.660261;34
9881773;16683358;4;0;2023-12-07 12:20:40.660261;34
4282345052;4283364005;6;0;2023-12-07 12:20:40.660261;34
4280917677;13977886;8;0;2023-12-07 12:20:40.660261;34
6261226;765248;10;0;2023-12-07 12:20:40.660261;34
772972;695748;12;0;2023-12-07 12:20:40.674218;35
766643;764937;14;0;2023-12-07 12:20:40.674218;35
763459;764499;0;0;2023-12-07 12:20:40.674218;35
764443;760302;2;0;2023-12-07 12:20:40.674218;35
9881960;16683674;4;0;2023-12-07 12:20:40.674218;35
4282345449;4283364421;6;0;2023-12-07 12:20:40.674218;35
4280918046;13978151;8;0;2023-12-07 12:20:40.674218;35
6261345;765262;10;0;2023-12-07 12:20:40.674942;35
772987;695762;12;0;2023-12-07 12:20:40.674942;35
766658;764952;14;0;2023-12-07 12:20:40.688032;36
763473;764514;0;0;2023-12-07 12:20:40.688032;36
764457;760316;2;0;2023-12-07 12:20:40.688032;36
9882148;16683991;4;0;2023-12-07 12:20:40.688032;36
4282345846;4283364837;6;0;2023-12-07 12:20:40.688032;36
4280918415;13978416;8;0;2023-12-07 12:20:40.688032;36
6261464;765277;10;0;2023-12-07 12:20:40.688610;36
773002;695775;12;0;2023-12-07 12:20:40.688729;36
766673;764966;14;0;2023-12-07 12:20:40.688729;36
763488;764529;0;0;2023-12-07 12:20:40.704662;37
764472;760330;2;0;2023-12-07 12:20:40.704662;37
9882335;16684307;4;0;2023-12-07 12:20:40.704662;37
4282346243;4283365253;6;0;2023-12-07 12:20:40.704662;37
4280918784;13978681;8;0;2023-12-07 12:20:40.704662;37
6261583;765291;10;0;2023-12-07 12:20:40.704662;37
773017;695788;12;0;2023-12-07 12:20:40.704662;37
766687;764981;14;0;2023-12-07 12:20:40.704662;37
763503;764544;0;0;2023-12-07 12:20:40.704662;37
764487;760344;2;0;2023-12-07 12:20:40.719057;38
9882522;16684623;4;0;2023-12-07 12:20:40.719057;38
4282346639;4283365669;6;0;2023-12-07 12:20:40.719057;38
4280919153;13978945;8;0;2023-12-07 12:20:40.719057;38
6261701;765305;10;0;2023-12-07 12:20:40.719057;38
773031;695801;12;0;2023-12-07 12:20:40.719597;38
766702;764995;14;0;2023-12-07 12:20:40.719597;38
763517;764558;0;0;2023-12-07 12:20:40.719597;38
764501;760358;2;0;2023-12-07 12:20:40.719597;38
9882709;16684939;4;0;2023-12-07 12:20:40.732539;39
4282347035;4283366085;6;0;2023-12-07 12:20:40.732539;39
4280919522;13979209;8;0;2023-12-07 12:20:40.732539;39
6261819;765320;10;0;2023-12-07 12:20:40.732539;39
773046;695814;12;0;2023-12-07 12:20:40.732539;39
766716;765010;14;0;2023-12-07 12:20:40.732539;39
763531;764572;0;0;2023-12-07 12:20:40.732539;39
764515;760372;2;0;2023-12-07 12:20:40.732539;39
9882896;16685254;4;0;2023-12-07 12:20:40.732539;39
4282347432;4283366502;6;0;2023-12-07 12:20:40.746771;40
4280919892;13979473;8;0;2023-12-07 12:20:40.746771;40
6261938;765335;10;0;2023-12-07 12:20:40.746771;40
773060;695827;12;0;2023-12-07 12:20:40.746771;40
766730;765024;14;0;2023-12-07 12:20:40.746771;40
763545;764587;0;0;2023-12-07 12:20:40.746771;40
764530;760386;2;0;2023-12-07 12:20:40.746771;40
9883083;16685569;4;0;2023-12-07 12:20:40.746771;40
4282347829;4283366918;6;0;2023-12-07 12:20:40.746771;40
4280920262;13979738;8;0;2023-12-07 12:20:40.760714;41
6262057;765349;10;0;2023-12-07 12:20:40.760714;41
773075;695841;12;0;2023-12-07 12:20:40.760714;41
766744;765039;14;0;2023-12-07 12:20:40.760714;41
763559;764601;0;0;2023-12-07 12:20:40.760714;41
764545;760400;2;0;2023-12-07 12:20:40.760714;41
9883270;16685885;4;0;2023-12-07 12:20:40.760714;41
4282348226;4283367334;6;0;2023-12-07 12:20:40.760714;41
4280920632;13980003;8;0;2023-12-07 12:20:40.760714;41
6262176;765364;10;0;2023-12-07 12:20:40.773472;42
773090;695854;12;0;2023-12-07 12:20:40.773472;42
766758;765053;14;0;2023-12-07 12:20:40.773472;42
763573;764616;0;0;2023-12-07 12:20:40.773472;42
764560;760415;2;0;2023-12-07 12:20:40.773472;42
9883458;16686202;4;0;2023-12-07 12:20:40.773472;42
4282348623;4283367750;6;0;2023-12-07 12:20:40.773472;42
4280921001;13980268;8;0;2023-12-07 12:20:40.773472;42
6262295;765379;10;0;2023-12-07 12:20:40.773472;42
773105;695867;12;0;2023-12-07 12:20:40.787292;43
766772;765068;14;0;2023-12-07 12:20:40.787292;43
763587;764631;0;0;2023-12-07 12:20:40.787292;43
764575;760430;2;0;2023-12-07 12:20:40.787292;43
9883645;16686518;4;0;2023-12-07 12:20:40.787292;43
4282349020;4283368165;6;0;2023-12-07 12:20:40.787292;43
4280921370;13980532;8;0;2023-12-07 12:20:40.787292;43
6262414;765394;10;0;2023-12-07 12:20:40.787292;43
773119;695880;12;0;2023-12-07 12:20:40.787292;43
766786;765083;14;0;2023-12-07 12:20:40.801416;44
763601;764646;0;0;2023-12-07 12:20:40.801416;44
764589;760444;2;0;2023-12-07 12:20:40.801416;44
9883832;16686834;4;0;2023-12-07 12:20:40.801416;44
4282349416;4283368581;6;0;2023-12-07 12:20:40.801416;44
4280921740;13980797;8;0;2023-12-07 12:20:40.801416;44
6262533;765408;10;0;2023-12-07 12:20:40.801416;44
773134;695893;12;0;2023-12-07 12:20:40.801416;44
766801;765097;14;0;2023-12-07 12:20:40.801416;44
763615;764660;0;0;2023-12-07 12:20:40.818181;45
764604;760459;2;0;2023-12-07 12:20:40.818181;45
9884020;16687150;4;0;2023-12-07 12:20:40.818181;45
4282349813;4283368997;6;0;2023-12-07 12:20:40.818181;45
4280922109;13981062;8;0;2023-12-07 12:20:40.818181;45
6262651;765423;10;0;2023-12-07 12:20:40.818181;45
773149;695906;12;0;2023-12-07 12:20:40.818181;45
766816;765112;14;0;2023-12-07 12:20:40.818181;45
763630;764675;0;0;2023-12-07 12:20:40.818181;45
764618;760474;2;0;2023-12-07 12:20:40.832093;46
9884207;16687468;4;0;2023-12-07 12:20:40.832093;46
4282350210;4283369413;6;0;2023-12-07 12:20:40.832093;46
4280922479;13981326;8;0;2023-12-07 12:20:40.832093;46
6262769;765438;10;0;2023-12-07 12:20:40.832093;46
773164;695919;12;0;2023-12-07 12:20:40.832093;46
766830;765126;14;0;2023-12-07 12:20:40.832093;46
763644;764690;0;0;2023-12-07 12:20:40.832093;46
764633;760488;2;0;2023-12-07 12:20:40.832093;46
9884394;16687785;4;0;2023-12-07 12:20:40.846030;47
4282350607;4283369830;6;0;2023-12-07 12:20:40.846030;47
4280922849;13981591;8;0;2023-12-07 12:20:40.846030;47
6262888;765452;10;0;2023-12-07 12:20:40.846030;47
773179;695932;12;0;2023-12-07 12:20:40.846030;47
766844;765140;14;0;2023-12-07 12:20:40.846030;47
763658;764704;0;0;2023-12-07 12:20:40.846030;47
764647;760502;2;0;2023-12-07 12:20:40.846030;47
9884581;16688101;4;0;2023-12-07 12:20:40.846030;47
4282351004;4283370245;6;0;2023-12-07 12:20:40.860212;48
4280923218;13981856;8;0;2023-12-07 12:20:40.860212;48
6263006;765467;10;0;2023-12-07 12:20:40.860212;48
773193;695945;12;0;2023-12-07 12:20:40.860212;48
766858;765155;14;0;2023-12-07 12:20:40.860212;48
763672;764718;0;0;2023-12-07 12:20:40.860212;48
764662;760516;2;0;2023-12-07 12:20:40.860212;48
9884768;16688417;4;0;2023-12-07 12:20:40.860212;48
4282351401;4283370661;6;0;2023-12-07 12:20:40.860212;48
4280923588;13982121;8;0;2023-12-07 12:20:40.874118;49
6263124;765482;10;0;2023-12-07 12:20:40.874118;49
773207;695958;12;0;2023-12-07 12:20:40.874118;49
766872;765170;14;0;2023-12-07 12:20:40.874118;49
763687;764733;0;0;2023-12-07 12:20:40.874118;49
764676;760531;2;0;2023-12-07 12:20:40.874118;49
9884955;16688733;4;0;2023-12-07 12:20:40.874118;49
4282351799;4283371078;6;0;2023-12-07 12:20:40.874118;49
4280923958;13982387;8;0;2023-12-07 12:20:40.874118;49
6263243;765497;10;0;2023-12-07 12:20:40.887928;50
773221;695971;12;0;2023-12-07 12:20:40.887928;50
766886;765184;14;0;2023-12-07 12:20:40.887928;50
763701;764748;0;0;2023-12-07 12:20:40.887928;50
764691;760546;2;0;2023-12-07 12:20:40.887928;50
9885142;16689048;4;0;2023-12-07 12:20:40.887928;50
4282352195;4283371494;6;0;2023-12-07 12:20:40.887928;50
4280924327;13982652;8;0;2023-12-07 12:20:40.887928;50
6263362;765512;10;0;2023-12-07 12:20:40.887928;50
773235;695984;12;0;2023-12-07 12:20:40.901355;51
766901;765198;14;0;2023-12-07 12:20:40.901355;51
763716;764763;0;0;2023-12-07 12:20:40.901355;51
764706;760561;2;0;2023-12-07 12:20:40.901355;51
9885328;16689364;4;0;2023-12-07 12:20:40.901355;51
4282352591;4283371910;6;0;2023-12-07 12:20:40.902302;51
4280924697;13982917;8;0;2023-12-07 12:20:40.902302;51
6263480;765527;10;0;2023-12-07 12:20:40.902302;51
773249;695997;12;0;2023-12-07 12:20:40.902302;51
766916;765212;14;0;2023-12-07 12:20:40.914562;52
763731;764778;0;0;2023-12-07 12:20:40.914562;52
764720;760575;2;0;2023-12-07 12:20:40.914562;52
9885515;16689680;4;0;2023-12-07 12:20:40.914562;52
4282352987;4283372326;6;0;2023-12-07 12:20:40.914562;52
4280925065;13983181;8;0;2023-12-07 12:20:40.914562;52
6263598;765542;10;0;2023-12-07 12:20:40.914562;52
773263;696010;12;0;2023-12-07 12:20:40.914562;52
766930;765227;14;0;2023-12-07 12:20:40.914562;52
763746;764793;0;0;2023-12-07 12:20:40.932167;53
764735;760589;2;0;2023-12-07 12:20:40.932167;53
9885701;16689996;4;0;2023-12-07 12:20:40.932167;53
4282353383;4283372741;6;0;2023-12-07 12:20:40.932167;53
4280925434;13983446;8;0;2023-12-07 12:20:40.932167;53
6263717;765557;10;0;2023-12-07 12:20:40.932167;53
773278;696023;12;0;2023-12-07 12:20:40.932167;53
766945;765241;14;0;2023-12-07 12:20:40.932167;53
763760;764807;0;0;2023-12-07 12:20:40.932167;53
764749;760604;2;0;2023-12-07 12:20:40.946537;54
9885888;16690312;4;0;2023-12-07 12:20:40.946537;54
4282353778;4283373156;6;0;2023-12-07 12:20:40.946537;54
4280925803;13983710;8;0;2023-12-07 12:20:40.946537;54
6263835;765572;10;0;2023-12-07 12:20:40.946537;54
773293;696036;12;0;2023-12-07 12:20:40.946537;54
766960;765256;14;0;2023-12-07 12:20:40.946537;54
763774;764821;0;0;2023-12-07 12:20:40.946537;54
764763;760619;2;0;2023-12-07 12:20:40.946537;54
9886075;16690629;4;0;2023-12-07 12:20:40.958476;55
4282354174;4283373571;6;0;2023-12-07 12:20:40.959472;55
4280926171;13983975;8;0;2023-12-07 12:20:40.959472;55
6263953;765586;10;0;2023-12-07 12:20:40.959472;55
773307;696049;12;0;2023-12-07 12:20:40.959472;55
766974;765271;14;0;2023-12-07 12:20:40.959472;55
763789;764836;0;0;2023-12-07 12:20:40.959472;55
764777;760633;2;0;2023-12-07 12:20:40.959472;55
9886262;16690945;4;0;2023-12-07 12:20:40.959472;55
4282354571;4283373986;6;0;2023-12-07 12:20:40.972401;56
4280926540;13984240;8;0;2023-12-07 12:20:40.972401;56
6264072;765600;10;0;2023-12-07 12:20:40.972401;56
773322;696062;12;0;2023-12-07 12:20:40.973398;56
766988;765286;14;0;2023-12-07 12:20:40.973398;56
763804;764850;0;0;2023-12-07 12:20:40.973398;56
764791;760647;2;0;2023-12-07 12:20:40.973398;56
9886450;16691262;4;0;2023-12-07 12:20:40.973398;56
4282354968;4283374403;6;0;2023-12-07 12:20:40.973398;56
4280926909;13984504;8;0;2023-12-07 12:20:40.987088;57
6264191;765614;10;0;2023-12-07 12:20:40.987088;57
773336;696076;12;0;2023-12-07 12:20:40.987088;57
767003;765301;14;0;2023-12-07 12:20:40.987088;57
763818;764865;0;0;2023-12-07 12:20:40.987088;57
764806;760661;2;0;2023-12-07 12:20:40.987088;57
9886637;16691579;4;0;2023-12-07 12:20:40.987088;57
4282355364;4283374819;6;0;2023-12-07 12:20:40.987088;57
4280927278;13984769;8;0;2023-12-07 12:20:40.987518;57
6264310;765629;10;0;2023-12-07 12:20:41.001103;58
773351;696089;12;0;2023-12-07 12:20:41.001103;58
767017;765315;14;0;2023-12-07 12:20:41.001103;58
763832;764880;0;0;2023-12-07 12:20:41.001103;58
764821;760675;2;0;2023-12-07 12:20:41.001103;58
9886825;16691895;4;0;2023-12-07 12:20:41.001103;58
4282355761;4283375234;6;0;2023-12-07 12:20:41.001421;58
4280927647;13985034;8;0;2023-12-07 12:20:41.001421;58
6264428;765644;10;0;2023-12-07 12:20:41.001421;58
773365;696102;12;0;2023-12-07 12:20:41.014366;59
767032;765330;14;0;2023-12-07 12:20:41.014366;59
763847;764894;0;0;2023-12-07 12:20:41.014366;59
764835;760690;2;0;2023-12-07 12:20:41.014366;59
9887012;16692210;4;0;2023-12-07 12:20:41.015363;59
4282356158;4283375650;6;0;2023-12-07 12:20:41.015363;59
4280928017;13985299;8;0;2023-12-07 12:20:41.015363;59
6264547;765659;10;0;2023-12-07 12:20:41.015363;59
773379;696116;12;0;2023-12-07 12:20:41.015363;59
767046;765344;14;0;2023-12-07 12:20:41.028623;60
763861;764908;0;0;2023-12-07 12:20:41.028623;60
764850;760705;2;0;2023-12-07 12:20:41.028623;60
9887198;16692526;4;0;2023-12-07 12:20:41.028623;60
4282356553;4283376066;6;0;2023-12-07 12:20:41.028623;60
4280928387;13985565;8;0;2023-12-07 12:20:41.028623;60
6264666;765674;10;0;2023-12-07 12:20:41.028623;60
773393;696130;12;0;2023-12-07 12:20:41.028623;60
767061;765359;14;0;2023-12-07 12:20:41.028623;60
763875;764923;0;0;2023-12-07 12:20:41.045883;61
764865;760719;2;0;2023-12-07 12:20:41.045883;61
9887385;16692843;4;0;2023-12-07 12:20:41.045883;61
4282356950;4283376482;6;0;2023-12-07 12:20:41.045883;61
4280928756;13985830;8;0;2023-12-07 12:20:41.045883;61
6264785;765689;10;0;2023-12-07 12:20:41.045883;61
773407;696143;12;0;2023-12-07 12:20:41.045883;61
767075;765374;14;0;2023-12-07 12:20:41.045883;61
763889;764937;0;0;2023-12-07 12:20:41.045883;61
764879;760734;2;0;2023-12-07 12:20:41.059821;62
9887572;16693158;4;0;2023-12-07 12:20:41.059821;62
4282357346;4283376898;6;0;2023-12-07 12:20:41.059821;62
4280929125;13986094;8;0;2023-12-07 12:20:41.059821;62
6264904;765703;10;0;2023-12-07 12:20:41.059821;62
773422;696156;12;0;2023-12-07 12:20:41.059821;62
767090;765389;14;0;2023-12-07 12:20:41.059821;62
763903;764951;0;0;2023-12-07 12:20:41.059821;62
764893;760749;2;0;2023-12-07 12:20:41.059821;62
9887759;16693474;4;0;2023-12-07 12:20:41.073717;63
4282357743;4283377315;6;0;2023-12-07 12:20:41.073717;63
4280929495;13986358;8;0;2023-12-07 12:20:41.073717;63
6265023;765717;10;0;2023-12-07 12:20:41.073717;63
773437;696169;12;0;2023-12-07 12:20:41.073717;63
767104;765404;14;0;2023-12-07 12:20:41.073717;63
763918;764965;0;0;2023-12-07 12:20:41.073717;63
764908;760763;2;0;2023-12-07 12:20:41.073717;63
9887946;16693790;4;0;2023-12-07 12:20:41.073717;63
4282358140;4283377730;6;0;2023-12-07 12:20:41.087329;64
4280929864;13986622;8;0;2023-12-07 12:20:41.087329;64
6265142;765732;10;0;2023-12-07 12:20:41.087329;64
773451;696182;12;0;2023-12-07 12:20:41.087329;64
767118;765419;14;0;2023-12-07 12:20:41.087329;64
763932;764979;0;0;2023-12-07 12:20:41.087329;64
764923;760778;2;0;2023-12-07 12:20:41.087329;64
9888133;16694106;4;0;2023-12-07 12:20:41.087329;64
4282358536;4283378146;6;0;2023-12-07 12:20:41.087329;64
4280930233;13986887;8;0;2023-12-07 12:20:41.100131;65
6265261;765747;10;0;2023-12-07 12:20:41.100131;65
773465;696195;12;0;2023-12-07 12:20:41.100131;65
767133;765433;14;0;2023-12-07 12:20:41.100131;65
763946;764993;0;0;2023-12-07 12:20:41.100667;65
764937;760793;2;0;2023-12-07 12:20:41.100667;65
9888320;16694422;4;0;2023-12-07 12:20:41.100667;65
4282358932;4283378561;6;0;2023-12-07 12:20:41.100667;65
4280930603;13987152;8;0;2023-12-07 12:20:41.100667;65
6265380;765762;10;0;2023-12-07 12:20:41.114311;66
773480;696209;12;0;2023-12-07 12:20:41.114311;66
767148;765447;14;0;2023-12-07 12:20:41.114311;66
763960;765008;0;0;2023-12-07 12:20:41.114311;66
764951;760807;2;0;2023-12-07 12:20:41.114311;66
9888507;16694737;4;0;2023-12-07 12:20:41.114311;66
4282359328;4283378977;6;0;2023-12-07 12:20:41.114311;66
4280930972;13987417;8;0;2023-12-07 12:20:41.114311;66
6265499;765776;10;0;2023-12-07 12:20:41.114311;66
773494;696222;12;0;2023-12-07 12:20:41.127787;67
767163;765462;14;0;2023-12-07 12:20:41.127787;67
763974;765023;0;0;2023-12-07 12:20:41.127787;67
764966;760822;2;0;2023-12-07 12:20:41.127787;67
9888694;16695053;4;0;2023-12-07 12:20:41.127787;67
4282359725;4283379392;6;0;2023-12-07 12:20:41.127787;67
4280931342;13987682;8;0;2023-12-07 12:20:41.127787;67
6265617;765790;10;0;2023-12-07 12:20:41.127787;67
773509;696235;12;0;2023-12-07 12:20:41.127787;67
767178;765477;14;0;2023-12-07 12:20:41.142244;68
763988;765038;0;0;2023-12-07 12:20:41.142244;68
764981;760836;2;0;2023-12-07 12:20:41.142244;68
9888882;16695370;4;0;2023-12-07 12:20:41.142244;68
4282360122;4283379808;6;0;2023-12-07 12:20:41.142244;68
4280931711;13987947;8;0;2023-12-07 12:20:41.142244;68
6265736;765804;10;0;2023-12-07 12:20:41.142244;68
773523;696249;12;0;2023-12-07 12:20:41.142244;68
767193;765491;14;0;2023-12-07 12:20:41.142244;68
764003;765053;0;0;2023-12-07 12:20:41.160090;69
764995;760850;2;0;2023-12-07 12:20:41.161083;69
9889069;16695686;4;0;2023-12-07 12:20:41.161083;69
4282360518;4283380224;6;0;2023-12-07 12:20:41.162077;69
4280932080;13988212;8;0;2023-12-07 12:20:41.163330;69
6265855;765819;10;0;2023-12-07 12:20:41.164396;69
773538;696262;12;0;2023-12-07 12:20:41.165075;69
767207;765505;14;0;2023-12-07 12:20:41.165075;69
764017;765068;0;0;2023-12-07 12:20:41.165075;69
765009;760865;2;0;2023-12-07 12:20:41.173014;70
9889256;16696002;4;0;2023-12-07 12:20:41.173014;70
4282360914;4283380639;6;0;2023-12-07 12:20:41.173014;70
4280932449;13988476;8;0;2023-12-07 12:20:41.173014;70
6265973;765834;10;0;2023-12-07 12:20:41.173014;70
773552;696275;12;0;2023-12-07 12:20:41.173014;70
767221;765520;14;0;2023-12-07 12:20:41.173014;70
764032;765083;0;0;2023-12-07 12:20:41.173014;70
765023;760880;2;0;2023-12-07 12:20:41.173014;70
9889443;16696319;4;0;2023-12-07 12:20:41.186940;71
4282361310;4283381056;6;0;2023-12-07 12:20:41.186940;71
4280932818;13988741;8;0;2023-12-07 12:20:41.186940;71
6266092;765848;10;0;2023-12-07 12:20:41.186940;71
773566;696288;12;0;2023-12-07 12:20:41.186940;71
767236;765534;14;0;2023-12-07 12:20:41.186940;71
764046;765098;0;0;2023-12-07 12:20:41.186940;71
765037;760895;2;0;2023-12-07 12:20:41.186940;71
9889630;16696635;4;0;2023-12-07 12:20:41.186940;71
4282361707;4283381472;6;0;2023-12-07 12:20:41.200889;72
4280933188;13989006;8;0;2023-12-07 12:20:41.200889;72
6266211;765863;10;0;2023-12-07 12:20:41.200889;72
773581;696301;12;0;2023-12-07 12:20:41.200889;72
767251;765549;14;0;2023-12-07 12:20:41.200889;72
764061;765112;0;0;2023-12-07 12:20:41.200889;72
765051;760910;2;0;2023-12-07 12:20:41.200889;72
9889818;16696951;4;0;2023-12-07 12:20:41.200889;72
4282362104;4283381888;6;0;2023-12-07 12:20:41.200889;72
4280933557;13989270;8;0;2023-12-07 12:20:41.213888;73
6266330;765877;10;0;2023-12-07 12:20:41.214777;73
773596;696314;12;0;2023-12-07 12:20:41.214777;73
767266;765564;14;0;2023-12-07 12:20:41.214777;73
764075;765127;0;0;2023-12-07 12:20:41.214777;73
765066;760924;2;0;2023-12-07 12:20:41.214777;73
9890005;16697266;4;0;2023-12-07 12:20:41.214777;73
4282362500;4283382304;6;0;2023-12-07 12:20:41.214777;73
4280933926;13989534;8;0;2023-12-07 12:20:41.214777;73
6266449;765892;10;0;2023-12-07 12:20:41.228713;74
773611;696328;12;0;2023-12-07 12:20:41.228779;74
767280;765578;14;0;2023-12-07 12:20:41.228779;74
764090;765142;0;0;2023-12-07 12:20:41.228779;74
765080;760939;2;0;2023-12-07 12:20:41.228779;74
9890192;16697582;4;0;2023-12-07 12:20:41.228779;74
4282362896;4283382720;6;0;2023-12-07 12:20:41.228779;74
4280934296;13989800;8;0;2023-12-07 12:20:41.228779;74
6266568;765906;10;0;2023-12-07 12:20:41.228779;74
773626;696341;12;0;2023-12-07 12:20:41.240659;75
767294;765592;14;0;2023-12-07 12:20:41.240659;75
764105;765156;0;0;2023-12-07 12:20:41.240659;75
765094;760953;2;0;2023-12-07 12:20:41.241655;75
9890380;16697898;4;0;2023-12-07 12:20:41.241655;75
4282363293;4283383136;6;0;2023-12-07 12:20:41.241655;75
4280934666;13990065;8;0;2023-12-07 12:20:41.241655;75
6266687;765920;10;0;2023-12-07 12:20:41.241655;75
773641;696355;12;0;2023-12-07 12:20:41.241655;75
767308;765606;14;0;2023-12-07 12:20:41.255610;76
764119;765170;0;0;2023-12-07 12:20:41.256726;76
765108;760967;2;0;2023-12-07 12:20:41.256726;76
9890567;16698214;4;0;2023-12-07 12:20:41.257608;76
4282363690;4283383551;6;0;2023-12-07 12:20:41.257608;76
4280935035;13990328;8;0;2023-12-07 12:20:41.258707;76
6266806;765934;10;0;2023-12-07 12:20:41.258707;76
773655;696368;12;0;2023-12-07 12:20:41.259598;76
767323;765621;14;0;2023-12-07 12:20:41.259598;76
764133;765185;0;0;2023-12-07 12:20:41.272527;77
765123;760981;2;0;2023-12-07 12:20:41.273518;77
9890754;16698529;4;0;2023-12-07 12:20:41.273518;77
4282364086;4283383967;6;0;2023-12-07 12:20:41.273518;77
4280935404;13990592;8;0;2023-12-07 12:20:41.273518;77
6266925;765948;10;0;2023-12-07 12:20:41.273518;77
773669;696381;12;0;2023-12-07 12:20:41.273518;77
767337;765636;14;0;2023-12-07 12:20:41.273518;77
764147;765199;0;0;2023-12-07 12:20:41.273518;77
765138;760996;2;0;2023-12-07 12:20:41.286836;78
9890941;16698845;4;0;2023-12-07 12:20:41.286836;78
4282364484;4283384384;6;0;2023-12-07 12:20:41.286836;78
4280935775;13990857;8;0;2023-12-07 12:20:41.286836;78
6267045;765963;10;0;2023-12-07 12:20:41.286836;78
773683;696394;12;0;2023-12-07 12:20:41.286836;78
767352;765651;14;0;2023-12-07 12:20:41.286836;78
764162;765214;0;0;2023-12-07 12:20:41.287794;78
765152;761011;2;0;2023-12-07 12:20:41.287794;78
9891128;16699162;4;0;2023-12-07 12:20:41.299742;79
4282364880;4283384800;6;0;2023-12-07 12:20:41.299742;79
4280936144;13991121;8;0;2023-12-07 12:20:41.299742;79
6267163;765977;10;0;2023-12-07 12:20:41.299742;79
773697;696408;12;0;2023-12-07 12:20:41.299742;79
767366;765666;14;0;2023-12-07 12:20:41.299742;79
764177;765229;0;0;2023-12-07 12:20:41.299742;79
765167;761025;2;0;2023-12-07 12:20:41.299742;79
9891315;16699478;4;0;2023-12-07 12:20:41.299742;79
4282365277;4283385216;6;0;2023-12-07 12:20:41.313676;80
4280936514;13991385;8;0;2023-12-07 12:20:41.313676;80
6267282;765991;10;0;2023-12-07 12:20:41.313676;80
773711;696421;12;0;2023-12-07 12:20:41.313676;80
767380;765680;14;0;2023-12-07 12:20:41.313676;80
764192;765244;0;0;2023-12-07 12:20:41.313676;80
765182;761039;2;0;2023-12-07 12:20:41.313676;80
9891501;16699794;4;0;2023-12-07 12:20:41.313676;80
4282365673;4283385631;6;0;2023-12-07 12:20:41.313676;80
4280936883;13991650;8;0;2023-12-07 12:20:41.327674;81
6267401;766005;10;0;2023-12-07 12:20:41.327674;81
773725;696435;12;0;2023-12-07 12:20:41.327674;81
767395;765695;14;0;2023-12-07 12:20:41.327674;81
764206;765258;0;0;2023-12-07 12:20:41.327674;81
765197;761054;2;0;2023-12-07 12:20:41.327674;81
9891688;16700110;4;0;2023-12-07 12:20:41.327674;81
4282366069;4283386046;6;0;2023-12-07 12:20:41.327674;81
4280937252;13991915;8;0;2023-12-07 12:20:41.327674;81
6267520;766020;10;0;2023-12-07 12:20:41.341746;82
773740;696448;12;0;2023-12-07 12:20:41.341746;82
767410;765710;14;0;2023-12-07 12:20:41.341746;82
764221;765273;0;0;2023-12-07 12:20:41.341746;82
765212;761068;2;0;2023-12-07 12:20:41.341746;82
9891874;16700425;4;0;2023-12-07 12:20:41.341746;82
4282366465;4283386462;6;0;2023-12-07 12:20:41.341746;82
4280937622;13992180;8;0;2023-12-07 12:20:41.341746;82
6267639;766035;10;0;2023-12-07 12:20:41.341746;82
773755;696461;12;0;2023-12-07 12:20:41.355710;83
767425;765725;14;0;2023-12-07 12:20:41.355710;83
764236;765288;0;0;2023-12-07 12:20:41.355710;83
765226;761082;2;0;2023-12-07 12:20:41.355710;83
9892061;16700741;4;0;2023-12-07 12:20:41.355710;83
4282366862;4283386878;6;0;2023-12-07 12:20:41.355710;83
4280937992;13992445;8;0;2023-12-07 12:20:41.355710;83
6267758;766050;10;0;2023-12-07 12:20:41.355710;83
773770;696474;12;0;2023-12-07 12:20:41.355710;83
767440;765740;14;0;2023-12-07 12:20:41.369479;84
764250;765303;0;0;2023-12-07 12:20:41.369479;84
765241;761096;2;0;2023-12-07 12:20:41.369479;84
9892248;16701057;4;0;2023-12-07 12:20:41.369479;84
4282367259;4283387294;6;0;2023-12-07 12:20:41.369479;84
4280938361;13992710;8;0;2023-12-07 12:20:41.369479;84
6267876;766065;10;0;2023-12-07 12:20:41.369479;84
773785;696487;12;0;2023-12-07 12:20:41.369479;84
767455;765755;14;0;2023-12-07 12:20:41.369479;84
764265;765317;0;0;2023-12-07 12:20:41.386739;85
765256;761111;2;0;2023-12-07 12:20:41.386739;85
9892436;16701373;4;0;2023-12-07 12:20:41.386739;85
4282367655;4283387710;6;0;2023-12-07 12:20:41.386739;85
4280938731;13992975;8;0;2023-12-07 12:20:41.386739;85
6267995;766079;10;0;2023-12-07 12:20:41.386739;85
773799;696500;12;0;2023-12-07 12:20:41.386739;85
767470;765769;14;0;2023-12-07 12:20:41.386739;85
764279;765332;0;0;2023-12-07 12:20:41.386739;85
765270;761126;2;0;2023-12-07 12:20:41.400657;86
9892623;16701689;4;0;2023-12-07 12:20:41.400657;86
4282368052;4283388126;6;0;2023-12-07 12:20:41.400657;86
4280939100;13993239;8;0;2023-12-07 12:20:41.400657;86
6268113;766093;10;0;2023-12-07 12:20:41.400657;86
773814;696513;12;0;2023-12-07 12:20:41.400657;86
767485;765784;14;0;2023-12-07 12:20:41.400657;86
764294;765347;0;0;2023-12-07 12:20:41.400657;86
765285;761141;2;0;2023-12-07 12:20:41.400657;86
9892811;16702005;4;0;2023-12-07 12:20:41.413600;87
4282368449;4283388543;6;0;2023-12-07 12:20:41.413600;87
4280939470;13993503;8;0;2023-12-07 12:20:41.414599;87
6268231;766107;10;0;2023-12-07 12:20:41.414599;87
773829;696526;12;0;2023-12-07 12:20:41.414599;87
767500;765799;14;0;2023-12-07 12:20:41.414599;87
764309;765361;0;0;2023-12-07 12:20:41.414599;87
765300;761156;2;0;2023-12-07 12:20:41.414599;87
9892998;16702321;4;0;2023-12-07 12:20:41.414599;87
4282368845;4283388958;6;0;2023-12-07 12:20:41.427264;88
4280939840;13993768;8;0;2023-12-07 12:20:41.427264;88
6268350;766121;10;0;2023-12-07 12:20:41.427264;88
773844;696539;12;0;2023-12-07 12:20:41.427264;88
767515;765813;14;0;2023-12-07 12:20:41.427536;88
764324;765375;0;0;2023-12-07 12:20:41.427536;88
765315;761171;2;0;2023-12-07 12:20:41.427536;88
9893186;16702638;4;0;2023-12-07 12:20:41.427536;88
4282369241;4283389375;6;0;2023-12-07 12:20:41.427536;88
4280940209;13994033;8;0;2023-12-07 12:20:41.440512;89
6268468;766136;10;0;2023-12-07 12:20:41.440512;89
773859;696552;12;0;2023-12-07 12:20:41.440512;89
767530;765827;14;0;2023-12-07 12:20:41.440512;89
764338;765389;0;0;2023-12-07 12:20:41.441506;89
765330;761186;2;0;2023-12-07 12:20:41.441506;89
9893373;16702954;4;0;2023-12-07 12:20:41.441506;89
4282369638;4283389791;6;0;2023-12-07 12:20:41.441506;89
4280940579;13994298;8;0;2023-12-07 12:20:41.441506;89
6268587;766150;10;0;2023-12-07 12:20:41.455079;90
773874;696565;12;0;2023-12-07 12:20:41.455079;90
767545;765842;14;0;2023-12-07 12:20:41.455079;90
764352;765404;0;0;2023-12-07 12:20:41.455079;90
765344;761200;2;0;2023-12-07 12:20:41.455079;90
9893560;16703271;4;0;2023-12-07 12:20:41.455079;90
4282370035;4283390206;6;0;2023-12-07 12:20:41.455079;90
4280940949;13994563;8;0;2023-12-07 12:20:41.455079;90
6268706;766164;10;0;2023-12-07 12:20:41.455079;90
773889;696578;12;0;2023-12-07 12:20:41.469258;91
767560;765856;14;0;2023-12-07 12:20:41.469258;91
764367;765418;0;0;2023-12-07 12:20:41.469258;91
765358;761214;2;0;2023-12-07 12:20:41.469258;91
9893748;16703586;4;0;2023-12-07 12:20:41.469258;91
4282370431;4283390621;6;0;2023-12-07 12:20:41.469574;91
4280941318;13994828;8;0;2023-12-07 12:20:41.469574;91
6268825;766179;10;0;2023-12-07 12:20:41.469574;91
773903;696591;12;0;2023-12-07 12:20:41.469574;91
767575;765870;14;0;2023-12-07 12:20:41.483039;92
764382;765433;0;0;2023-12-07 12:20:41.483039;92
765373;761229;2;0;2023-12-07 12:20:41.483039;92
9893936;16703902;4;0;2023-12-07 12:20:41.483039;92
4282370828;4283391037;6;0;2023-12-07 12:20:41.483039;92
4280941687;13995093;8;0;2023-12-07 12:20:41.483039;92
6268943;766194;10;0;2023-12-07 12:20:41.483039;92
773917;696605;12;0;2023-12-07 12:20:41.483039;92
767590;765885;14;0;2023-12-07 12:20:41.483039;92
764396;765448;0;0;2023-12-07 12:20:41.499854;93
765387;761244;2;0;2023-12-07 12:20:41.499854;93
9894123;16704218;4;0;2023-12-07 12:20:41.499854;93
4282371225;4283391453;6;0;2023-12-07 12:20:41.499854;93
4280942057;13995358;8;0;2023-12-07 12:20:41.499854;93
6269062;766209;10;0;2023-12-07 12:20:41.499854;93
773931;696618;12;0;2023-12-07 12:20:41.499854;93
767604;765900;14;0;2023-12-07 12:20:41.499854;93
764410;765462;0;0;2023-12-07 12:20:41.499854;93
765401;761258;2;0;2023-12-07 12:20:41.513795;94
9894310;16704534;4;0;2023-12-07 12:20:41.513795;94
4282371621;4283391870;6;0;2023-12-07 12:20:41.513795;94
4280942427;13995622;8;0;2023-12-07 12:20:41.513795;94
6269180;766224;10;0;2023-12-07 12:20:41.513795;94
773946;696631;12;0;2023-12-07 12:20:41.513795;94
767619;765914;14;0;2023-12-07 12:20:41.513795;94
764425;765477;0;0;2023-12-07 12:20:41.514792;94
765415;761272;2;0;2023-12-07 12:20:41.514792;94
9894497;16704850;4;0;2023-12-07 12:20:41.527857;95
4282372018;4283392286;6;0;2023-12-07 12:20:41.527857;95
4280942797;13995887;8;0;2023-12-07 12:20:41.527857;95
6269299;766239;10;0;2023-12-07 12:20:41.527857;95
773960;696644;12;0;2023-12-07 12:20:41.527857;95
767634;765928;14;0;2023-12-07 12:20:41.527857;95
764439;765492;0;0;2023-12-07 12:20:41.527857;95
765430;761287;2;0;2023-12-07 12:20:41.527857;95
9894684;16705165;4;0;2023-12-07 12:20:41.527857;95
4282372415;4283392701;6;0;2023-12-07 12:20:41.541870;96
4280943167;13996153;8;0;2023-12-07 12:20:41.541870;96
6269418;766253;10;0;2023-12-07 12:20:41.541870;96
773974;696657;12;0;2023-12-07 12:20:41.541870;96
767648;765943;14;0;2023-12-07 12:20:41.541870;96
764454;765507;0;0;2023-12-07 12:20:41.541870;96
765445;761302;2;0;2023-12-07 12:20:41.541870;96
9894870;16705481;4;0;2023-12-07 12:20:41.541870;96
4282372811;4283393116;6;0;2023-12-07 12:20:41.541870;96
4280943536;13996417;8;0;2023-12-07 12:20:41.555549;97
6269536;766267;10;0;2023-12-07 12:20:41.555549;97
773988;696671;12;0;2023-12-07 12:20:41.555549;97
767663;765958;14;0;2023-12-07 12:20:41.555549;97
764468;765521;0;0;2023-12-07 12:20:41.555549;97
765459;761316;2;0;2023-12-07 12:20:41.555549;97
9895058;16705797;4;0;2023-12-07 12:20:41.555549;97
4282373208;4283393532;6;0;2023-12-07 12:20:41.555549;97
4280943906;13996682;8;0;2023-12-07 12:20:41.555549;97
6269655;766282;10;0;2023-12-07 12:20:41.567475;98
774003;696684;12;0;2023-12-07 12:20:41.568470;98
767677;765972;14;0;2023-12-07 12:20:41.568470;98
764482;765536;0;0;2023-12-07 12:20:41.568470;98
765474;761331;2;0;2023-12-07 12:20:41.568470;98
9895245;16706113;4;0;2023-12-07 12:20:41.568470;98
4282373605;4283393948;6;0;2023-12-07 12:20:41.568470;98
4280944275;13996945;8;0;2023-12-07 12:20:41.568470;98
6269773;766296;10;0;2023-12-07 12:20:41.568470;98
774018;696698;12;0;2023-12-07 12:20:41.581810;99
767692;765987;14;0;2023-12-07 12:20:41.581810;99
764496;765551;0;0;2023-12-07 12:20:41.581810;99
765489;761345;2;0;2023-12-07 12:20:41.581810;99
9895432;16706429;4;0;2023-12-07 12:20:41.581810;99
4282374002;4283394364;6;0;2023-12-07 12:20:41.581810;99
4280944645;13997210;8;0;2023-12-07 12:20:41.581810;99
6269891;766310;10;0;2023-12-07 12:20:41.581810;99
774033;696712;12;0;2023-12-07 12:20:41.581810;99
767707;766002;14;0;2023-12-07 12:20:41.595787;100
764510;765565;0;0;2023-12-07 12:20:41.595787;100
765503;761360;2;0;2023-12-07 12:20:41.595787;100
9895619;16706746;4;0;2023-12-07 12:20:41.595787;100
4282374399;4283394780;6;0;2023-12-07 12:20:41.595787;100
4280945014;13997474;8;0;2023-12-07 12:20:41.595787;100
6270010;766325;10;0;2023-12-07 12:20:41.595787;100
774047;696726;12;0;2023-12-07 12:20:41.595787;100
767721;766017;14;0;2023-12-07 12:20:41.595787;100
764525;765579;0;0;2023-12-07 12:20:41.613670;101
765517;761374;2;0;2023-12-07 12:20:41.613670;101
9895806;16707062;4;0;2023-12-07 12:20:41.613670;101
4282374796;4283395196;6;0;2023-12-07 12:20:41.613670;101
4280945383;13997739;8;0;2023-12-07 12:20:41.613670;101
6270129;766340;10;0;2023-12-07 12:20:41.613670;101
774062;696739;12;0;2023-12-07 12:20:41.613670;101
767736;766031;14;0;2023-12-07 12:20:41.613670;101
764539;765594;0;0;2023-12-07 12:20:41.613670;101
765532;761389;2;0;2023-12-07 12:20:41.627013;102
9895993;16707378;4;0;2023-12-07 12:20:41.627013;102
4282375193;4283395612;6;0;2023-12-07 12:20:41.627013;102
4280945752;13998004;8;0;2023-12-07 12:20:41.627013;102
6270248;766355;10;0;2023-12-07 12:20:41.627013;102
774076;696752;12;0;2023-12-07 12:20:41.627013;102
767751;766045;14;0;2023-12-07 12:20:41.627013;102
764554;765608;0;0;2023-12-07 12:20:41.627013;102
765547;761403;2;0;2023-12-07 12:20:41.627013;102
9896180;16707694;4;0;2023-12-07 12:20:41.640880;103
4282375590;4283396027;6;0;2023-12-07 12:20:41.640880;103
4280946122;13998268;8;0;2023-12-07 12:20:41.640880;103
6270367;766369;10;0;2023-12-07 12:20:41.640880;103
774091;696765;12;0;2023-12-07 12:20:41.640880;103
767765;766060;14;0;2023-12-07 12:20:41.640880;103
764569;765622;0;0;2023-12-07 12:20:41.640880;103
765561;761417;2;0;2023-12-07 12:20:41.640880;103
9896367;16708010;4;0;2023-12-07 12:20:41.640880;103
4282375986;4283396442;6;0;2023-12-07 12:20:41.654787;104
4280946491;13998533;8;0;2023-12-07 12:20:41.654787;104
6270486;766384;10;0;2023-12-07 12:20:41.654787;104
774105;696778;12;0;2023-12-07 12:20:41.654787;104
767780;766074;14;0;2023-12-07 12:20:41.654787;104
764584;765636;0;0;2023-12-07 12:20:41.654787;104
765576;761431;2;0;2023-12-07 12:20:41.654787;104
9896554;16708326;4;0;2023-12-07 12:20:41.654787;104
4282376382;4283396858;6;0;2023-12-07 12:20:41.654787;104
4280946860;13998798;8;0;2023-12-07 12:20:41.668868;105
6270605;766399;10;0;2023-12-07 12:20:41.668868;105
774119;696791;12;0;2023-12-07 12:20:41.668868;105
767795;766089;14;0;2023-12-07 12:20:41.668868;105
764598;765651;0;0;2023-12-07 12:20:41.668868;105
765591;761446;2;0;2023-12-07 12:20:41.668868;105
9896741;16708642;4;0;2023-12-07 12:20:41.668868;105
4282376778;4283397274;6;0;2023-12-07 12:20:41.668868;105
4280947229;13999063;8;0;2023-12-07 12:20:41.668868;105
6270723;766414;10;0;2023-12-07 12:20:41.682873;106
774134;696804;12;0;2023-12-07 12:20:41.682873;106
767810;766104;14;0;2023-12-07 12:20:41.682873;106
764612;765665;0;0;2023-12-07 12:20:41.682873;106
765605;761461;2;0;2023-12-07 12:20:41.682873;106
9896927;16708957;4;0;2023-12-07 12:20:41.682873;106
4282377174;4283397689;6;0;2023-12-07 12:20:41.682873;106
4280947598;13999328;8;0;2023-12-07 12:20:41.682873;106
6270842;766428;10;0;2023-12-07 12:20:41.682873;106
774149;696817;12;0;2023-12-07 12:20:41.696545;107
767825;766119;14;0;2023-12-07 12:20:41.696545;107
764625;765680;0;0;2023-12-07 12:20:41.696545;107
765620;761475;2;0;2023-12-07 12:20:41.696545;107
9897114;16709274;4;0;2023-12-07 12:20:41.696545;107
4282377571;4283398104;6;0;2023-12-07 12:20:41.696545;107
4280947967;13999593;8;0;2023-12-07 12:20:41.696545;107
6270960;766443;10;0;2023-12-07 12:20:41.696545;107
774164;696831;12;0;2023-12-07 12:20:41.696545;107
767839;766133;14;0;2023-12-07 12:20:41.709488;108
764639;765695;0;0;2023-12-07 12:20:41.709488;108
765635;761489;2;0;2023-12-07 12:20:41.709488;108
9897301;16709591;4;0;2023-12-07 12:20:41.709488;108
4282377968;4283398520;6;0;2023-12-07 12:20:41.709488;108
4280948336;13999857;8;0;2023-12-07 12:20:41.709488;108
6271078;766457;10;0;2023-12-07 12:20:41.709488;108
774179;696844;12;0;2023-12-07 12:20:41.709488;108
767854;766147;14;0;2023-12-07 12:20:41.709488;108
764654;765710;0;0;2023-12-07 12:20:41.727717;109
765649;761503;2;0;2023-12-07 12:20:41.727717;109
9897489;16709908;4;0;2023-12-07 12:20:41.727717;109
4282378365;4283398936;6;0;2023-12-07 12:20:41.727717;109
4280948706;14000122;8;0;2023-12-07 12:20:41.727717;109
6271196;766471;10;0;2023-12-07 12:20:41.727717;109
774193;696857;12;0;2023-12-07 12:20:41.727717;109
767868;766161;14;0;2023-12-07 12:20:41.727717;109
764669;765725;0;0;2023-12-07 12:20:41.727717;109
765664;761518;2;0;2023-12-07 12:20:41.741517;110
9897676;16710224;4;0;2023-12-07 12:20:41.741517;110
4282378761;4283399352;6;0;2023-12-07 12:20:41.741517;110
4280949075;14000387;8;0;2023-12-07 12:20:41.741517;110
6271314;766486;10;0;2023-12-07 12:20:41.741517;110
774208;696870;12;0;2023-12-07 12:20:41.741517;110
767882;766175;14;0;2023-12-07 12:20:41.741517;110
764684;765739;0;0;2023-12-07 12:20:41.741517;110
765679;761533;2;0;2023-12-07 12:20:41.741517;110
9897863;16710541;4;0;2023-12-07 12:20:41.755494;111
4282379159;4283399767;6;0;2023-12-07 12:20:41.755494;111
4280949444;14000652;8;0;2023-12-07 12:20:41.755494;111
6271432;766501;10;0;2023-12-07 12:20:41.755494;111
774223;696883;12;0;2023-12-07 12:20:41.755494;111
767896;766190;14;0;2023-12-07 12:20:41.755494;111
764698;765753;0;0;2023-12-07 12:20:41.755494;111
765694;761547;2;0;2023-12-07 12:20:41.755494;111
9898050;16710858;4;0;2023-12-07 12:20:41.755494;111
4282379555;4283400183;6;0;2023-12-07 12:20:41.768080;112
4280949815;14000917;8;0;2023-12-07 12:20:41.768080;112
6271551;766515;10;0;2023-12-07 12:20:41.768080;112
774238;696896;12;0;2023-12-07 12:20:41.768080;112
767911;766204;14;0;2023-12-07 12:20:41.768080;112
764713;765767;0;0;2023-12-07 12:20:41.768080;112
765708;761561;2;0;2023-12-07 12:20:41.768409;112
9898237;16711173;4;0;2023-12-07 12:20:41.768409;112
4282379951;4283400598;6;0;2023-12-07 12:20:41.768409;112
4280950184;14001181;8;0;2023-12-07 12:20:41.781941;113
6271670;766530;10;0;2023-12-07 12:20:41.781941;113
774253;696910;12;0;2023-12-07 12:20:41.781941;113
767926;766219;14;0;2023-12-07 12:20:41.781941;113
764728;765782;0;0;2023-12-07 12:20:41.781941;113
765723;761575;2;0;2023-12-07 12:20:41.781941;113
9898424;16711489;4;0;2023-12-07 12:20:41.781941;113
4282380347;4283401015;6;0;2023-12-07 12:20:41.781941;113
4280950553;14001446;8;0;2023-12-07 12:20:41.781941;113
6271789;766544;10;0;2023-12-07 12:20:41.795846;114
774268;696923;12;0;2023-12-07 12:20:41.795846;114
767941;766234;14;0;2023-12-07 12:20:41.795846;114
764743;765797;0;0;2023-12-07 12:20:41.795846;114
765738;761589;2;0;2023-12-07 12:20:41.795846;114
9898611;16711805;4;0;2023-12-07 12:20:41.795846;114
4282380742;4283401430;6;0;2023-12-07 12:20:41.795846;114
4280950923;14001711;8;0;2023-12-07 12:20:41.795846;114
6271908;766558;10;0;2023-12-07 12:20:41.795846;114
774283;696936;12;0;2023-12-07 12:20:41.810129;115
767956;766248;14;0;2023-12-07 12:20:41.810129;115
764758;765811;0;0;2023-12-07 12:20:41.810129;115
765752;761603;2;0;2023-12-07 12:20:41.810129;115
9898799;16712122;4;0;2023-12-07 12:20:41.810129;115
4282381138;4283401846;6;0;2023-12-07 12:20:41.810129;115
4280951292;14001975;8;0;2023-12-07 12:20:41.810129;115
6272026;766573;10;0;2023-12-07 12:20:41.810129;115
774298;696949;12;0;2023-12-07 12:20:41.810129;115
767971;766263;14;0;2023-12-07 12:20:41.823236;116
764773;765825;0;0;2023-12-07 12:20:41.823236;116
765766;761618;2;0;2023-12-07 12:20:41.823236;116
9898986;16712438;4;0;2023-12-07 12:20:41.823236;116
4282381534;4283402262;6;0;2023-12-07 12:20:41.823236;116
4280951661;14002239;8;0;2023-12-07 12:20:41.823236;116
6272145;766587;10;0;2023-12-07 12:20:41.823236;116
774313;696963;12;0;2023-12-07 12:20:41.823236;116
767986;766277;14;0;2023-12-07 12:20:41.823236;116
764788;765839;0;0;2023-12-07 12:20:41.840159;117
765781;761633;2;0;2023-12-07 12:20:41.840159;117
9899174;16712755;4;0;2023-12-07 12:20:41.840159;117
4282381931;4283402679;6;0;2023-12-07 12:20:41.840159;117
4280952031;14002504;8;0;2023-12-07 12:20:41.840159;117
6272264;766601;10;0;2023-12-07 12:20:41.840159;117
774328;696976;12;0;2023-12-07 12:20:41.840159;117
768000;766292;14;0;2023-12-07 12:20:41.840159;117
764802;765854;0;0;2023-12-07 12:20:41.840159;117
765795;761648;2;0;2023-12-07 12:20:41.854139;118
9899360;16713071;4;0;2023-12-07 12:20:41.854139;118
4282382327;4283403094;6;0;2023-12-07 12:20:41.854139;118
4280952401;14002768;8;0;2023-12-07 12:20:41.854139;118
6272382;766615;10;0;2023-12-07 12:20:41.854139;118
774343;696989;12;0;2023-12-07 12:20:41.854139;118
768015;766307;14;0;2023-12-07 12:20:41.854139;118
764816;765868;0;0;2023-12-07 12:20:41.854139;118
765809;761662;2;0;2023-12-07 12:20:41.854139;118
9899547;16713387;4;0;2023-12-07 12:20:41.868184;119
4282382723;4283403510;6;0;2023-12-07 12:20:41.868184;119
4280952771;14003033;8;0;2023-12-07 12:20:41.868184;119
6272500;766630;10;0;2023-12-07 12:20:41.868184;119
774358;697003;12;0;2023-12-07 12:20:41.868184;119
768030;766321;14;0;2023-12-07 12:20:41.868184;119
764831;765883;0;0;2023-12-07 12:20:41.868184;119
765824;761676;2;0;2023-12-07 12:20:41.868184;119
9899735;16713704;4;0;2023-12-07 12:20:41.868184;119
4282383120;4283403926;6;0;2023-12-07 12:20:41.882094;120
4280953140;14003298;8;0;2023-12-07 12:20:41.882094;120
6272618;766644;10;0;2023-12-07 12:20:41.882094;120
774372;697017;12;0;2023-12-07 12:20:41.882094;120
768044;766336;14;0;2023-12-07 12:20:41.882094;120
764845;765898;0;0;2023-12-07 12:20:41.882094;120
765838;761690;2;0;2023-12-07 12:20:41.882939;120
9899922;16714020;4;0;2023-12-07 12:20:41.882939;120
4282383515;4283404342;6;0;2023-12-07 12:20:41.882939;120
4280953509;14003562;8;0;2023-12-07 12:20:41.894914;121
6272737;766659;10;0;2023-12-07 12:20:41.894914;121
774387;697031;12;0;2023-12-07 12:20:41.894914;121
768059;766351;14;0;2023-12-07 12:20:41.894914;121
764860;765912;0;0;2023-12-07 12:20:41.894914;121
765853;761704;2;0;2023-12-07 12:20:41.894914;121
9900109;16714336;4;0;2023-12-07 12:20:41.894914;121
4282383911;4283404758;6;0;2023-12-07 12:20:41.894914;121
4280953878;14003827;8;0;2023-12-07 12:20:41.894914;121
6272856;766674;10;0;2023-12-07 12:20:41.909149;122
774402;697044;12;0;2023-12-07 12:20:41.909149;122
768073;766365;14;0;2023-12-07 12:20:41.909149;122
764875;765926;0;0;2023-12-07 12:20:41.909149;122
765868;761719;2;0;2023-12-07 12:20:41.909149;122
9900297;16714652;4;0;2023-12-07 12:20:41.909149;122
4282384308;4283405173;6;0;2023-12-07 12:20:41.909149;122
4280954247;14004091;8;0;2023-12-07 12:20:41.909149;122
6272975;766688;10;0;2023-12-07 12:20:41.909149;122
774417;697057;12;0;2023-12-07 12:20:41.923087;123
768088;766380;14;0;2023-12-07 12:20:41.923087;123
764889;765940;0;0;2023-12-07 12:20:41.923087;123
765883;761733;2;0;2023-12-07 12:20:41.923087;123
9900484;16714967;4;0;2023-12-07 12:20:41.923087;123
4282384704;4283405588;6;0;2023-12-07 12:20:41.923087;123
4280954617;14004355;8;0;2023-12-07 12:20:41.923087;123
6273094;766702;10;0;2023-12-07 12:20:41.923087;123
