5995627;6641738;4;0;2023-12-13 14:38:21.973658;1
6905216;6934405;6;0;2023-12-13 14:38:21.974637;1
6607131;5934052;8;0;2023-12-13 14:38:21.974637;1
5063688;4175594;10;0;2023-12-13 14:38:21.974637;1
3466035;2908797;12;0;2023-12-13 14:38:21.974637;1
2479347;2412812;14;0;2023-12-13 14:38:21.974637;1
2139095040;1119680590;24;19;2023-12-13 14:38:21.974637;1
2139095040;1111054747;25;19;2023-12-13 14:38:21.989629;2
2766981;3410840;0;0;2023-12-13 14:38:21.989629;2
4266131;5175672;2;0;2023-12-13 14:38:21.989629;2
5998081;6644457;4;0;2023-12-13 14:38:21.989629;2
6908043;6937238;6;0;2023-12-13 14:38:21.989629;2
6609836;5936481;8;0;2023-12-13 14:38:21.989629;2
5065760;4177303;10;0;2023-12-13 14:38:21.989629;2
3467453;2909988;12;0;2023-12-13 14:38:21.989629;2
2480362;2413799;14;0;2023-12-13 14:38:21.990271;2
2139095040;1119679020;26;19;2023-12-13 14:38:21.998940;3
2139095040;1111062603;27;19;2023-12-13 14:38:21.998940;3
2768114;3412236;0;0;2023-12-13 14:38:21.998940;3
4267877;5177789;2;0;2023-12-13 14:38:21.998940;3
6000536;6647176;4;0;2023-12-13 14:38:21.998940;3
6910870;6940074;6;0;2023-12-13 14:38:21.998940;3
6612541;5938910;8;0;2023-12-13 14:38:21.998940;3
5067833;4179013;10;0;2023-12-13 14:38:21.998940;3
3468872;2911179;12;0;2023-12-13 14:38:21.998940;3
2481378;2414787;14;0;2023-12-13 14:38:22.012630;4
2139095040;1119677483;28;19;2023-12-13 14:38:22.012630;4
2139095040;1111070437;29;19;2023-12-13 14:38:22.012630;4
2769246;3413632;0;0;2023-12-13 14:38:22.012630;4
4269623;5179908;2;0;2023-12-13 14:38:22.012630;4
6002990;6649893;4;0;2023-12-13 14:38:22.012630;4
6913699;6942906;6;0;2023-12-13 14:38:22.012630;4
6615246;5941340;8;0;2023-12-13 14:38:22.012630;4
5069906;4180723;10;0;2023-12-13 14:38:22.012630;4
3470291;2912370;12;0;2023-12-13 14:38:22.026628;5
2482392;2415774;14;0;2023-12-13 14:38:22.026628;5
2139095040;1119675942;30;19;2023-12-13 14:38:22.026628;5
2139095040;1111078260;31;19;2023-12-13 14:38:22.026628;5
2770378;3415029;0;0;2023-12-13 14:38:22.026628;5
4271370;5182027;2;0;2023-12-13 14:38:22.026628;5
6005444;6652612;4;0;2023-12-13 14:38:22.026628;5
6916526;6945742;6;0;2023-12-13 14:38:22.026628;5
6617953;5943769;8;0;2023-12-13 14:38:22.026628;5
5071979;4182432;10;0;2023-12-13 14:38:22.040629;6
3471710;2913561;12;0;2023-12-13 14:38:22.040629;6
2483407;2416762;14;0;2023-12-13 14:38:22.040629;6
2139095040;1119674417;32;19;2023-12-13 14:38:22.040629;6
2139095040;1111086083;33;19;2023-12-13 14:38:22.040629;6
2771509;3416424;0;0;2023-12-13 14:38:22.040629;6
4273115;5184145;2;0;2023-12-13 14:38:22.040629;6
6007898;6655331;4;0;2023-12-13 14:38:22.040629;6
6919352;6948584;6;0;2023-12-13 14:38:22.040629;6
6620658;5946197;8;0;2023-12-13 14:38:22.055024;7
5074051;4184140;10;0;2023-12-13 14:38:22.055024;7
3473130;2914753;12;0;2023-12-13 14:38:22.055024;7
2484422;2417750;14;0;2023-12-13 14:38:22.055024;7
2139095040;1119672886;34;19;2023-12-13 14:38:22.055024;7
2139095040;1111093881;35;19;2023-12-13 14:38:22.055024;7
2772641;3417820;0;0;2023-12-13 14:38:22.055024;7
4274861;5186262;2;0;2023-12-13 14:38:22.055024;7
6010352;6658049;4;0;2023-12-13 14:38:22.055024;7
6922178;6951422;6;0;2023-12-13 14:38:22.068706;8
6623364;5948626;8;0;2023-12-13 14:38:22.068706;8
5076124;4185849;10;0;2023-12-13 14:38:22.068706;8
3474549;2915945;12;0;2023-12-13 14:38:22.068706;8
2485437;2418737;14;0;2023-12-13 14:38:22.068706;8
2139095040;1119671351;36;19;2023-12-13 14:38:22.068706;8
2139095040;1111101656;37;19;2023-12-13 14:38:22.068706;8
2773772;3419216;0;0;2023-12-13 14:38:22.069081;8
4276606;5188380;2;0;2023-12-13 14:38:22.069081;8
6012807;6660766;4;0;2023-12-13 14:38:22.082207;9
6925006;6954255;6;0;2023-12-13 14:38:22.082207;9
6626069;5951055;8;0;2023-12-13 14:38:22.082207;9
5078198;4187559;10;0;2023-12-13 14:38:22.082207;9
3475969;2917136;12;0;2023-12-13 14:38:22.082207;9
2486453;2419725;14;0;2023-12-13 14:38:22.082207;9
2139095040;1119669825;38;19;2023-12-13 14:38:22.082207;9
2139095040;1111109396;39;19;2023-12-13 14:38:22.082207;9
2774904;3420612;0;0;2023-12-13 14:38:22.082207;9
4278352;5190498;2;0;2023-12-13 14:38:22.096202;10
6015261;6663486;4;0;2023-12-13 14:38:22.096202;10
6927833;6957096;6;0;2023-12-13 14:38:22.096202;10
6628775;5953485;8;0;2023-12-13 14:38:22.096202;10
5080271;4189267;10;0;2023-12-13 14:38:22.096202;10
3477387;2918326;12;0;2023-12-13 14:38:22.096202;10
2487468;2420712;14;0;2023-12-13 14:38:22.096202;10
2139095040;1119668296;40;19;2023-12-13 14:38:22.096202;10
2139095040;1111117159;41;19;2023-12-13 14:38:22.096202;10
2776037;3422008;0;0;2023-12-13 14:38:22.110557;11
4280099;5192616;2;0;2023-12-13 14:38:22.110557;11
6017716;6666205;4;0;2023-12-13 14:38:22.110557;11
6930660;6959933;6;0;2023-12-13 14:38:22.110557;11
6631483;5955916;8;0;2023-12-13 14:38:22.110557;11
5082345;4190977;10;0;2023-12-13 14:38:22.110557;11
3478806;2919517;12;0;2023-12-13 14:38:22.110557;11
2488483;2421700;14;0;2023-12-13 14:38:22.110557;11
2139095040;1119666777;42;19;2023-12-13 14:38:22.110557;11
2139095040;1111124873;43;19;2023-12-13 14:38:22.121804;12
2777169;3423404;0;0;2023-12-13 14:38:22.121804;12
4281845;5194734;2;0;2023-12-13 14:38:22.121804;12
6020171;6668924;4;0;2023-12-13 14:38:22.121804;12
6933487;6962775;6;0;2023-12-13 14:38:22.121804;12
6634187;5958345;8;0;2023-12-13 14:38:22.121804;12
5084418;4192687;10;0;2023-12-13 14:38:22.121804;12
3480225;2920709;12;0;2023-12-13 14:38:22.121804;12
2489499;2422688;14;0;2023-12-13 14:38:22.121804;12
2139095040;1119665286;44;19;2023-12-13 14:38:22.135765;13
2139095040;1111132599;45;19;2023-12-13 14:38:22.135765;13
2778301;3424799;0;0;2023-12-13 14:38:22.135765;13
4283590;5196852;2;0;2023-12-13 14:38:22.135765;13
6022624;6671642;4;0;2023-12-13 14:38:22.135765;13
6936313;6965610;6;0;2023-12-13 14:38:22.135765;13
6636892;5960774;8;0;2023-12-13 14:38:22.135765;13
5086490;4194397;10;0;2023-12-13 14:38:22.135765;13
3481643;2921899;12;0;2023-12-13 14:38:22.135765;13
2490513;2423676;14;0;2023-12-13 14:38:22.149745;14
2139095040;1119663776;46;19;2023-12-13 14:38:22.149745;14
2139095040;1111140292;47;19;2023-12-13 14:38:22.149745;14
2779433;3426195;0;0;2023-12-13 14:38:22.149745;14
4285336;5198970;2;0;2023-12-13 14:38:22.149745;14
6025077;6674360;4;0;2023-12-13 14:38:22.149745;14
6939140;6968439;6;0;2023-12-13 14:38:22.149745;14
6639596;5963203;8;0;2023-12-13 14:38:22.149745;14
5088563;4196107;10;0;2023-12-13 14:38:22.149745;14
3483062;2923091;12;0;2023-12-13 14:38:22.163614;15
2491528;2424663;14;0;2023-12-13 14:38:22.163614;15
2139095040;1119662289;48;19;2023-12-13 14:38:22.163614;15
2139095040;1111147980;49;19;2023-12-13 14:38:22.163614;15
2780565;3427590;0;0;2023-12-13 14:38:22.163614;15
4287081;5201087;2;0;2023-12-13 14:38:22.163614;15
6027530;6677078;4;0;2023-12-13 14:38:22.163614;15
6941966;6971275;6;0;2023-12-13 14:38:22.163614;15
6642301;5965630;8;0;2023-12-13 14:38:22.163614;15
5090636;4197816;10;0;2023-12-13 14:38:22.177761;16
3484480;2924280;12;0;2023-12-13 14:38:22.177761;16
2492541;2425650;14;0;2023-12-13 14:38:22.177761;16
2139095040;1119660793;50;19;2023-12-13 14:38:22.177761;16
2139095040;1111155645;51;19;2023-12-13 14:38:22.177761;16
2781698;3428986;0;0;2023-12-13 14:38:22.177761;16
4288827;5203206;2;0;2023-12-13 14:38:22.177761;16
6029986;6679799;4;0;2023-12-13 14:38:22.177761;16
6944795;6974108;6;0;2023-12-13 14:38:22.177761;16
6645008;5968059;8;0;2023-12-13 14:38:22.190730;17
5092710;4199526;10;0;2023-12-13 14:38:22.190730;17
3485900;2925472;12;0;2023-12-13 14:38:22.190730;17
2493558;2426639;14;0;2023-12-13 14:38:22.190730;17
2139095040;1119659258;52;19;2023-12-13 14:38:22.191611;17
2139095040;1111163303;53;19;2023-12-13 14:38:22.191611;17
2782831;3430382;0;0;2023-12-13 14:38:22.191611;17
4290572;5205323;2;0;2023-12-13 14:38:22.191611;17
6032440;6682519;4;0;2023-12-13 14:38:22.191611;17
6947621;6976944;6;0;2023-12-13 14:38:22.204411;18
6647712;5970488;8;0;2023-12-13 14:38:22.204411;18
5094782;4201235;10;0;2023-12-13 14:38:22.204411;18
3487317;2926662;12;0;2023-12-13 14:38:22.204411;18
2494573;2427626;14;0;2023-12-13 14:38:22.204411;18
2139095040;1119657744;54;19;2023-12-13 14:38:22.204411;18
2139095040;1111170933;55;19;2023-12-13 14:38:22.204411;18
2783963;3431778;0;0;2023-12-13 14:38:22.204411;18
4292318;5207440;2;0;2023-12-13 14:38:22.204411;18
6034892;6685236;4;0;2023-12-13 14:38:22.219416;19
6950445;6979780;6;0;2023-12-13 14:38:22.219416;19
6650417;5972916;8;0;2023-12-13 14:38:22.219416;19
5096853;4202944;10;0;2023-12-13 14:38:22.219416;19
3488735;2927851;12;0;2023-12-13 14:38:22.219416;19
2495587;2428612;14;0;2023-12-13 14:38:22.219416;19
2139095040;1119656264;56;19;2023-12-13 14:38:22.219416;19
2139095040;1111178550;57;19;2023-12-13 14:38:22.219416;19
2785094;3433172;0;0;2023-12-13 14:38:22.219416;19
4294063;5209557;2;0;2023-12-13 14:38:22.232413;20
6037346;6687954;4;0;2023-12-13 14:38:22.233413;20
6953270;6982610;6;0;2023-12-13 14:38:22.233413;20
6653119;5975345;8;0;2023-12-13 14:38:22.233413;20
5098926;4204653;10;0;2023-12-13 14:38:22.233413;20
3490154;2929041;12;0;2023-12-13 14:38:22.233413;20
2496601;2429600;14;0;2023-12-13 14:38:22.233413;20
2139095040;1119654792;58;19;2023-12-13 14:38:22.233413;20
2139095040;1111186170;59;19;2023-12-13 14:38:22.233413;20
2786227;3434569;0;0;2023-12-13 14:38:22.248305;21
4295810;5211676;2;0;2023-12-13 14:38:22.248412;21
6039802;6690674;4;0;2023-12-13 14:38:22.248412;21
6956097;6985448;6;0;2023-12-13 14:38:22.248412;21
6655825;5977775;8;0;2023-12-13 14:38:22.248412;21
5101000;4206363;10;0;2023-12-13 14:38:22.248412;21
3491574;2930233;12;0;2023-12-13 14:38:22.248412;21
2497616;2430589;14;0;2023-12-13 14:38:22.248412;21
2139095040;1119653295;60;19;2023-12-13 14:38:22.248412;21
2139095040;1111193785;61;19;2023-12-13 14:38:22.257817;22
2787361;3435965;0;0;2023-12-13 14:38:22.257817;22
4297557;5213795;2;0;2023-12-13 14:38:22.257817;22
6042258;6693394;4;0;2023-12-13 14:38:22.257817;22
6958924;6988290;6;0;2023-12-13 14:38:22.257817;22
6658528;5980205;8;0;2023-12-13 14:38:22.257817;22
5103073;4208072;10;0;2023-12-13 14:38:22.257817;22
3492994;2931424;12;0;2023-12-13 14:38:22.257817;22
2498631;2431576;14;0;2023-12-13 14:38:22.257817;22
2139095040;1119651806;62;19;2023-12-13 14:38:22.271963;23
2139095040;1111201371;63;19;2023-12-13 14:38:22.271963;23
2788494;3437359;0;0;2023-12-13 14:38:22.271963;23
4299303;5215913;2;0;2023-12-13 14:38:22.271963;23
6044713;6696113;4;0;2023-12-13 14:38:22.271963;23
6961750;6991127;6;0;2023-12-13 14:38:22.271963;23
6661233;5982634;8;0;2023-12-13 14:38:22.271963;23
5105145;4209781;10;0;2023-12-13 14:38:22.271963;23
3494413;2932615;12;0;2023-12-13 14:38:22.271963;23
2499646;2432565;14;0;2023-12-13 14:38:22.286562;24
2139095040;1119650318;64;19;2023-12-13 14:38:22.286562;24
2139095040;1111208907;65;19;2023-12-13 14:38:22.286562;24
2789627;3438755;0;0;2023-12-13 14:38:22.286562;24
4301049;5218030;2;0;2023-12-13 14:38:22.286562;24
6047166;6698831;4;0;2023-12-13 14:38:22.286562;24
6964576;6993965;6;0;2023-12-13 14:38:22.286562;24
6663939;5985062;8;0;2023-12-13 14:38:22.286562;24
5107218;4211489;10;0;2023-12-13 14:38:22.286562;24
3495831;2933805;12;0;2023-12-13 14:38:22.300118;25
2500661;2433553;14;0;2023-12-13 14:38:22.300118;25
2139095040;1119648852;66;19;2023-12-13 14:38:22.300118;25
2139095040;1111216482;67;19;2023-12-13 14:38:22.300118;25
2790761;3440151;0;0;2023-12-13 14:38:22.300118;25
4302795;5220149;2;0;2023-12-13 14:38:22.300118;25
6049620;6701548;4;0;2023-12-13 14:38:22.300118;25
6967403;6996802;6;0;2023-12-13 14:38:22.300118;25
6666644;5987491;8;0;2023-12-13 14:38:22.300118;25
5109291;4213198;10;0;2023-12-13 14:38:22.314185;26
3497250;2934995;12;0;2023-12-13 14:38:22.314185;26
2501676;2434541;14;0;2023-12-13 14:38:22.314185;26
2139095040;1119647378;68;19;2023-12-13 14:38:22.314185;26
2139095040;1111224025;69;19;2023-12-13 14:38:22.314185;26
2791894;3441546;0;0;2023-12-13 14:38:22.314185;26
4304541;5222267;2;0;2023-12-13 14:38:22.314185;26
6052075;6704267;4;0;2023-12-13 14:38:22.314185;26
6970231;6999635;6;0;2023-12-13 14:38:22.314185;26
6669349;5989920;8;0;2023-12-13 14:38:22.328202;27
5111364;4214908;10;0;2023-12-13 14:38:22.328202;27
3498670;2936186;12;0;2023-12-13 14:38:22.328202;27
2502692;2435529;14;0;2023-12-13 14:38:22.328202;27
2139095040;1119645938;70;19;2023-12-13 14:38:22.328202;27
2139095040;1111231549;71;19;2023-12-13 14:38:22.328202;27
2793027;3442941;0;0;2023-12-13 14:38:22.328202;27
4306286;5224384;2;0;2023-12-13 14:38:22.328202;27
6054529;6706985;4;0;2023-12-13 14:38:22.328202;27
6973057;7002482;6;0;2023-12-13 14:38:22.341617;28
6672048;5992349;8;0;2023-12-13 14:38:22.341617;28
5113437;4216617;10;0;2023-12-13 14:38:22.341617;28
3500089;2937377;12;0;2023-12-13 14:38:22.341617;28
2503706;2436516;14;0;2023-12-13 14:38:22.341617;28
2139095040;1119644470;72;19;2023-12-13 14:38:22.341617;28
2139095040;1111239064;73;19;2023-12-13 14:38:22.341617;28
2794158;3444336;0;0;2023-12-13 14:38:22.341617;28
4308030;5226501;2;0;2023-12-13 14:38:22.341617;28
6056982;6709703;4;0;2023-12-13 14:38:22.357421;29
6975883;7005316;6;0;2023-12-13 14:38:22.357421;29
6674752;5994776;8;0;2023-12-13 14:38:22.357421;29
5115508;4218325;10;0;2023-12-13 14:38:22.357421;29
3501507;2938567;12;0;2023-12-13 14:38:22.357421;29
2504721;2437503;14;0;2023-12-13 14:38:22.357421;29
2139095040;1119642995;74;19;2023-12-13 14:38:22.357421;29
2139095040;1111246576;75;19;2023-12-13 14:38:22.357421;29
2795290;3445732;0;0;2023-12-13 14:38:22.357421;29
4309775;5228619;2;0;2023-12-13 14:38:22.371030;30
6059437;6712422;4;0;2023-12-13 14:38:22.371030;30
6978710;7008152;6;0;2023-12-13 14:38:22.371030;30
6677457;5997204;8;0;2023-12-13 14:38:22.371030;30
5117581;4220035;10;0;2023-12-13 14:38:22.371030;30
3502926;2939757;12;0;2023-12-13 14:38:22.371030;30
2505736;2438490;14;0;2023-12-13 14:38:22.371030;30
2139095040;1119641544;76;19;2023-12-13 14:38:22.371030;30
2139095040;1111254043;77;19;2023-12-13 14:38:22.371030;30
2796422;3447127;0;0;2023-12-13 14:38:22.383997;31
4311521;5230737;2;0;2023-12-13 14:38:22.383997;31
6061891;6715143;4;0;2023-12-13 14:38:22.383997;31
6981537;7010988;6;0;2023-12-13 14:38:22.383997;31
6680164;5999633;8;0;2023-12-13 14:38:22.383997;31
5119654;4221744;10;0;2023-12-13 14:38:22.383997;31
3504344;2940948;12;0;2023-12-13 14:38:22.383997;31
2506752;2439478;14;0;2023-12-13 14:38:22.383997;31
2139095040;1119640083;78;19;2023-12-13 14:38:22.383997;31
2139095040;1111261507;79;19;2023-12-13 14:38:22.395290;32
2797555;3448523;0;0;2023-12-13 14:38:22.395290;32
4313268;5232855;2;0;2023-12-13 14:38:22.395290;32
6064345;6717861;4;0;2023-12-13 14:38:22.395290;32
6984364;7013826;6;0;2023-12-13 14:38:22.395290;32
6682870;6002062;8;0;2023-12-13 14:38:22.395290;32
5121727;4223453;10;0;2023-12-13 14:38:22.395290;32
3505764;2942138;12;0;2023-12-13 14:38:22.395290;32
2507767;2440466;14;0;2023-12-13 14:38:22.395290;32
2139095040;1119638613;80;19;2023-12-13 14:38:22.408460;33
2139095040;1111268958;81;19;2023-12-13 14:38:22.408460;33
2798687;3449919;0;0;2023-12-13 14:38:22.408460;33
4315014;5234973;2;0;2023-12-13 14:38:22.408460;33
6066799;6720579;4;0;2023-12-13 14:38:22.408460;33
6987191;7016657;6;0;2023-12-13 14:38:22.408460;33
6685575;6004490;8;0;2023-12-13 14:38:22.408460;33
5123799;4225162;10;0;2023-12-13 14:38:22.408460;33
3507182;2943330;12;0;2023-12-13 14:38:22.408460;33
2508782;2441453;14;0;2023-12-13 14:38:22.422919;34
2139095040;1119637181;82;19;2023-12-13 14:38:22.422919;34
2139095040;1111276393;83;19;2023-12-13 14:38:22.422919;34
2799820;3451314;0;0;2023-12-13 14:38:22.422919;34
4316760;5237090;2;0;2023-12-13 14:38:22.422919;34
6069253;6723295;4;0;2023-12-13 14:38:22.422919;34
6990017;7019497;6;0;2023-12-13 14:38:22.422919;34
6688279;6006918;8;0;2023-12-13 14:38:22.422919;34
5125872;4226871;10;0;2023-12-13 14:38:22.422919;34
3508600;2944520;12;0;2023-12-13 14:38:22.436891;35
2509797;2442440;14;0;2023-12-13 14:38:22.436891;35
2139095040;1119635743;84;19;2023-12-13 14:38:22.436891;35
2139095040;1111283804;85;19;2023-12-13 14:38:22.436891;35
2800953;3452710;0;0;2023-12-13 14:38:22.436891;35
4318506;5239208;2;0;2023-12-13 14:38:22.436891;35
6071707;6726012;4;0;2023-12-13 14:38:22.436891;35
6992843;7022334;6;0;2023-12-13 14:38:22.436891;35
6690983;6009347;8;0;2023-12-13 14:38:22.436891;35
5127944;4228579;10;0;2023-12-13 14:38:22.450875;36
3510018;2945712;12;0;2023-12-13 14:38:22.450875;36
2510812;2443429;14;0;2023-12-13 14:38:22.450875;36
2139095040;1119634331;86;19;2023-12-13 14:38:22.450875;36
2139095040;1111291228;87;19;2023-12-13 14:38:22.450875;36
2802086;3454106;0;0;2023-12-13 14:38:22.450875;36
4320254;5241326;2;0;2023-12-13 14:38:22.450875;36
6074163;6728732;4;0;2023-12-13 14:38:22.450875;36
6995672;7025171;6;0;2023-12-13 14:38:22.450875;36
6693691;6011777;8;0;2023-12-13 14:38:22.464817;37
5130018;4230290;10;0;2023-12-13 14:38:22.464817;37
3511437;2946904;12;0;2023-12-13 14:38:22.464817;37
2511828;2444418;14;0;2023-12-13 14:38:22.464817;37
2139095040;1119632902;88;19;2023-12-13 14:38:22.464817;37
2139095040;1111298636;89;19;2023-12-13 14:38:22.464817;37
2803218;3455502;0;0;2023-12-13 14:38:22.464817;37
4321999;5243443;2;0;2023-12-13 14:38:22.464817;37
6076617;6731449;4;0;2023-12-13 14:38:22.464817;37
6998499;7028006;6;0;2023-12-13 14:38:22.479588;38
6696395;6014205;8;0;2023-12-13 14:38:22.479588;38
5132090;4231999;10;0;2023-12-13 14:38:22.479588;38
3512855;2948094;12;0;2023-12-13 14:38:22.479588;38
2512844;2445405;14;0;2023-12-13 14:38:22.479588;38
2139095040;1119631460;90;19;2023-12-13 14:38:22.479588;38
2139095040;1111306032;91;19;2023-12-13 14:38:22.479588;38
2804350;3456896;0;0;2023-12-13 14:38:22.479588;38
4323744;5245560;2;0;2023-12-13 14:38:22.479588;38
6079070;6734166;4;0;2023-12-13 14:38:22.493760;39
7001325;7030844;6;0;2023-12-13 14:38:22.493760;39
6699100;6016632;8;0;2023-12-13 14:38:22.493760;39
5134162;4233707;10;0;2023-12-13 14:38:22.493760;39
3514273;2949284;12;0;2023-12-13 14:38:22.493760;39
2513859;2446392;14;0;2023-12-13 14:38:22.493760;39
2139095040;1119630030;92;19;2023-12-13 14:38:22.493760;39
2139095040;1111313413;93;19;2023-12-13 14:38:22.493760;39
2805483;3458293;0;0;2023-12-13 14:38:22.493760;39
4325490;5247679;2;0;2023-12-13 14:38:22.507421;40
6081524;6736886;4;0;2023-12-13 14:38:22.507421;40
7004152;7033681;6;0;2023-12-13 14:38:22.507421;40
6701805;6019060;8;0;2023-12-13 14:38:22.507928;40
5136233;4235416;10;0;2023-12-13 14:38:22.507928;40
3515693;2950476;12;0;2023-12-13 14:38:22.507928;40
2514875;2447381;14;0;2023-12-13 14:38:22.507928;40
2139095040;1119628641;94;19;2023-12-13 14:38:22.507928;40
2139095040;1111320761;95;19;2023-12-13 14:38:22.507928;40
2806616;3459689;0;0;2023-12-13 14:38:22.521934;41
4327236;5249797;2;0;2023-12-13 14:38:22.521934;41
6083979;6739605;4;0;2023-12-13 14:38:22.521934;41
7006979;7036513;6;0;2023-12-13 14:38:22.521934;41
6704511;6021490;8;0;2023-12-13 14:38:22.521934;41
5138307;4237126;10;0;2023-12-13 14:38:22.521934;41
3517112;2951667;12;0;2023-12-13 14:38:22.521934;41
2515890;2448368;14;0;2023-12-13 14:38:22.521934;41
2139095040;1119627233;96;19;2023-12-13 14:38:22.521934;41
2139095040;1111328109;97;19;2023-12-13 14:38:22.531666;42
2807749;3461084;0;0;2023-12-13 14:38:22.531666;42
4328982;5251915;2;0;2023-12-13 14:38:22.531666;42
6086434;6742323;4;0;2023-12-13 14:38:22.531666;42
7009804;7039349;6;0;2023-12-13 14:38:22.531666;42
6707216;6023918;8;0;2023-12-13 14:38:22.531666;42
5140380;4238835;10;0;2023-12-13 14:38:22.531958;42
3518530;2952857;12;0;2023-12-13 14:38:22.531958;42
2516905;2449354;14;0;2023-12-13 14:38:22.531958;42
2139095040;1119625824;98;19;2023-12-13 14:38:22.545654;43
2139095040;1111335426;99;19;2023-12-13 14:38:22.545654;43
2808881;3462479;0;0;2023-12-13 14:38:22.545654;43
4330728;5254033;2;0;2023-12-13 14:38:22.545654;43
6088889;6745042;4;0;2023-12-13 14:38:22.545654;43
7012632;7042180;6;0;2023-12-13 14:38:22.545654;43
6709921;6026348;8;0;2023-12-13 14:38:22.545957;43
5142453;4240545;10;0;2023-12-13 14:38:22.545957;43
3519949;2954048;12;0;2023-12-13 14:38:22.545957;43
2517920;2450342;14;0;2023-12-13 14:38:22.558959;44
2139095040;1119624451;100;19;2023-12-13 14:38:22.558959;44
2139095040;1111342733;101;19;2023-12-13 14:38:22.558959;44
2810014;3463875;0;0;2023-12-13 14:38:22.558959;44
4332475;5256151;2;0;2023-12-13 14:38:22.558959;44
6091344;6747761;4;0;2023-12-13 14:38:22.558959;44
7015458;7045018;6;0;2023-12-13 14:38:22.558959;44
6712627;6028778;8;0;2023-12-13 14:38:22.559956;44
5144526;4242255;10;0;2023-12-13 14:38:22.559956;44
3521368;2955240;12;0;2023-12-13 14:38:22.572957;45
2518936;2451330;14;0;2023-12-13 14:38:22.572957;45
2139095040;1119623039;102;19;2023-12-13 14:38:22.572957;45
2139095040;1111350036;103;19;2023-12-13 14:38:22.572957;45
2811146;3465271;0;0;2023-12-13 14:38:22.572957;45
4334221;5258269;2;0;2023-12-13 14:38:22.572957;45
6093799;6750480;4;0;2023-12-13 14:38:22.572957;45
7018286;7047851;6;0;2023-12-13 14:38:22.572957;45
6715335;6031207;8;0;2023-12-13 14:38:22.573956;45
5146600;4243964;10;0;2023-12-13 14:38:22.587953;46
3522787;2956433;12;0;2023-12-13 14:38:22.587953;46
2519952;2452318;14;0;2023-12-13 14:38:22.587953;46
2139095040;1119621651;104;19;2023-12-13 14:38:22.587953;46
2139095040;1111357346;105;19;2023-12-13 14:38:22.587953;46
2812277;3466667;0;0;2023-12-13 14:38:22.587953;46
4335967;5260388;2;0;2023-12-13 14:38:22.587953;46
6096254;6753199;4;0;2023-12-13 14:38:22.587953;46
7021115;7050686;6;0;2023-12-13 14:38:22.588956;46
6718042;6033636;8;0;2023-12-13 14:38:22.602040;47
5148672;4245674;10;0;2023-12-13 14:38:22.602040;47
3524206;2957624;12;0;2023-12-13 14:38:22.602040;47
2520967;2453305;14;0;2023-12-13 14:38:22.602040;47
2139095040;1119620232;106;19;2023-12-13 14:38:22.602040;47
2139095040;1111364618;107;19;2023-12-13 14:38:22.602040;47
2813409;3468062;0;0;2023-12-13 14:38:22.602040;47
4337713;5262505;2;0;2023-12-13 14:38:22.602040;47
6098708;6755919;4;0;2023-12-13 14:38:22.602040;47
7023942;7053516;6;0;2023-12-13 14:38:22.616646;48
6720747;6036063;8;0;2023-12-13 14:38:22.616646;48
5150744;4247384;10;0;2023-12-13 14:38:22.616646;48
3525625;2958814;12;0;2023-12-13 14:38:22.616646;48
2521982;2454291;14;0;2023-12-13 14:38:22.616646;48
2139095040;1119618855;108;19;2023-12-13 14:38:22.616927;48
2139095040;1111371880;109;19;2023-12-13 14:38:22.616927;48
2814541;3469457;0;0;2023-12-13 14:38:22.616927;48
4339459;5264623;2;0;2023-12-13 14:38:22.617052;48
6101162;6758638;4;0;2023-12-13 14:38:22.630729;49
7026769;7056350;6;0;2023-12-13 14:38:22.630729;49
6723453;6038493;8;0;2023-12-13 14:38:22.630729;49
5152817;4249094;10;0;2023-12-13 14:38:22.630729;49
3527044;2960005;12;0;2023-12-13 14:38:22.630729;49
2522997;2455278;14;0;2023-12-13 14:38:22.630729;49
2139095040;1119617459;110;19;2023-12-13 14:38:22.630729;49
2139095040;1111379119;111;19;2023-12-13 14:38:22.630729;49
2815674;3470852;0;0;2023-12-13 14:38:22.630729;49
4341205;5266743;2;0;2023-12-13 14:38:22.644631;50
6103618;6761360;4;0;2023-12-13 14:38:22.644631;50
7029599;7059181;6;0;2023-12-13 14:38:22.644631;50
6726159;6040924;8;0;2023-12-13 14:38:22.644631;50
5154892;4250804;10;0;2023-12-13 14:38:22.644631;50
3528463;2961197;12;0;2023-12-13 14:38:22.644631;50
2524013;2456266;14;0;2023-12-13 14:38:22.644631;50
2139095040;1119616079;112;19;2023-12-13 14:38:22.644631;50
2139095040;1111386361;113;19;2023-12-13 14:38:22.644631;50
2816806;3472248;0;0;2023-12-13 14:38:22.657892;51
4342950;5268860;2;0;2023-12-13 14:38:22.657892;51
6106072;6764078;4;0;2023-12-13 14:38:22.657892;51
7032426;7062016;6;0;2023-12-13 14:38:22.657892;51
6728865;6043353;8;0;2023-12-13 14:38:22.657892;51
5156965;4252512;10;0;2023-12-13 14:38:22.657892;51
3529882;2962388;12;0;2023-12-13 14:38:22.657892;51
2525028;2457254;14;0;2023-12-13 14:38:22.658906;51
2139095040;1119614701;114;19;2023-12-13 14:38:22.658906;51
2139095040;1111393582;115;19;2023-12-13 14:38:22.668398;52
2817938;3473643;0;0;2023-12-13 14:38:22.668398;52
4344696;5270979;2;0;2023-12-13 14:38:22.668398;52
6108526;6766796;4;0;2023-12-13 14:38:22.668398;52
7035253;7064848;6;0;2023-12-13 14:38:22.668398;52
6731571;6045783;8;0;2023-12-13 14:38:22.668398;52
5159038;4254222;10;0;2023-12-13 14:38:22.668398;52
3531301;2963579;12;0;2023-12-13 14:38:22.668398;52
2526043;2458241;14;0;2023-12-13 14:38:22.668902;52
2139095040;1119613315;116;19;2023-12-13 14:38:22.682375;53
2139095040;1111400797;117;19;2023-12-13 14:38:22.682375;53
2819070;3475039;0;0;2023-12-13 14:38:22.682375;53
4346442;5273097;2;0;2023-12-13 14:38:22.682375;53
6110980;6769513;4;0;2023-12-13 14:38:22.682375;53
7038080;7067683;6;0;2023-12-13 14:38:22.682375;53
6734278;6048213;8;0;2023-12-13 14:38:22.682375;53
5161112;4255930;10;0;2023-12-13 14:38:22.682375;53
3532720;2964769;12;0;2023-12-13 14:38:22.682375;53
2527058;2459229;14;0;2023-12-13 14:38:22.696342;54
2139095040;1119611961;118;19;2023-12-13 14:38:22.696342;54
2139095040;1111408004;119;19;2023-12-13 14:38:22.696342;54
2820203;3476435;0;0;2023-12-13 14:38:22.696342;54
4348188;5275217;2;0;2023-12-13 14:38:22.696342;54
6113435;6772232;4;0;2023-12-13 14:38:22.696342;54
7040907;7070521;6;0;2023-12-13 14:38:22.696342;54
6736983;6050642;8;0;2023-12-13 14:38:22.696342;54
5163185;4257639;10;0;2023-12-13 14:38:22.696342;54
3534138;2965960;12;0;2023-12-13 14:38:22.710982;55
2528073;2460217;14;0;2023-12-13 14:38:22.710982;55
2139095040;1119610596;120;19;2023-12-13 14:38:22.710982;55
2139095040;1111415199;121;19;2023-12-13 14:38:22.710982;55
2821336;3477832;0;0;2023-12-13 14:38:22.710982;55
4349935;5277337;2;0;2023-12-13 14:38:22.710982;55
6115891;6774953;4;0;2023-12-13 14:38:22.710982;55
7043735;7073361;6;0;2023-12-13 14:38:22.710982;55
6739690;6053072;8;0;2023-12-13 14:38:22.710982;55
5165259;4259348;10;0;2023-12-13 14:38:22.724915;56
3535556;2967151;12;0;2023-12-13 14:38:22.724915;56
2529089;2461205;14;0;2023-12-13 14:38:22.724915;56
2139095040;1119609232;122;19;2023-12-13 14:38:22.724915;56
2139095040;1111422356;123;19;2023-12-13 14:38:22.724915;56
2822468;3479227;0;0;2023-12-13 14:38:22.724915;56
4351681;5279455;2;0;2023-12-13 14:38:22.724915;56
6118345;6777671;4;0;2023-12-13 14:38:22.724915;56
7046562;7076195;6;0;2023-12-13 14:38:22.724915;56
6742394;6055500;8;0;2023-12-13 14:38:22.739288;57
5167331;4261057;10;0;2023-12-13 14:38:22.739288;57
3536974;2968342;12;0;2023-12-13 14:38:22.739288;57
2530103;2462192;14;0;2023-12-13 14:38:22.739288;57
2139095040;1119607869;124;19;2023-12-13 14:38:22.739288;57
2139095040;1111429527;125;19;2023-12-13 14:38:22.739288;57
2823600;3480624;0;0;2023-12-13 14:38:22.739288;57
4353427;5281573;2;0;2023-12-13 14:38:22.739288;57
6120799;6780392;4;0;2023-12-13 14:38:22.739288;57
7049389;7079035;6;0;2023-12-13 14:38:22.753213;58
6745100;6057930;8;0;2023-12-13 14:38:22.753213;58
5169405;4262767;10;0;2023-12-13 14:38:22.753213;58
3538393;2969534;12;0;2023-12-13 14:38:22.753213;58
2531119;2463179;14;0;2023-12-13 14:38:22.753213;58
2139095040;1119606515;126;19;2023-12-13 14:38:22.753213;58
2139095040;1111436676;127;19;2023-12-13 14:38:22.753213;58
2824732;3482019;0;0;2023-12-13 14:38:22.753213;58
4355173;5283690;2;0;2023-12-13 14:38:22.753213;58
6123252;6783112;4;0;2023-12-13 14:38:22.767193;59
7052216;7081867;6;0;2023-12-13 14:38:22.767193;59
6747806;6060359;8;0;2023-12-13 14:38:22.767193;59
5171478;4264476;10;0;2023-12-13 14:38:22.767193;59
3539813;2970725;12;0;2023-12-13 14:38:22.767193;59
2532134;2464168;14;0;2023-12-13 14:38:22.767193;59
2139095040;1119605173;128;19;2023-12-13 14:38:22.767193;59
2139095040;1111443802;129;19;2023-12-13 14:38:22.767193;59
2825865;3483415;0;0;2023-12-13 14:38:22.767193;59
4356918;5285807;2;0;2023-12-13 14:38:22.781193;60
6125706;6785832;4;0;2023-12-13 14:38:22.781193;60
7055042;7084703;6;0;2023-12-13 14:38:22.781193;60
6750513;6062788;8;0;2023-12-13 14:38:22.781193;60
5173552;4266186;10;0;2023-12-13 14:38:22.781193;60
3541232;2971916;12;0;2023-12-13 14:38:22.781193;60
2533149;2465156;14;0;2023-12-13 14:38:22.781193;60
2139095040;1119603825;130;19;2023-12-13 14:38:22.781193;60
2139095040;1111450903;131;19;2023-12-13 14:38:22.781193;60
2826997;3484809;0;0;2023-12-13 14:38:22.795101;61
4358662;5287922;2;0;2023-12-13 14:38:22.795190;61
6128158;6788548;4;0;2023-12-13 14:38:22.795190;61
7057865;7087547;6;0;2023-12-13 14:38:22.795190;61
6753213;6065215;8;0;2023-12-13 14:38:22.795190;61
5175624;4267894;10;0;2023-12-13 14:38:22.795190;61
3542651;2973107;12;0;2023-12-13 14:38:22.795190;61
2534163;2466145;14;0;2023-12-13 14:38:22.795190;61
2139095040;1119602497;132;19;2023-12-13 14:38:22.795190;61
2139095040;1111458015;133;19;2023-12-13 14:38:22.805191;62
2828129;3486204;0;0;2023-12-13 14:38:22.805191;62
4360407;5290038;2;0;2023-12-13 14:38:22.805191;62
6130611;6791265;4;0;2023-12-13 14:38:22.805191;62
7060690;7090390;6;0;2023-12-13 14:38:22.805191;62
6755916;6067643;8;0;2023-12-13 14:38:22.805191;62
5177696;4269603;10;0;2023-12-13 14:38:22.805191;62
3544069;2974298;12;0;2023-12-13 14:38:22.805191;62
2535178;2467132;14;0;2023-12-13 14:38:22.805191;62
2139095040;1119601167;134;19;2023-12-13 14:38:22.819191;63
2139095040;1111465099;135;19;2023-12-13 14:38:22.819191;63
2829261;3487599;0;0;2023-12-13 14:38:22.819191;63
4362153;5292156;2;0;2023-12-13 14:38:22.819191;63
6133066;6793983;4;0;2023-12-13 14:38:22.819191;63
7063518;7093233;6;0;2023-12-13 14:38:22.819191;63
6758620;6070072;8;0;2023-12-13 14:38:22.819191;63
5179769;4271312;10;0;2023-12-13 14:38:22.819191;63
3545488;2975488;12;0;2023-12-13 14:38:22.819191;63
2536194;2468120;14;0;2023-12-13 14:38:22.833989;64
2139095040;1119599839;136;19;2023-12-13 14:38:22.834190;64
2139095040;1111472186;137;19;2023-12-13 14:38:22.834190;64
2830393;3488995;0;0;2023-12-13 14:38:22.834190;64
4363899;5294274;2;0;2023-12-13 14:38:22.834190;64
6135520;6796701;4;0;2023-12-13 14:38:22.834190;64
7066346;7096065;6;0;2023-12-13 14:38:22.834190;64
6761326;6072502;8;0;2023-12-13 14:38:22.834190;64
5181843;4273021;10;0;2023-12-13 14:38:22.834190;64
3546907;2976679;12;0;2023-12-13 14:38:22.847218;65
2537209;2469108;14;0;2023-12-13 14:38:22.847218;65
2139095040;1119598512;138;19;2023-12-13 14:38:22.847218;65
2139095040;1111479247;139;19;2023-12-13 14:38:22.848185;65
2831525;3490391;0;0;2023-12-13 14:38:22.848217;65
4365644;5296391;2;0;2023-12-13 14:38:22.848217;65
6137975;6799419;4;0;2023-12-13 14:38:22.848217;65
7069173;7098896;6;0;2023-12-13 14:38:22.848217;65
6764031;6074931;8;0;2023-12-13 14:38:22.848217;65
5183916;4274730;10;0;2023-12-13 14:38:22.861185;66
3548326;2977870;12;0;2023-12-13 14:38:22.862092;66
2538223;2470095;14;0;2023-12-13 14:38:22.862195;66
2139095040;1119597201;140;19;2023-12-13 14:38:22.862195;66
2139095040;1111486284;141;19;2023-12-13 14:38:22.862195;66
2832658;3491786;0;0;2023-12-13 14:38:22.862195;66
4367390;5298508;2;0;2023-12-13 14:38:22.862195;66
6140429;6802137;4;0;2023-12-13 14:38:22.862195;66
7072000;7101734;6;0;2023-12-13 14:38:22.862195;66
6766737;6077360;8;0;2023-12-13 14:38:22.875184;67
5185989;4276439;10;0;2023-12-13 14:38:22.875184;67
3549745;2979061;12;0;2023-12-13 14:38:22.875184;67
2539237;2471084;14;0;2023-12-13 14:38:22.875184;67
2139095040;1119595871;142;19;2023-12-13 14:38:22.875184;67
2139095040;1111493320;143;19;2023-12-13 14:38:22.876186;67
2833790;3493181;0;0;2023-12-13 14:38:22.876186;67
4369136;5300625;2;0;2023-12-13 14:38:22.876186;67
6142883;6804854;4;0;2023-12-13 14:38:22.876186;67
7074826;7104568;6;0;2023-12-13 14:38:22.889207;68
6769442;6079788;8;0;2023-12-13 14:38:22.889207;68
5188060;4278147;10;0;2023-12-13 14:38:22.890115;68
3551163;2980251;12;0;2023-12-13 14:38:22.890115;68
2540251;2472071;14;0;2023-12-13 14:38:22.890182;68
2139095040;1119594563;144;19;2023-12-13 14:38:22.890182;68
2139095040;1111500321;145;19;2023-12-13 14:38:22.890182;68
2834921;3494576;0;0;2023-12-13 14:38:22.890182;68
4370881;5302742;2;0;2023-12-13 14:38:22.890182;68
6145337;6807573;4;0;2023-12-13 14:38:22.903852;69
7077652;7107406;6;0;2023-12-13 14:38:22.903852;69
6772147;6082216;8;0;2023-12-13 14:38:22.903852;69
5190131;4279856;10;0;2023-12-13 14:38:22.903852;69
3552581;2981442;12;0;2023-12-13 14:38:22.903852;69
2541266;2473060;14;0;2023-12-13 14:38:22.903852;69
2139095040;1119593238;146;19;2023-12-13 14:38:22.904183;69
2139095040;1111507336;147;19;2023-12-13 14:38:22.904183;69
2836052;3495972;0;0;2023-12-13 14:38:22.904183;69
4372625;5304858;2;0;2023-12-13 14:38:22.917180;70
6147789;6810291;4;0;2023-12-13 14:38:22.917180;70
7080477;7110245;6;0;2023-12-13 14:38:22.917180;70
6774850;6084644;8;0;2023-12-13 14:38:22.917180;70
5192203;4281564;10;0;2023-12-13 14:38:22.917180;70
3554000;2982632;12;0;2023-12-13 14:38:22.917180;70
2542279;2474047;14;0;2023-12-13 14:38:22.917180;70
2139095040;1119591930;148;19;2023-12-13 14:38:22.918183;70
2139095040;1111514353;149;19;2023-12-13 14:38:22.918183;70
2837184;3497367;0;0;2023-12-13 14:38:22.931181;71
4374371;5306975;2;0;2023-12-13 14:38:22.931181;71
6150242;6813009;4;0;2023-12-13 14:38:22.931181;71
7083303;7113077;6;0;2023-12-13 14:38:22.931181;71
6777556;6087073;8;0;2023-12-13 14:38:22.931181;71
5194276;4283273;10;0;2023-12-13 14:38:22.931181;71
3555419;2983823;12;0;2023-12-13 14:38:22.931181;71
2543294;2475035;14;0;2023-12-13 14:38:22.932182;71
2139095040;1119590622;150;19;2023-12-13 14:38:22.932182;71
2139095040;1111521336;151;19;2023-12-13 14:38:22.942181;72
2838318;3498763;0;0;2023-12-13 14:38:22.942181;72
4376118;5309093;2;0;2023-12-13 14:38:22.942181;72
6152695;6815727;4;0;2023-12-13 14:38:22.942181;72
7086128;7115917;6;0;2023-12-13 14:38:22.942181;72
6780260;6089501;8;0;2023-12-13 14:38:22.942181;72
5196347;4284982;10;0;2023-12-13 14:38:22.942181;72
3556837;2985013;12;0;2023-12-13 14:38:22.943205;72
2544309;2476022;14;0;2023-12-13 14:38:22.943205;72
2139095040;1119589310;152;19;2023-12-13 14:38:22.956177;73
2139095040;1111528317;153;19;2023-12-13 14:38:22.956177;73
2839450;3500159;0;0;2023-12-13 14:38:22.956177;73
4377863;5311211;2;0;2023-12-13 14:38:22.956177;73
6155149;6818446;4;0;2023-12-13 14:38:22.956177;73
7088955;7118752;6;0;2023-12-13 14:38:22.956177;73
6782966;6091930;8;0;2023-12-13 14:38:22.956177;73
5198420;4286692;10;0;2023-12-13 14:38:22.956177;73
3558256;2986205;12;0;2023-12-13 14:38:22.956177;73
2545324;2477010;14;0;2023-12-13 14:38:22.970176;74
2139095040;1119588007;154;19;2023-12-13 14:38:22.970176;74
2139095040;1111535275;155;19;2023-12-13 14:38:22.970176;74
2840581;3501554;0;0;2023-12-13 14:38:22.970176;74
4379609;5313330;2;0;2023-12-13 14:38:22.970176;74
6157603;6821166;4;0;2023-12-13 14:38:22.970176;74
7091781;7121595;6;0;2023-12-13 14:38:22.970176;74
6785668;6094359;8;0;2023-12-13 14:38:22.970176;74
5200492;4288402;10;0;2023-12-13 14:38:22.970176;74
3559675;2987395;12;0;2023-12-13 14:38:22.984179;75
2546339;2477996;14;0;2023-12-13 14:38:22.984179;75
2139095040;1119586708;156;19;2023-12-13 14:38:22.984179;75
2139095040;1111542218;157;19;2023-12-13 14:38:22.984179;75
2841712;3502949;0;0;2023-12-13 14:38:22.984179;75
4381355;5315447;2;0;2023-12-13 14:38:22.984179;75
6160057;6823884;4;0;2023-12-13 14:38:22.984179;75
7094607;7124429;6;0;2023-12-13 14:38:22.984179;75
6788373;6096787;8;0;2023-12-13 14:38:22.984179;75
5202565;4290111;10;0;2023-12-13 14:38:22.998206;76
3561093;2988584;12;0;2023-12-13 14:38:22.998206;76
2547353;2478983;14;0;2023-12-13 14:38:22.998206;76
2139095040;1119585412;158;19;2023-12-13 14:38:22.998206;76
2139095040;1111549136;159;19;2023-12-13 14:38:22.998206;76
2842845;3504345;0;0;2023-12-13 14:38:22.998206;76
4383100;5317565;2;0;2023-12-13 14:38:22.998206;76
6162511;6826603;4;0;2023-12-13 14:38:22.998206;76
7097432;7127266;6;0;2023-12-13 14:38:22.998206;76
6791079;6099216;8;0;2023-12-13 14:38:23.012540;77
5204638;4291820;10;0;2023-12-13 14:38:23.012540;77
3562512;2989777;12;0;2023-12-13 14:38:23.012540;77
2548369;2479972;14;0;2023-12-13 14:38:23.012540;77
2139095040;1119584130;160;19;2023-12-13 14:38:23.012540;77
2139095040;1111556073;161;19;2023-12-13 14:38:23.012540;77
2843978;3505742;0;0;2023-12-13 14:38:23.012540;77
4384846;5319683;2;0;2023-12-13 14:38:23.012540;77
6164966;6829324;4;0;2023-12-13 14:38:23.012540;77
7100259;7130100;6;0;2023-12-13 14:38:23.026174;78
6793783;6101645;8;0;2023-12-13 14:38:23.026174;78
5206710;4293529;10;0;2023-12-13 14:38:23.026174;78
3563931;2990968;12;0;2023-12-13 14:38:23.026174;78
2549384;2480960;14;0;2023-12-13 14:38:23.026174;78
2139095040;1119582837;162;19;2023-12-13 14:38:23.026174;78
2139095040;1111562982;163;19;2023-12-13 14:38:23.027173;78
2845110;3507137;0;0;2023-12-13 14:38:23.027173;78
4386591;5321801;2;0;2023-12-13 14:38:23.027173;78
6167420;6832041;4;0;2023-12-13 14:38:23.040170;79
7103085;7132936;6;0;2023-12-13 14:38:23.040170;79
6796489;6104075;8;0;2023-12-13 14:38:23.040170;79
5208781;4295238;10;0;2023-12-13 14:38:23.040735;79
3565350;2992158;12;0;2023-12-13 14:38:23.040735;79
2550399;2481948;14;0;2023-12-13 14:38:23.040735;79
2139095040;1119581550;164;19;2023-12-13 14:38:23.040735;79
2139095040;1111569893;165;19;2023-12-13 14:38:23.040735;79
2846241;3508532;0;0;2023-12-13 14:38:23.040735;79
4388336;5323919;2;0;2023-12-13 14:38:23.054171;80
6169874;6834759;4;0;2023-12-13 14:38:23.054171;80
7105913;7135766;6;0;2023-12-13 14:38:23.054171;80
6799192;6106504;8;0;2023-12-13 14:38:23.054171;80
5210855;4296947;10;0;2023-12-13 14:38:23.054171;80
3566769;2993349;12;0;2023-12-13 14:38:23.054789;80
2551413;2482936;14;0;2023-12-13 14:38:23.054789;80
2139095040;1119580272;166;19;2023-12-13 14:38:23.054789;80
2139095040;1111576782;167;19;2023-12-13 14:38:23.054789;80
2847374;3509929;0;0;2023-12-13 14:38:23.069170;81
4390082;5326038;2;0;2023-12-13 14:38:23.069170;81
6172330;6837479;4;0;2023-12-13 14:38:23.069170;81
7108739;7138599;6;0;2023-12-13 14:38:23.069170;81
6801897;6108932;8;0;2023-12-13 14:38:23.069170;81
5212928;4298655;10;0;2023-12-13 14:38:23.069170;81
3568188;2994539;12;0;2023-12-13 14:38:23.069170;81
2552428;2483923;14;0;2023-12-13 14:38:23.069170;81
2139095040;1119578976;168;19;2023-12-13 14:38:23.069170;81
2139095040;1111583638;169;19;2023-12-13 14:38:23.079168;82
2848507;3511326;0;0;2023-12-13 14:38:23.079168;82
4391828;5328157;2;0;2023-12-13 14:38:23.079168;82
6174785;6840199;4;0;2023-12-13 14:38:23.079168;82
7111568;7141430;6;0;2023-12-13 14:38:23.079168;82
6804602;6111362;8;0;2023-12-13 14:38:23.079168;82
5215002;4300365;10;0;2023-12-13 14:38:23.079168;82
3569607;2995730;12;0;2023-12-13 14:38:23.079168;82
2553443;2484912;14;0;2023-12-13 14:38:23.079168;82
2139095040;1119577682;170;19;2023-12-13 14:38:23.093172;83
2139095040;1111590514;171;19;2023-12-13 14:38:23.093172;83
2849639;3512722;0;0;2023-12-13 14:38:23.093172;83
4393574;5330275;2;0;2023-12-13 14:38:23.093172;83
6177240;6842919;4;0;2023-12-13 14:38:23.093172;83
7114395;7144268;6;0;2023-12-13 14:38:23.093172;83
6807307;6113790;8;0;2023-12-13 14:38:23.093172;83
5217073;4302074;10;0;2023-12-13 14:38:23.093172;83
3571026;2996921;12;0;2023-12-13 14:38:23.093172;83
2554458;2485899;14;0;2023-12-13 14:38:23.107169;84
2139095040;1119576421;172;19;2023-12-13 14:38:23.107169;84
2139095040;1111597368;173;19;2023-12-13 14:38:23.107169;84
2850771;3514118;0;0;2023-12-13 14:38:23.107169;84
4395320;5332392;2;0;2023-12-13 14:38:23.107169;84
6179693;6845636;4;0;2023-12-13 14:38:23.107169;84
7117221;7147100;6;0;2023-12-13 14:38:23.107169;84
6810012;6116218;8;0;2023-12-13 14:38:23.107169;84
5219144;4303783;10;0;2023-12-13 14:38:23.107169;84
3572444;2998111;12;0;2023-12-13 14:38:23.121168;85
2555473;2486887;14;0;2023-12-13 14:38:23.121168;85
2139095040;1119575167;174;19;2023-12-13 14:38:23.121168;85
2139095040;1111604218;175;19;2023-12-13 14:38:23.121614;85
2851902;3515512;0;0;2023-12-13 14:38:23.121614;85
4397065;5334508;2;0;2023-12-13 14:38:23.121614;85
6182146;6848354;4;0;2023-12-13 14:38:23.121614;85
7120047;7149934;6;0;2023-12-13 14:38:23.121614;85
6812717;6118647;8;0;2023-12-13 14:38:23.121614;85
5221217;4305492;10;0;2023-12-13 14:38:23.135163;86
3573863;2999302;12;0;2023-12-13 14:38:23.135163;86
2556487;2487874;14;0;2023-12-13 14:38:23.135163;86
2139095040;1119573885;176;19;2023-12-13 14:38:23.135163;86
2139095040;1111611050;177;19;2023-12-13 14:38:23.135163;86
2853034;3516909;0;0;2023-12-13 14:38:23.135163;86
4398812;5336627;2;0;2023-12-13 14:38:23.135163;86
6184603;6851074;4;0;2023-12-13 14:38:23.135163;86
7122875;7152770;6;0;2023-12-13 14:38:23.135163;86
6815423;6121076;8;0;2023-12-13 14:38:23.149325;87
5223290;4307202;10;0;2023-12-13 14:38:23.149325;87
3575282;3000494;12;0;2023-12-13 14:38:23.149325;87
2557503;2488862;14;0;2023-12-13 14:38:23.149325;87
2139095040;1119572623;178;19;2023-12-13 14:38:23.149325;87
2139095040;1111617869;179;19;2023-12-13 14:38:23.149325;87
2854166;3518305;0;0;2023-12-13 14:38:23.149325;87
4400558;5338746;2;0;2023-12-13 14:38:23.149325;87
6187059;6853792;4;0;2023-12-13 14:38:23.149325;87
7125702;7155607;6;0;2023-12-13 14:38:23.163164;88
6818128;6123505;8;0;2023-12-13 14:38:23.163164;88
5225363;4308912;10;0;2023-12-13 14:38:23.163164;88
3576700;3001685;12;0;2023-12-13 14:38:23.163164;88
2558519;2489849;14;0;2023-12-13 14:38:23.163164;88
2139095040;1119571352;180;19;2023-12-13 14:38:23.163164;88
2139095040;1111624674;181;19;2023-12-13 14:38:23.163164;88
2855299;3519701;0;0;2023-12-13 14:38:23.163164;88
4402304;5340864;2;0;2023-12-13 14:38:23.163164;88
6189513;6856512;4;0;2023-12-13 14:38:23.177306;89
7128528;7158439;6;0;2023-12-13 14:38:23.177306;89
6820835;6125933;8;0;2023-12-13 14:38:23.177306;89
5227436;4310621;10;0;2023-12-13 14:38:23.177306;89
3578120;3002876;12;0;2023-12-13 14:38:23.177306;89
2559534;2490837;14;0;2023-12-13 14:38:23.177306;89
2139095040;1119570105;182;19;2023-12-13 14:38:23.177306;89
2139095040;1111631457;183;19;2023-12-13 14:38:23.177306;89
2856430;3521096;0;0;2023-12-13 14:38:23.177306;89
4404049;5342980;2;0;2023-12-13 14:38:23.192160;90
6191966;6859230;4;0;2023-12-13 14:38:23.192160;90
7131354;7161274;6;0;2023-12-13 14:38:23.192160;90
6823539;6128362;8;0;2023-12-13 14:38:23.192160;90
5229508;4312330;10;0;2023-12-13 14:38:23.192160;90
3579538;3004067;12;0;2023-12-13 14:38:23.192160;90
2560548;2491825;14;0;2023-12-13 14:38:23.192160;90
2139095040;1119568830;184;19;2023-12-13 14:38:23.192160;90
2139095040;1111638233;185;19;2023-12-13 14:38:23.192160;90
2857564;3522492;0;0;2023-12-13 14:38:23.206157;91
4405795;5345099;2;0;2023-12-13 14:38:23.206157;91
6194421;6861951;4;0;2023-12-13 14:38:23.206157;91
7134182;7164114;6;0;2023-12-13 14:38:23.206157;91
6826245;6130791;8;0;2023-12-13 14:38:23.206157;91
5231582;4314040;10;0;2023-12-13 14:38:23.206157;91
3580958;3005259;12;0;2023-12-13 14:38:23.206157;91
2561564;2492813;14;0;2023-12-13 14:38:23.206157;91
2139095040;1119567583;186;19;2023-12-13 14:38:23.206157;91
2139095040;1111645000;187;19;2023-12-13 14:38:23.216199;92
2858697;3523888;0;0;2023-12-13 14:38:23.216199;92
4407540;5347218;2;0;2023-12-13 14:38:23.216199;92
6196875;6864670;4;0;2023-12-13 14:38:23.216199;92
7137009;7166950;6;0;2023-12-13 14:38:23.216199;92
6828950;6133220;8;0;2023-12-13 14:38:23.216199;92
5233655;4315750;10;0;2023-12-13 14:38:23.216199;92
3582375;3006450;12;0;2023-12-13 14:38:23.216199;92
2562580;2493801;14;0;2023-12-13 14:38:23.216199;92
2139095040;1119566322;188;19;2023-12-13 14:38:23.230189;93
2139095040;1111651745;189;19;2023-12-13 14:38:23.230189;93
2859829;3525284;0;0;2023-12-13 14:38:23.230189;93
4409286;5349336;2;0;2023-12-13 14:38:23.230189;93
6199328;6867387;4;0;2023-12-13 14:38:23.230189;93
7139836;7169778;6;0;2023-12-13 14:38:23.230189;93
6831655;6135648;8;0;2023-12-13 14:38:23.230189;93
5235727;4317459;10;0;2023-12-13 14:38:23.230189;93
3583794;3007639;12;0;2023-12-13 14:38:23.230189;93
2563594;2494788;14;0;2023-12-13 14:38:23.244154;94
2139095040;1119565055;190;19;2023-12-13 14:38:23.244154;94
2139095040;1111658500;191;19;2023-12-13 14:38:23.244154;94
2860961;3526680;0;0;2023-12-13 14:38:23.244154;94
4411032;5351455;2;0;2023-12-13 14:38:23.244154;94
6201782;6870107;4;0;2023-12-13 14:38:23.244154;94
7142663;7172608;6;0;2023-12-13 14:38:23.244154;94
6834355;6138079;8;0;2023-12-13 14:38:23.244154;94
5237800;4319167;10;0;2023-12-13 14:38:23.244154;94
3585213;3008830;12;0;2023-12-13 14:38:23.258163;95
2564608;2495776;14;0;2023-12-13 14:38:23.258163;95
2139095040;1119563826;192;19;2023-12-13 14:38:23.258163;95
2139095040;1111665238;193;19;2023-12-13 14:38:23.258163;95
2862094;3528076;0;0;2023-12-13 14:38:23.258163;95
4412777;5353572;2;0;2023-12-13 14:38:23.258163;95
6204238;6872827;4;0;2023-12-13 14:38:23.258163;95
7145492;7175441;6;0;2023-12-13 14:38:23.258163;95
6837061;6140510;8;0;2023-12-13 14:38:23.258163;95
5239874;4320877;10;0;2023-12-13 14:38:23.272165;96
3586633;3010022;12;0;2023-12-13 14:38:23.272165;96
2565623;2496764;14;0;2023-12-13 14:38:23.272165;96
2139095040;1119562593;194;19;2023-12-13 14:38:23.272165;96
2139095040;1111671947;195;19;2023-12-13 14:38:23.272165;96
2863227;3529471;0;0;2023-12-13 14:38:23.272165;96
4414524;5355690;2;0;2023-12-13 14:38:23.272165;96
6206693;6875547;4;0;2023-12-13 14:38:23.272165;96
7148319;7178277;6;0;2023-12-13 14:38:23.272165;96
6839766;6142939;8;0;2023-12-13 14:38:23.286049;97
5241946;4322586;10;0;2023-12-13 14:38:23.286165;97
3588052;3011212;12;0;2023-12-13 14:38:23.286165;97
2566637;2497752;14;0;2023-12-13 14:38:23.286165;97
2139095040;1119561361;196;19;2023-12-13 14:38:23.286165;97
2139095040;1111678653;197;19;2023-12-13 14:38:23.286165;97
2864360;3530867;0;0;2023-12-13 14:38:23.286165;97
4416270;5357808;2;0;2023-12-13 14:38:23.286165;97
6209146;6878266;4;0;2023-12-13 14:38:23.286165;97
7151145;7181116;6;0;2023-12-13 14:38:23.300032;98
6842471;6145367;8;0;2023-12-13 14:38:23.300164;98
5244019;4324295;10;0;2023-12-13 14:38:23.300164;98
3589471;3012403;12;0;2023-12-13 14:38:23.300164;98
2567653;2498739;14;0;2023-12-13 14:38:23.300164;98
2139095040;1119560127;198;19;2023-12-13 14:38:23.300164;98
2139095040;1111685346;199;19;2023-12-13 14:38:23.300164;98
2865491;3532262;0;0;2023-12-13 14:38:23.300164;98
4418015;5359926;2;0;2023-12-13 14:38:23.300164;98
6211602;6880986;4;0;2023-12-13 14:38:23.314164;99
7153972;7183951;6;0;2023-12-13 14:38:23.315164;99
6845177;6147796;8;0;2023-12-13 14:38:23.315164;99
5246091;4326004;10;0;2023-12-13 14:38:23.315164;99
3590890;3013594;12;0;2023-12-13 14:38:23.315164;99
2568667;2499726;14;0;2023-12-13 14:38:23.315164;99
2139095040;1119558899;200;19;2023-12-13 14:38:23.315164;99
2139095040;1111692050;201;19;2023-12-13 14:38:23.315164;99
2866623;3533657;0;0;2023-12-13 14:38:23.315164;99
4419762;5362044;2;0;2023-12-13 14:38:23.328234;100
6214055;6883703;4;0;2023-12-13 14:38:23.328234;100
7156797;7186783;6;0;2023-12-13 14:38:23.328234;100
6847882;6150224;8;0;2023-12-13 14:38:23.329165;100
5248164;4327713;10;0;2023-12-13 14:38:23.329165;100
3592308;3014784;12;0;2023-12-13 14:38:23.329165;100
2569682;2500714;14;0;2023-12-13 14:38:23.329165;100
2139095040;1119557666;202;19;2023-12-13 14:38:23.329165;100
2139095040;1111698705;203;19;2023-12-13 14:38:23.329165;100
2867756;3535054;0;0;2023-12-13 14:38:23.342164;101
4421509;5364164;2;0;2023-12-13 14:38:23.343164;101
6216511;6886423;4;0;2023-12-13 14:38:23.343164;101
7159625;7189616;6;0;2023-12-13 14:38:23.343164;101
6850586;6152655;8;0;2023-12-13 14:38:23.343164;101
5250237;4329423;10;0;2023-12-13 14:38:23.343164;101
3593728;3015976;12;0;2023-12-13 14:38:23.343164;101
2570697;2501703;14;0;2023-12-13 14:38:23.343164;101
2139095040;1119556455;204;19;2023-12-13 14:38:23.343164;101
2139095040;1111705381;205;19;2023-12-13 14:38:23.352161;102
2868890;3536450;0;0;2023-12-13 14:38:23.352161;102
4423256;5366283;2;0;2023-12-13 14:38:23.352161;102
6218966;6889142;4;0;2023-12-13 14:38:23.352161;102
7162452;7192453;6;0;2023-12-13 14:38:23.353162;102
6853292;6155084;8;0;2023-12-13 14:38:23.353162;102
5252310;4331132;10;0;2023-12-13 14:38:23.353162;102
3595147;3017168;12;0;2023-12-13 14:38:23.353162;102
2571712;2502691;14;0;2023-12-13 14:38:23.353162;102
2139095040;1119555232;206;19;2023-12-13 14:38:23.366762;103
2139095040;1111712023;207;19;2023-12-13 14:38:23.366762;103
2870022;3537846;0;0;2023-12-13 14:38:23.366762;103
4425001;5368401;2;0;2023-12-13 14:38:23.366762;103
6221420;6891860;4;0;2023-12-13 14:38:23.366762;103
7165279;7195287;6;0;2023-12-13 14:38:23.367161;103
6855997;6157513;8;0;2023-12-13 14:38:23.367161;103
5254383;4332840;10;0;2023-12-13 14:38:23.367161;103
3596564;3018358;12;0;2023-12-13 14:38:23.367161;103
2572726;2503678;14;0;2023-12-13 14:38:23.380159;104
2139095040;1119553995;208;19;2023-12-13 14:38:23.380159;104
2139095040;1111718659;209;19;2023-12-13 14:38:23.381158;104
2871154;3539242;0;0;2023-12-13 14:38:23.381158;104
4426748;5370520;2;0;2023-12-13 14:38:23.381158;104
6223875;6894581;4;0;2023-12-13 14:38:23.381158;104
7168108;7198119;6;0;2023-12-13 14:38:23.381158;104
6858702;6159943;8;0;2023-12-13 14:38:23.381158;104
5256456;4334550;10;0;2023-12-13 14:38:23.381158;104
3597982;3019549;12;0;2023-12-13 14:38:23.394843;105
2573741;2504665;14;0;2023-12-13 14:38:23.394843;105
2139095040;1119552780;210;19;2023-12-13 14:38:23.395157;105
2139095040;1111725263;211;19;2023-12-13 14:38:23.395157;105
2872286;3540638;0;0;2023-12-13 14:38:23.395157;105
4428494;5372638;2;0;2023-12-13 14:38:23.395157;105
6226329;6897300;4;0;2023-12-13 14:38:23.395157;105
7170934;7200959;6;0;2023-12-13 14:38:23.395157;105
6861407;6162372;8;0;2023-12-13 14:38:23.395157;105
5258530;4336259;10;0;2023-12-13 14:38:23.408345;106
3599401;3020741;12;0;2023-12-13 14:38:23.408345;106
2574757;2505654;14;0;2023-12-13 14:38:23.408345;106
2139095040;1119551565;212;19;2023-12-13 14:38:23.408345;106
2139095040;1111731883;213;19;2023-12-13 14:38:23.408345;106
2873419;3542034;0;0;2023-12-13 14:38:23.408345;106
4430240;5374758;2;0;2023-12-13 14:38:23.409245;106
6228785;6900020;4;0;2023-12-13 14:38:23.409245;106
7173762;7203793;6;0;2023-12-13 14:38:23.409245;106
6864113;6164802;8;0;2023-12-13 14:38:23.423526;107
5260604;4337969;10;0;2023-12-13 14:38:23.423526;107
3600820;3021933;12;0;2023-12-13 14:38:23.423526;107
2575773;2506641;14;0;2023-12-13 14:38:23.423526;107
2139095040;1119550349;214;19;2023-12-13 14:38:23.423526;107
2139095040;1111738487;215;19;2023-12-13 14:38:23.423526;107
2874553;3543430;0;0;2023-12-13 14:38:23.423526;107
4431986;5376877;2;0;2023-12-13 14:38:23.423526;107
6231238;6902739;4;0;2023-12-13 14:38:23.423526;107
7176589;7206626;6;0;2023-12-13 14:38:23.437241;108
6866819;6167231;8;0;2023-12-13 14:38:23.437241;108
5262677;4339678;10;0;2023-12-13 14:38:23.437241;108
3602239;3023124;12;0;2023-12-13 14:38:23.437241;108
2576788;2507628;14;0;2023-12-13 14:38:23.437241;108
2139095040;1119549136;216;19;2023-12-13 14:38:23.437241;108
2139095040;1111745079;217;19;2023-12-13 14:38:23.437241;108
2875685;3544825;0;0;2023-12-13 14:38:23.437241;108
4433732;5378994;2;0;2023-12-13 14:38:23.438241;108
6233693;6905457;4;0;2023-12-13 14:38:23.451694;109
7179415;7209461;6;0;2023-12-13 14:38:23.451694;109
6869525;6169659;8;0;2023-12-13 14:38:23.451694;109
5264749;4341386;10;0;2023-12-13 14:38:23.451694;109
3603658;3024316;12;0;2023-12-13 14:38:23.451694;109
2577803;2508615;14;0;2023-12-13 14:38:23.451694;109
2139095040;1119547927;218;19;2023-12-13 14:38:23.451694;109
2139095040;1111751648;219;19;2023-12-13 14:38:23.451694;109
2876818;3546221;0;0;2023-12-13 14:38:23.451694;109
4435479;5381112;2;0;2023-12-13 14:38:23.465266;110
6236149;6908176;4;0;2023-12-13 14:38:23.465266;110
7182242;7212293;6;0;2023-12-13 14:38:23.465266;110
6872231;6172089;8;0;2023-12-13 14:38:23.465266;110
5266821;4343095;10;0;2023-12-13 14:38:23.465266;110
3605077;3025506;12;0;2023-12-13 14:38:23.465266;110
2578819;2509603;14;0;2023-12-13 14:38:23.465266;110
2139095040;1119546740;220;19;2023-12-13 14:38:23.465266;110
2139095040;1111758206;221;19;2023-12-13 14:38:23.466240;110
2877950;3547616;0;0;2023-12-13 14:38:23.479606;111
4437225;5383230;2;0;2023-12-13 14:38:23.479606;111
6238603;6910894;4;0;2023-12-13 14:38:23.479606;111
7185069;7215130;6;0;2023-12-13 14:38:23.479606;111
6874937;6174518;8;0;2023-12-13 14:38:23.479606;111
5268894;4344804;10;0;2023-12-13 14:38:23.479606;111
3606496;3026697;12;0;2023-12-13 14:38:23.479606;111
2579834;2510591;14;0;2023-12-13 14:38:23.479606;111
2139095040;1119545549;222;19;2023-12-13 14:38:23.479606;111
2139095040;1111764759;223;19;2023-12-13 14:38:23.489575;112
2879082;3549010;0;0;2023-12-13 14:38:23.489575;112
4438970;5385346;2;0;2023-12-13 14:38:23.489575;112
6241056;6913612;4;0;2023-12-13 14:38:23.489575;112
7187894;7217970;6;0;2023-12-13 14:38:23.489575;112
6877640;6176946;8;0;2023-12-13 14:38:23.489575;112
5270966;4346512;10;0;2023-12-13 14:38:23.489575;112
3607913;3027887;12;0;2023-12-13 14:38:23.489575;112
2580848;2511579;14;0;2023-12-13 14:38:23.489575;112
2139095040;1119544339;224;19;2023-12-13 14:38:23.503236;113
2139095040;1111771296;225;19;2023-12-13 14:38:23.503236;113
2880215;3550407;0;0;2023-12-13 14:38:23.503236;113
4440716;5387465;2;0;2023-12-13 14:38:23.503236;113
6243512;6916330;4;0;2023-12-13 14:38:23.503236;113
7190721;7220808;6;0;2023-12-13 14:38:23.503236;113
6880347;6179376;8;0;2023-12-13 14:38:23.503236;113
5273039;4348222;10;0;2023-12-13 14:38:23.503236;113
3609332;3029077;12;0;2023-12-13 14:38:23.503236;113
2581863;2512568;14;0;2023-12-13 14:38:23.517278;114
2139095040;1119543138;226;19;2023-12-13 14:38:23.517278;114
2139095040;1111777815;227;19;2023-12-13 14:38:23.517278;114
2881347;3551804;0;0;2023-12-13 14:38:23.517278;114
4442463;5389584;2;0;2023-12-13 14:38:23.517278;114
6245968;6919050;4;0;2023-12-13 14:38:23.517278;114
7193549;7223640;6;0;2023-12-13 14:38:23.517278;114
6883052;6181805;8;0;2023-12-13 14:38:23.517278;114
5275113;4349931;10;0;2023-12-13 14:38:23.517278;114
3610751;3030269;12;0;2023-12-13 14:38:23.532232;115
2582880;2513556;14;0;2023-12-13 14:38:23.532232;115
2139095040;1119541943;228;19;2023-12-13 14:38:23.532232;115
2139095040;1111784331;229;19;2023-12-13 14:38:23.532232;115
2882480;3553200;0;0;2023-12-13 14:38:23.532232;115
4444210;5391702;2;0;2023-12-13 14:38:23.532232;115
6248423;6921769;4;0;2023-12-13 14:38:23.532232;115
7196375;7226476;6;0;2023-12-13 14:38:23.532232;115
6885757;6184233;8;0;2023-12-13 14:38:23.532232;115
5277184;4351640;10;0;2023-12-13 14:38:23.546231;116
3612170;3031460;12;0;2023-12-13 14:38:23.546231;116
2583895;2514544;14;0;2023-12-13 14:38:23.546231;116
2139095040;1119540748;230;19;2023-12-13 14:38:23.546231;116
2139095040;1111790842;231;19;2023-12-13 14:38:23.546231;116
2883612;3554596;0;0;2023-12-13 14:38:23.546231;116
4445955;5393819;2;0;2023-12-13 14:38:23.546231;116
6250877;6924488;4;0;2023-12-13 14:38:23.546231;116
7199202;7229312;6;0;2023-12-13 14:38:23.546231;116
6888463;6186661;8;0;2023-12-13 14:38:23.560232;117
5279256;4353349;10;0;2023-12-13 14:38:23.560232;117
3613589;3032650;12;0;2023-12-13 14:38:23.560232;117
2584910;2515531;14;0;2023-12-13 14:38:23.560232;117
2139095040;1119539574;232;19;2023-12-13 14:38:23.560232;117
2139095040;1111797340;233;19;2023-12-13 14:38:23.560232;117
2884744;3555991;0;0;2023-12-13 14:38:23.560232;117
4447700;5395936;2;0;2023-12-13 14:38:23.560232;117
6253331;6927207;4;0;2023-12-13 14:38:23.560232;117
7202028;7232147;6;0;2023-12-13 14:38:23.574263;118
6891169;6189090;8;0;2023-12-13 14:38:23.574263;118
5281328;4355059;10;0;2023-12-13 14:38:23.574263;118
3615007;3033840;12;0;2023-12-13 14:38:23.574263;118
2585925;2516519;14;0;2023-12-13 14:38:23.574263;118
2139095040;1119538378;234;19;2023-12-13 14:38:23.574263;118
2139095040;1111803822;235;19;2023-12-13 14:38:23.574263;118
2885877;3557388;0;0;2023-12-13 14:38:23.574263;118
4449448;5398056;2;0;2023-12-13 14:38:23.574263;118
6255787;6929927;4;0;2023-12-13 14:38:23.588230;119
7204856;7234979;6;0;2023-12-13 14:38:23.588230;119
6893874;6191519;8;0;2023-12-13 14:38:23.588230;119
5283401;4356769;10;0;2023-12-13 14:38:23.588230;119
3616427;3035032;12;0;2023-12-13 14:38:23.588230;119
2586942;2517508;14;0;2023-12-13 14:38:23.588230;119
2139095040;1119537217;236;19;2023-12-13 14:38:23.588230;119
2139095040;1111810317;237;19;2023-12-13 14:38:23.588230;119
2887010;3558784;0;0;2023-12-13 14:38:23.588230;119
4451195;5400175;2;0;2023-12-13 14:38:23.602229;120
6258242;6932646;4;0;2023-12-13 14:38:23.602229;120
7207683;7237819;6;0;2023-12-13 14:38:23.602229;120
6896580;6193948;8;0;2023-12-13 14:38:23.602229;120
5285475;4358479;10;0;2023-12-13 14:38:23.602229;120
3617846;3036224;12;0;2023-12-13 14:38:23.602229;120
2587957;2518495;14;0;2023-12-13 14:38:23.602229;120
2139095040;1119536025;238;19;2023-12-13 14:38:23.602805;120
2139095040;1111816769;239;19;2023-12-13 14:38:23.602805;120
2888142;3560179;0;0;2023-12-13 14:38:23.616396;121
4452940;5402293;2;0;2023-12-13 14:38:23.616396;121
6260697;6935365;4;0;2023-12-13 14:38:23.616396;121
7210509;7240661;6;0;2023-12-13 14:38:23.616396;121
6899283;6196376;8;0;2023-12-13 14:38:23.616396;121
5287547;4360187;10;0;2023-12-13 14:38:23.616396;121
3619265;3037414;12;0;2023-12-13 14:38:23.616396;121
2588972;2519483;14;0;2023-12-13 14:38:23.616396;121
2139095040;1119534861;240;19;2023-12-13 14:38:23.616396;121
2139095040;1111823214;241;19;2023-12-13 14:38:23.626320;122
2889274;3561574;0;0;2023-12-13 14:38:23.626320;122
4454685;5404410;2;0;2023-12-13 14:38:23.626320;122
6263150;6938083;4;0;2023-12-13 14:38:23.626320;122
7213336;7243494;6;0;2023-12-13 14:38:23.626320;122
6901989;6198805;8;0;2023-12-13 14:38:23.626320;122
5289620;4361897;10;0;2023-12-13 14:38:23.626320;122
3620683;3038605;12;0;2023-12-13 14:38:23.626320;122
2589987;2520470;14;0;2023-12-13 14:38:23.626320;122
2139095040;1119533692;242;19;2023-12-13 14:38:23.640266;123
2139095040;1111829658;243;19;2023-12-13 14:38:23.640266;123
2890408;3562971;0;0;2023-12-13 14:38:23.640266;123
4456432;5406528;2;0;2023-12-13 14:38:23.640266;123
6265605;6940803;4;0;2023-12-13 14:38:23.640266;123
7216161;7246335;6;0;2023-12-13 14:38:23.640266;123
6904693;6201234;8;0;2023-12-13 14:38:23.640266;123
5291693;4363608;10;0;2023-12-13 14:38:23.640266;123
3622103;3039796;12;0;2023-12-13 14:38:23.640266;123
2591004;2521458;14;0;2023-12-13 14:38:23.654784;124
2139095040;1119532540;244;19;2023-12-13 14:38:23.654784;124
2139095040;1111836072;245;19;2023-12-13 14:38:23.654784;124
2891540;3564367;0;0;2023-12-13 14:38:23.654784;124
4458178;5408647;2;0;2023-12-13 14:38:23.655586;124
6268059;6943523;4;0;2023-12-13 14:38:23.655586;124
7218987;7249173;6;0;2023-12-13 14:38:23.655586;124
6907398;6203663;8;0;2023-12-13 14:38:23.655586;124
5293766;4365317;10;0;2023-12-13 14:38:23.655586;124
3623522;3040988;12;0;2023-12-13 14:38:23.668587;125
2592019;2522446;14;0;2023-12-13 14:38:23.668587;125
2139095040;1119531374;246;19;2023-12-13 14:38:23.668587;125
2139095040;1111842478;247;19;2023-12-13 14:38:23.668587;125
2892672;3565763;0;0;2023-12-13 14:38:23.668587;125
4459922;5410764;2;0;2023-12-13 14:38:23.668587;125
6270512;6946241;4;0;2023-12-13 14:38:23.668587;125
7221811;7252019;6;0;2023-12-13 14:38:23.669584;125
6910096;6206090;8;0;2023-12-13 14:38:23.669584;125
5295836;4367025;10;0;2023-12-13 14:38:23.682951;126
3624940;3042177;12;0;2023-12-13 14:38:23.682951;126
2593033;2523432;14;0;2023-12-13 14:38:23.682951;126
2139095040;1119530232;248;19;2023-12-13 14:38:23.682951;126
2139095040;1111848885;249;19;2023-12-13 14:38:23.682951;126
2893804;3567159;0;0;2023-12-13 14:38:23.682951;126
4461667;5412881;2;0;2023-12-13 14:38:23.682951;126
6272965;6948958;4;0;2023-12-13 14:38:23.682951;126
7224637;7254853;6;0;2023-12-13 14:38:23.683587;126
6912800;6208518;8;0;2023-12-13 14:38:23.697188;127
5297907;4368732;10;0;2023-12-13 14:38:23.697188;127
3626358;3043367;12;0;2023-12-13 14:38:23.697188;127
2594047;2524419;14;0;2023-12-13 14:38:23.697361;127
2139095040;1119529083;250;19;2023-12-13 14:38:23.697361;127
2139095040;1111855286;251;19;2023-12-13 14:38:23.697361;127
2894936;3568554;0;0;2023-12-13 14:38:23.697361;127
4463411;5414998;2;0;2023-12-13 14:38:23.697361;127
6275418;6951676;4;0;2023-12-13 14:38:23.697361;127
7227463;7257689;6;0;2023-12-13 14:38:23.710869;128
6915506;6210947;8;0;2023-12-13 14:38:23.710869;128
5299979;4370440;10;0;2023-12-13 14:38:23.710869;128
3627777;3044558;12;0;2023-12-13 14:38:23.710869;128
2595061;2525406;14;0;2023-12-13 14:38:23.710869;128
2139095040;1119527941;252;19;2023-12-13 14:38:23.710869;128
2139095040;1111861667;253;19;2023-12-13 14:38:23.710869;128
2896069;3569949;0;0;2023-12-13 14:38:23.710869;128
4465157;5417114;2;0;2023-12-13 14:38:23.710869;128
6277870;6954393;4;0;2023-12-13 14:38:23.724839;129
7230288;7260530;6;0;2023-12-13 14:38:23.724839;129
6918212;6213375;8;0;2023-12-13 14:38:23.724839;129
5302052;4372149;10;0;2023-12-13 14:38:23.724839;129
3629196;3045748;12;0;2023-12-13 14:38:23.724839;129
2596076;2526394;14;0;2023-12-13 14:38:23.724839;129
2139095040;1119526777;254;19;2023-12-13 14:38:23.724839;129
2139095040;1111868036;255;19;2023-12-13 14:38:23.724839;129
2897201;3571347;0;0;2023-12-13 14:38:23.724839;129
4466904;5419233;2;0;2023-12-13 14:38:23.738834;130
6280325;6957113;4;0;2023-12-13 14:38:23.738834;130
7233115;7263364;6;0;2023-12-13 14:38:23.738834;130
6920919;6215805;8;0;2023-12-13 14:38:23.738834;130
5304125;4373859;10;0;2023-12-13 14:38:23.738834;130
3630614;3046938;12;0;2023-12-13 14:38:23.738834;130
2597091;2527381;14;0;2023-12-13 14:38:23.738834;130
2139095040;1119525628;0;20;2023-12-13 14:38:23.738834;130
2139095040;1111874404;1;20;2023-12-13 14:38:23.738834;130
2898334;3572742;0;0;2023-12-13 14:38:23.753036;131
4468650;5421351;2;0;2023-12-13 14:38:23.753036;131
6282778;6959831;4;0;2023-12-13 14:38:23.753036;131
7235941;7266200;6;0;2023-12-13 14:38:23.753036;131
6923625;6218235;8;0;2023-12-13 14:38:23.753036;131
5306198;4375569;10;0;2023-12-13 14:38:23.753036;131
3632033;3048129;12;0;2023-12-13 14:38:23.753036;131
2598105;2528369;14;0;2023-12-13 14:38:23.753036;131
2139095040;1119524481;2;20;2023-12-13 14:38:23.753036;131
2139095040;1111880773;3;20;2023-12-13 14:38:23.763381;132
2899466;3574137;0;0;2023-12-13 14:38:23.763381;132
4470394;5423467;2;0;2023-12-13 14:38:23.763381;132
6285232;6962549;4;0;2023-12-13 14:38:23.763381;132
7238766;7269041;6;0;2023-12-13 14:38:23.763381;132
6926327;6220662;8;0;2023-12-13 14:38:23.763381;132
5308270;4377278;10;0;2023-12-13 14:38:23.763381;132
3633452;3049319;12;0;2023-12-13 14:38:23.764382;132
2599120;2529356;14;0;2023-12-13 14:38:23.764382;132
2139095040;1119523352;4;20;2023-12-13 14:38:23.777685;133
2139095040;1111887105;5;20;2023-12-13 14:38:23.777685;133
2900599;3575533;0;0;2023-12-13 14:38:23.777685;133
4472140;5425587;2;0;2023-12-13 14:38:23.777685;133
6287688;6965271;4;0;2023-12-13 14:38:23.777685;133
7241594;7271883;6;0;2023-12-13 14:38:23.777685;133
6929034;6223093;8;0;2023-12-13 14:38:23.777685;133
5310344;4378989;10;0;2023-12-13 14:38:23.777685;133
3634872;3050511;12;0;2023-12-13 14:38:23.777685;133
2600135;2530344;14;0;2023-12-13 14:38:23.792043;134
2139095040;1119522200;6;20;2023-12-13 14:38:23.792043;134
2139095040;1111893434;7;20;2023-12-13 14:38:23.792043;134
2901731;3576930;0;0;2023-12-13 14:38:23.792043;134
4473886;5427707;2;0;2023-12-13 14:38:23.792043;134
6290144;6967991;4;0;2023-12-13 14:38:23.792043;134
7244422;7274716;6;0;2023-12-13 14:38:23.792043;134
6931741;6225523;8;0;2023-12-13 14:38:23.792043;134
5312418;4380699;10;0;2023-12-13 14:38:23.792043;134
3636292;3051703;12;0;2023-12-13 14:38:23.806067;135
2601150;2531332;14;0;2023-12-13 14:38:23.806067;135
2139095040;1119521051;8;20;2023-12-13 14:38:23.806067;135
2139095040;1111899745;9;20;2023-12-13 14:38:23.806067;135
2902863;3578326;0;0;2023-12-13 14:38:23.806067;135
4475632;5429826;2;0;2023-12-13 14:38:23.806067;135
6292599;6970711;4;0;2023-12-13 14:38:23.806067;135
7247249;7277552;6;0;2023-12-13 14:38:23.806067;135
6934447;6227952;8;0;2023-12-13 14:38:23.806067;135
5314491;4382408;10;0;2023-12-13 14:38:23.819738;136
3637710;3052894;12;0;2023-12-13 14:38:23.819738;136
2602165;2532319;14;0;2023-12-13 14:38:23.819738;136
2139095040;1119519907;10;20;2023-12-13 14:38:23.819738;136
2139095040;1111906044;11;20;2023-12-13 14:38:23.819738;136
2903995;3579720;0;0;2023-12-13 14:38:23.820219;136
4477376;5431942;2;0;2023-12-13 14:38:23.820219;136
6295053;6973428;4;0;2023-12-13 14:38:23.820219;136
7250072;7280392;6;0;2023-12-13 14:38:23.820219;136
6937147;6230379;8;0;2023-12-13 14:38:23.833861;137
5316561;4384116;10;0;2023-12-13 14:38:23.833861;137
3639128;3054083;12;0;2023-12-13 14:38:23.833861;137
2603179;2533306;14;0;2023-12-13 14:38:23.833861;137
2139095040;1119518799;12;20;2023-12-13 14:38:23.833861;137
2139095040;1111912338;13;20;2023-12-13 14:38:23.833861;137
2905127;3581115;0;0;2023-12-13 14:38:23.833861;137
4479121;5434059;2;0;2023-12-13 14:38:23.833861;137
6297506;6976147;4;0;2023-12-13 14:38:23.833861;137
7252902;7283222;6;0;2023-12-13 14:38:23.847887;138
6939852;6232809;8;0;2023-12-13 14:38:23.847887;138
5318636;4385828;10;0;2023-12-13 14:38:23.847887;138
3640547;3055275;12;0;2023-12-13 14:38:23.847887;138
2604195;2534294;14;0;2023-12-13 14:38:23.847887;138
2139095040;1119517676;14;20;2023-12-13 14:38:23.847887;138
2139095040;1111918619;15;20;2023-12-13 14:38:23.847887;138
2906259;3582512;0;0;2023-12-13 14:38:23.847887;138
4480867;5436178;2;0;2023-12-13 14:38:23.847887;138
6299960;6978866;4;0;2023-12-13 14:38:23.861804;139
7255727;7286061;6;0;2023-12-13 14:38:23.861804;139
6942556;6235236;8;0;2023-12-13 14:38:23.861804;139
5320708;4387538;10;0;2023-12-13 14:38:23.861804;139
3641965;3056465;12;0;2023-12-13 14:38:23.861804;139
2605210;2535282;14;0;2023-12-13 14:38:23.861804;139
2139095040;1119516529;16;20;2023-12-13 14:38:23.861804;139
2139095040;1111924890;17;20;2023-12-13 14:38:23.861804;139
2907392;3583908;0;0;2023-12-13 14:38:23.861804;139
4482613;5438296;2;0;2023-12-13 14:38:23.875458;140
6302415;6981586;4;0;2023-12-13 14:38:23.875458;140
7258556;7288891;6;0;2023-12-13 14:38:23.875458;140
6945261;6237664;8;0;2023-12-13 14:38:23.875458;140
5322780;4389247;10;0;2023-12-13 14:38:23.875458;140
3643385;3057656;12;0;2023-12-13 14:38:23.875458;140
2606225;2536270;14;0;2023-12-13 14:38:23.875458;140
2139095040;1119515430;18;20;2023-12-13 14:38:23.875458;140
2139095040;1111931186;19;20;2023-12-13 14:38:23.875458;140
2908525;3585305;0;0;2023-12-13 14:38:23.889759;141
4484359;5440415;2;0;2023-12-13 14:38:23.889759;141
6304871;6984306;4;0;2023-12-13 14:38:23.889759;141
7261383;7291724;6;0;2023-12-13 14:38:23.889759;141
6947968;6240094;8;0;2023-12-13 14:38:23.889759;141
5324853;4390957;10;0;2023-12-13 14:38:23.889759;141
3644803;3058846;12;0;2023-12-13 14:38:23.889759;141
2607240;2537257;14;0;2023-12-13 14:38:23.889759;141
2139095040;1119514304;20;20;2023-12-13 14:38:23.889759;141
2139095040;1111937419;21;20;2023-12-13 14:38:23.900498;142
2909658;3586700;0;0;2023-12-13 14:38:23.900498;142
4486105;5442533;2;0;2023-12-13 14:38:23.900498;142
6307325;6987026;4;0;2023-12-13 14:38:23.900498;142
7264210;7294562;6;0;2023-12-13 14:38:23.900498;142
6950674;6242522;8;0;2023-12-13 14:38:23.900498;142
5326926;4392667;10;0;2023-12-13 14:38:23.900498;142
3646223;3060037;12;0;2023-12-13 14:38:23.900498;142
2608255;2538245;14;0;2023-12-13 14:38:23.900498;142
2139095040;1119513190;22;20;2023-12-13 14:38:23.914496;143
2139095040;1111943664;23;20;2023-12-13 14:38:23.914496;143
2910790;3588096;0;0;2023-12-13 14:38:23.914496;143
4487850;5444650;2;0;2023-12-13 14:38:23.914496;143
6309779;6989744;4;0;2023-12-13 14:38:23.914496;143
7267036;7297397;6;0;2023-12-13 14:38:23.914496;143
6953380;6244950;8;0;2023-12-13 14:38:23.914496;143
5328999;4394376;10;0;2023-12-13 14:38:23.914496;143
3647642;3061227;12;0;2023-12-13 14:38:23.914496;143
2609270;2539232;14;0;2023-12-13 14:38:23.928656;144
2139095040;1119512085;24;20;2023-12-13 14:38:23.928656;144
2139095040;1111949902;25;20;2023-12-13 14:38:23.928656;144
2911923;3589492;0;0;2023-12-13 14:38:23.928656;144
4489596;5446768;2;0;2023-12-13 14:38:23.928656;144
6312234;6992465;4;0;2023-12-13 14:38:23.928656;144
7269863;7300231;6;0;2023-12-13 14:38:23.928656;144
6956087;6247380;8;0;2023-12-13 14:38:23.928656;144
5331072;4396086;10;0;2023-12-13 14:38:23.928656;144
3649061;3062418;12;0;2023-12-13 14:38:23.942192;145
2610286;2540219;14;0;2023-12-13 14:38:23.942192;145
2139095040;1119510959;26;20;2023-12-13 14:38:23.942192;145
2139095040;1111956120;27;20;2023-12-13 14:38:23.942192;145
2913056;3590888;0;0;2023-12-13 14:38:23.942192;145
4491342;5448886;2;0;2023-12-13 14:38:23.942192;145
6314688;6995183;4;0;2023-12-13 14:38:23.942192;145
7272690;7303063;6;0;2023-12-13 14:38:23.942192;145
6958793;6249809;8;0;2023-12-13 14:38:23.942192;145
5333145;4397795;10;0;2023-12-13 14:38:23.956190;146
3650480;3063609;12;0;2023-12-13 14:38:23.956190;146
2611301;2541207;14;0;2023-12-13 14:38:23.956190;146
2139095040;1119509851;28;20;2023-12-13 14:38:23.956190;146
2139095040;1111962328;29;20;2023-12-13 14:38:23.956190;146
2914188;3592285;0;0;2023-12-13 14:38:23.956190;146
4493089;5451006;2;0;2023-12-13 14:38:23.956190;146
6317145;6997904;4;0;2023-12-13 14:38:23.956190;146
7275518;7305905;6;0;2023-12-13 14:38:23.956190;146
6961499;6252239;8;0;2023-12-13 14:38:23.970412;147
5335218;4399505;10;0;2023-12-13 14:38:23.970412;147
3651900;3064800;12;0;2023-12-13 14:38:23.970412;147
2612316;2542195;14;0;2023-12-13 14:38:23.970412;147
2139095040;1119508748;30;20;2023-12-13 14:38:23.970816;147
2139095040;1111968529;31;20;2023-12-13 14:38:23.970816;147
2915320;3593680;0;0;2023-12-13 14:38:23.970816;147
4494835;5453124;2;0;2023-12-13 14:38:23.970816;147
6319600;7000622;4;0;2023-12-13 14:38:23.970816;147
7278344;7308736;6;0;2023-12-13 14:38:23.984566;148
6964206;6254668;8;0;2023-12-13 14:38:23.984566;148
5337291;4401214;10;0;2023-12-13 14:38:23.984566;148
3653319;3065991;12;0;2023-12-13 14:38:23.984566;148
2613331;2543184;14;0;2023-12-13 14:38:23.984566;148
2139095040;1119507637;32;20;2023-12-13 14:38:23.984566;148
2139095040;1111974722;33;20;2023-12-13 14:38:23.984566;148
2916451;3595075;0;0;2023-12-13 14:38:23.984566;148
4496580;5455241;2;0;2023-12-13 14:38:23.984566;148
6322053;7003342;4;0;2023-12-13 14:38:23.998501;149
7281171;7311570;6;0;2023-12-13 14:38:23.998501;149
6966911;6257096;8;0;2023-12-13 14:38:23.998501;149
5339364;4402922;10;0;2023-12-13 14:38:23.998501;149
3654737;3067181;12;0;2023-12-13 14:38:23.998501;149
2614346;2544172;14;0;2023-12-13 14:38:23.998501;149
2139095040;1119506524;34;20;2023-12-13 14:38:23.998501;149
2139095040;1111980894;35;20;2023-12-13 14:38:23.998501;149
2917583;3596470;0;0;2023-12-13 14:38:23.998501;149
4498324;5457358;2;0;2023-12-13 14:38:24.013508;150
6324508;7006061;4;0;2023-12-13 14:38:24.013508;150
7283997;7314404;6;0;2023-12-13 14:38:24.013508;150
6969615;6259525;8;0;2023-12-13 14:38:24.013508;150
5341435;4404630;10;0;2023-12-13 14:38:24.013508;150
3656155;3068372;12;0;2023-12-13 14:38:24.013508;150
2615361;2545159;14;0;2023-12-13 14:38:24.013508;150
2139095040;1119505430;36;20;2023-12-13 14:38:24.013508;150
2139095040;1111987047;37;20;2023-12-13 14:38:24.013508;150
2918716;3597867;0;0;2023-12-13 14:38:24.027130;151
4500069;5459475;2;0;2023-12-13 14:38:24.027130;151
6326962;7008779;4;0;2023-12-13 14:38:24.027130;151
7286823;7317243;6;0;2023-12-13 14:38:24.027130;151
6972319;6261953;8;0;2023-12-13 14:38:24.027130;151
5343507;4406340;10;0;2023-12-13 14:38:24.027130;151
3657574;3069563;12;0;2023-12-13 14:38:24.027130;151
2616376;2546147;14;0;2023-12-13 14:38:24.027130;151
2139095040;1119504348;38;20;2023-12-13 14:38:24.027130;151
2139095040;1111993214;39;20;2023-12-13 14:38:24.037352;152
2919848;3599263;0;0;2023-12-13 14:38:24.037352;152
4501815;5461592;2;0;2023-12-13 14:38:24.037352;152
6329416;7011496;4;0;2023-12-13 14:38:24.037352;152
7289649;7320078;6;0;2023-12-13 14:38:24.037352;152
6975024;6264382;8;0;2023-12-13 14:38:24.037352;152
5345579;4408049;10;0;2023-12-13 14:38:24.037352;152
3658993;3070754;12;0;2023-12-13 14:38:24.037352;152
2617391;2547134;14;0;2023-12-13 14:38:24.037352;152
2139095040;1119503253;40;20;2023-12-13 14:38:24.051388;153
2139095040;1111999339;41;20;2023-12-13 14:38:24.051388;153
2920979;3600658;0;0;2023-12-13 14:38:24.051388;153
4503561;5463711;2;0;2023-12-13 14:38:24.051388;153
6331870;7014215;4;0;2023-12-13 14:38:24.051388;153
7292476;7322910;6;0;2023-12-13 14:38:24.051388;153
6977729;6266811;8;0;2023-12-13 14:38:24.051388;153
5347652;4409758;10;0;2023-12-13 14:38:24.051388;153
3660412;3071945;12;0;2023-12-13 14:38:24.051388;153
2618406;2548122;14;0;2023-12-13 14:38:24.065353;154
2139095040;1119502150;42;20;2023-12-13 14:38:24.065353;154
2139095040;1112005482;43;20;2023-12-13 14:38:24.065353;154
2922111;3602054;0;0;2023-12-13 14:38:24.065353;154
4505307;5465829;2;0;2023-12-13 14:38:24.065353;154
6334324;7016933;4;0;2023-12-13 14:38:24.065353;154
7295302;7325753;6;0;2023-12-13 14:38:24.065353;154
6980432;6269241;8;0;2023-12-13 14:38:24.065353;154
5349725;4411468;10;0;2023-12-13 14:38:24.065353;154
3661831;3073135;12;0;2023-12-13 14:38:24.078928;155
2619422;2549110;14;0;2023-12-13 14:38:24.078928;155
2139095040;1119501057;44;20;2023-12-13 14:38:24.078928;155
2139095040;1112011611;45;20;2023-12-13 14:38:24.078928;155
2923244;3603450;0;0;2023-12-13 14:38:24.078928;155
4507054;5467947;2;0;2023-12-13 14:38:24.078928;155
6336777;7019652;4;0;2023-12-13 14:38:24.078928;155
7298128;7328588;6;0;2023-12-13 14:38:24.078928;155
6983137;6271670;8;0;2023-12-13 14:38:24.078928;155
5351797;4413177;10;0;2023-12-13 14:38:24.093029;156
3663250;3074326;12;0;2023-12-13 14:38:24.093029;156
2620439;2550098;14;0;2023-12-13 14:38:24.093029;156
2139095040;1119499994;46;20;2023-12-13 14:38:24.093029;156
2139095040;1112017732;47;20;2023-12-13 14:38:24.093029;156
2924377;3604845;0;0;2023-12-13 14:38:24.093029;156
4508799;5470064;2;0;2023-12-13 14:38:24.093029;156
6339231;7022371;4;0;2023-12-13 14:38:24.093029;156
7300954;7331432;6;0;2023-12-13 14:38:24.093029;156
6985842;6274099;8;0;2023-12-13 14:38:24.106797;157
5353869;4414887;10;0;2023-12-13 14:38:24.106797;157
3664669;3075517;12;0;2023-12-13 14:38:24.106797;157
2621454;2551086;14;0;2023-12-13 14:38:24.106797;157
2139095040;1119498923;48;20;2023-12-13 14:38:24.106797;157
2139095040;1112023842;49;20;2023-12-13 14:38:24.106797;157
2925509;3606239;0;0;2023-12-13 14:38:24.106797;157
4510545;5472181;2;0;2023-12-13 14:38:24.106797;157
6341683;7025089;4;0;2023-12-13 14:38:24.106797;157
7303778;7334273;6;0;2023-12-13 14:38:24.121280;158
6988543;6276526;8;0;2023-12-13 14:38:24.121280;158
5355940;4416595;10;0;2023-12-13 14:38:24.121280;158
3666087;3076707;12;0;2023-12-13 14:38:24.121280;158
2622468;2552073;14;0;2023-12-13 14:38:24.121280;158
2139095040;1119497847;50;20;2023-12-13 14:38:24.121280;158
2139095040;1112029943;51;20;2023-12-13 14:38:24.121280;158
2926641;3607635;0;0;2023-12-13 14:38:24.121280;158
4512292;5474300;2;0;2023-12-13 14:38:24.121280;158
6344137;7027809;4;0;2023-12-13 14:38:24.136279;159
7306605;7337108;6;0;2023-12-13 14:38:24.136279;159
6991250;6278955;8;0;2023-12-13 14:38:24.136279;159
5358013;4418304;10;0;2023-12-13 14:38:24.136279;159
3667506;3077898;12;0;2023-12-13 14:38:24.136279;159
2623482;2553062;14;0;2023-12-13 14:38:24.136279;159
2139095040;1119496772;52;20;2023-12-13 14:38:24.136279;159
2139095040;1112036028;53;20;2023-12-13 14:38:24.136279;159
2927773;3609031;0;0;2023-12-13 14:38:24.136279;159
4514039;5476417;2;0;2023-12-13 14:38:24.149277;160
6346591;7030529;4;0;2023-12-13 14:38:24.149277;160
7309432;7339950;6;0;2023-12-13 14:38:24.150278;160
6993952;6281383;8;0;2023-12-13 14:38:24.150278;160
5360085;4420012;10;0;2023-12-13 14:38:24.150278;160
3668925;3079088;12;0;2023-12-13 14:38:24.150278;160
2624497;2554049;14;0;2023-12-13 14:38:24.150278;160
2139095040;1119495711;54;20;2023-12-13 14:38:24.150278;160
2139095040;1112042109;55;20;2023-12-13 14:38:24.150278;160
2928905;3610427;0;0;2023-12-13 14:38:24.164170;161
4515785;5478536;2;0;2023-12-13 14:38:24.164170;161
6349045;7033247;4;0;2023-12-13 14:38:24.164170;161
7312259;7342793;6;0;2023-12-13 14:38:24.164170;161
6996656;6283812;8;0;2023-12-13 14:38:24.164170;161
5362159;4421721;10;0;2023-12-13 14:38:24.164170;161
3670344;3080279;12;0;2023-12-13 14:38:24.164170;161
2625513;2555037;14;0;2023-12-13 14:38:24.164170;161
2139095040;1119494645;56;20;2023-12-13 14:38:24.164170;161
2139095040;1112048172;57;20;2023-12-13 14:38:24.174257;162
2930038;3611823;0;0;2023-12-13 14:38:24.174257;162
4517532;5480657;2;0;2023-12-13 14:38:24.174257;162
6351502;7035968;4;0;2023-12-13 14:38:24.174257;162
7315088;7345629;6;0;2023-12-13 14:38:24.174257;162
6999362;6286242;8;0;2023-12-13 14:38:24.174257;162
5364232;4423430;10;0;2023-12-13 14:38:24.174257;162
3671763;3081471;12;0;2023-12-13 14:38:24.174257;162
2626529;2556025;14;0;2023-12-13 14:38:24.174257;162
2139095040;1119493567;58;20;2023-12-13 14:38:24.188092;163
2139095040;1112054233;59;20;2023-12-13 14:38:24.188092;163
2931170;3613218;0;0;2023-12-13 14:38:24.188092;163
4519277;5482774;2;0;2023-12-13 14:38:24.188092;163
6353957;7038686;4;0;2023-12-13 14:38:24.188092;163
7317914;7348462;6;0;2023-12-13 14:38:24.188092;163
7002066;6288671;8;0;2023-12-13 14:38:24.188092;163
5366305;4425140;10;0;2023-12-13 14:38:24.188092;163
3673181;3082661;12;0;2023-12-13 14:38:24.188092;163
2627544;2557013;14;0;2023-12-13 14:38:24.202108;164
2139095040;1119492491;60;20;2023-12-13 14:38:24.202108;164
2139095040;1112060282;61;20;2023-12-13 14:38:24.202108;164
2932302;3614613;0;0;2023-12-13 14:38:24.202108;164
4521023;5484892;2;0;2023-12-13 14:38:24.202108;164
6356412;7041405;4;0;2023-12-13 14:38:24.202108;164
7320739;7351305;6;0;2023-12-13 14:38:24.202108;164
7004765;6291099;8;0;2023-12-13 14:38:24.202108;164
5368377;4426848;10;0;2023-12-13 14:38:24.202108;164
3674598;3083851;12;0;2023-12-13 14:38:24.216059;165
2628558;2558001;14;0;2023-12-13 14:38:24.216059;165
2139095040;1119491411;62;20;2023-12-13 14:38:24.216059;165
2139095040;1112066304;63;20;2023-12-13 14:38:24.216059;165
2933435;3616010;0;0;2023-12-13 14:38:24.216059;165
4522770;5487012;2;0;2023-12-13 14:38:24.216059;165
6358868;7044126;4;0;2023-12-13 14:38:24.216059;165
7323565;7354143;6;0;2023-12-13 14:38:24.216059;165
7007470;6293528;8;0;2023-12-13 14:38:24.216059;165
5370449;4428557;10;0;2023-12-13 14:38:24.230020;166
3676017;3085041;12;0;2023-12-13 14:38:24.230020;166
2629573;2558988;14;0;2023-12-13 14:38:24.230020;166
2139095040;1119490347;64;20;2023-12-13 14:38:24.230020;166
2139095040;1112072317;65;20;2023-12-13 14:38:24.230020;166
2934566;3617404;0;0;2023-12-13 14:38:24.230020;166
4524515;5489129;2;0;2023-12-13 14:38:24.230020;166
6361322;7046845;4;0;2023-12-13 14:38:24.230020;166
7326392;7356981;6;0;2023-12-13 14:38:24.230020;166
7010176;6295957;8;0;2023-12-13 14:38:24.244859;167
5372521;4430266;10;0;2023-12-13 14:38:24.244859;167
3677435;3086231;12;0;2023-12-13 14:38:24.244859;167
2630589;2559975;14;0;2023-12-13 14:38:24.244859;167
2139095040;1119489293;66;20;2023-12-13 14:38:24.244859;167
2139095040;1112078340;67;20;2023-12-13 14:38:24.244859;167
2935698;3618799;0;0;2023-12-13 14:38:24.244859;167
4526260;5491246;2;0;2023-12-13 14:38:24.244859;167
6363775;7049561;4;0;2023-12-13 14:38:24.244859;167
7329215;7359824;6;0;2023-12-13 14:38:24.259200;168
7012878;6298385;8;0;2023-12-13 14:38:24.259200;168
5374592;4431975;10;0;2023-12-13 14:38:24.259200;168
3678853;3087420;12;0;2023-12-13 14:38:24.259200;168
2631604;2560962;14;0;2023-12-13 14:38:24.259200;168
2139095040;1119488251;68;20;2023-12-13 14:38:24.259200;168
2139095040;1112084344;69;20;2023-12-13 14:38:24.259200;168
2936830;3620195;0;0;2023-12-13 14:38:24.259200;168
4528004;5493363;2;0;2023-12-13 14:38:24.259200;168
6366229;7052279;4;0;2023-12-13 14:38:24.272183;169
7332042;7362653;6;0;2023-12-13 14:38:24.272183;169
7015582;6300814;8;0;2023-12-13 14:38:24.273183;169
5376665;4433684;10;0;2023-12-13 14:38:24.273183;169
3680272;3088611;12;0;2023-12-13 14:38:24.273183;169
2632619;2561950;14;0;2023-12-13 14:38:24.273183;169
2139095040;1119487189;70;20;2023-12-13 14:38:24.273183;169
2139095040;1112090355;71;20;2023-12-13 14:38:24.273183;169
2937962;3621591;0;0;2023-12-13 14:38:24.273183;169
4529749;5495481;2;0;2023-12-13 14:38:24.287184;170
6368684;7054999;4;0;2023-12-13 14:38:24.287184;170
7334870;7365490;6;0;2023-12-13 14:38:24.287184;170
7018287;6303243;8;0;2023-12-13 14:38:24.287184;170
5378738;4435393;10;0;2023-12-13 14:38:24.287184;170
3681691;3089802;12;0;2023-12-13 14:38:24.287184;170
2633633;2562937;14;0;2023-12-13 14:38:24.287184;170
2139095040;1119486130;72;20;2023-12-13 14:38:24.287184;170
2139095040;1112096334;73;20;2023-12-13 14:38:24.287184;170
2939095;3622987;0;0;2023-12-13 14:38:24.298894;171
4531495;5497600;2;0;2023-12-13 14:38:24.298894;171
