5074303;5980678;4;0;2023-12-13 15:37:05.899282;1
7623378;9694281;6;0;2023-12-13 15:37:05.900129;1
11855083;13839059;8;0;2023-12-13 15:37:05.900129;1
15436755;16104347;10;0;2023-12-13 15:37:05.900129;1
16141576;15420455;12;0;2023-12-13 15:37:05.900129;1
13904965;11893189;14;0;2023-12-13 15:37:05.900129;1
1119885646;1119506326;246;48;2023-12-13 15:37:05.910119;2
1119878890;1115779892;247;48;2023-12-13 15:37:05.910119;2
9681092;7613118;0;0;2023-12-13 15:37:05.910119;2
5941087;5056377;2;0;2023-12-13 15:37:05.911120;2
5075112;5981633;4;0;2023-12-13 15:37:05.911120;2
7624595;9695827;6;0;2023-12-13 15:37:05.911120;2
11856974;13841265;8;0;2023-12-13 15:37:05.911120;2
15439216;16106914;10;0;2023-12-13 15:37:05.911120;2
16144146;15422917;12;0;2023-12-13 15:37:05.911120;2
13907182;11895086;14;0;2023-12-13 15:37:05.918811;3
1119883748;1119506100;248;48;2023-12-13 15:37:05.918811;3
1119877056;1115779313;249;48;2023-12-13 15:37:05.918811;3
9682635;7614330;0;0;2023-12-13 15:37:05.918811;3
5942034;5057183;2;0;2023-12-13 15:37:05.919140;3
5075921;5982588;4;0;2023-12-13 15:37:05.919140;3
7625810;9697373;6;0;2023-12-13 15:37:05.919140;3
11858865;13843473;8;0;2023-12-13 15:37:05.919140;3
15441677;16109483;10;0;2023-12-13 15:37:05.919140;3
16146720;15425378;12;0;2023-12-13 15:37:05.929687;4
13909400;11896983;14;0;2023-12-13 15:37:05.929687;4
1119881849;1119505853;250;48;2023-12-13 15:37:05.929687;4
1119875225;1115778766;251;48;2023-12-13 15:37:05.929687;4
9684179;7615543;0;0;2023-12-13 15:37:05.929687;4
5942980;5057988;2;0;2023-12-13 15:37:05.929687;4
5076729;5983542;4;0;2023-12-13 15:37:05.929687;4
7627026;9698920;6;0;2023-12-13 15:37:05.929687;4
11860756;13845680;8;0;2023-12-13 15:37:05.929687;4
15444139;16112054;10;0;2023-12-13 15:37:05.941053;5
16149298;15427835;12;0;2023-12-13 15:37:05.941053;5
13911617;11898880;14;0;2023-12-13 15:37:05.941053;5
1119879957;1119505649;252;48;2023-12-13 15:37:05.941053;5
1119873394;1115778195;253;48;2023-12-13 15:37:05.941053;5
9685723;7616758;0;0;2023-12-13 15:37:05.941053;5
5943928;5058795;2;0;2023-12-13 15:37:05.941053;5
5077538;5984497;4;0;2023-12-13 15:37:05.941053;5
7628241;9700465;6;0;2023-12-13 15:37:05.941053;5
11862646;13847886;8;0;2023-12-13 15:37:05.950921;6
15446599;16114620;10;0;2023-12-13 15:37:05.950921;6
16151868;15430293;12;0;2023-12-13 15:37:05.951956;6
13913833;11900776;14;0;2023-12-13 15:37:05.951956;6
1119878055;1119505444;254;48;2023-12-13 15:37:05.951956;6
1119871564;1115777618;255;48;2023-12-13 15:37:05.951956;6
9687266;7617973;0;0;2023-12-13 15:37:05.951956;6
5944876;5059603;2;0;2023-12-13 15:37:05.951956;6
5078348;5985452;4;0;2023-12-13 15:37:05.951956;6
7629457;9702012;6;0;2023-12-13 15:37:05.962926;7
11864537;13850092;8;0;2023-12-13 15:37:05.963168;7
15449062;16117187;10;0;2023-12-13 15:37:05.963168;7
16154439;15432756;12;0;2023-12-13 15:37:05.963168;7
13916052;11902673;14;0;2023-12-13 15:37:05.963168;7
1119876164;1119505252;0;49;2023-12-13 15:37:05.963168;7
1119869737;1115777068;1;49;2023-12-13 15:37:05.963168;7
9688809;7619187;0;0;2023-12-13 15:37:05.963168;7
5945823;5060409;2;0;2023-12-13 15:37:05.963168;7
5079157;5986405;4;0;2023-12-13 15:37:05.972562;8
7630673;9703558;6;0;2023-12-13 15:37:05.972562;8
11866427;13852300;8;0;2023-12-13 15:37:05.972562;8
15451525;16119753;10;0;2023-12-13 15:37:05.972562;8
16157008;15435220;12;0;2023-12-13 15:37:05.972562;8
13918271;11904571;14;0;2023-12-13 15:37:05.972562;8
1119874265;1119505026;2;49;2023-12-13 15:37:05.972562;8
1119867912;1115776543;3;49;2023-12-13 15:37:05.972562;8
9690353;7620401;0;0;2023-12-13 15:37:05.973147;8
5946770;5061215;2;0;2023-12-13 15:37:05.983229;9
5079966;5987358;4;0;2023-12-13 15:37:05.983229;9
7631888;9705104;6;0;2023-12-13 15:37:05.983229;9
11868319;13854507;8;0;2023-12-13 15:37:05.983229;9
15453988;16122324;10;0;2023-12-13 15:37:05.983229;9
16159583;15437682;12;0;2023-12-13 15:37:05.983229;9
13920489;11906467;14;0;2023-12-13 15:37:05.984212;9
1119872370;1119504809;4;49;2023-12-13 15:37:05.984212;9
1119866081;1115775990;5;49;2023-12-13 15:37:05.984212;9
9691897;7621616;0;0;2023-12-13 15:37:05.994463;10
5947717;5062022;2;0;2023-12-13 15:37:05.994463;10
5080775;5988311;4;0;2023-12-13 15:37:05.994463;10
7633103;9706650;6;0;2023-12-13 15:37:05.994463;10
11870210;13856713;8;0;2023-12-13 15:37:05.994463;10
15456450;16124892;10;0;2023-12-13 15:37:05.994463;10
16162154;15440140;12;0;2023-12-13 15:37:05.994463;10
13922706;11908362;14;0;2023-12-13 15:37:05.994463;10
1119870479;1119504614;6;49;2023-12-13 15:37:05.994463;10
1119864249;1115775442;7;49;2023-12-13 15:37:06.004294;11
9693441;7622831;0;0;2023-12-13 15:37:06.004294;11
5948664;5062828;2;0;2023-12-13 15:37:06.004294;11
5081584;5989263;4;0;2023-12-13 15:37:06.004294;11
7634318;9708197;6;0;2023-12-13 15:37:06.004294;11
11872101;13858921;8;0;2023-12-13 15:37:06.004294;11
15458911;16127460;10;0;2023-12-13 15:37:06.004294;11
16164728;15442597;12;0;2023-12-13 15:37:06.004294;11
13924925;11910260;14;0;2023-12-13 15:37:06.004294;11
1119868587;1119504388;8;49;2023-12-13 15:37:06.015445;12
1119862423;1115774867;9;49;2023-12-13 15:37:06.015445;12
9694985;7624045;0;0;2023-12-13 15:37:06.015445;12
5949612;5063634;2;0;2023-12-13 15:37:06.015445;12
5082394;5990218;4;0;2023-12-13 15:37:06.015445;12
7635534;9709744;6;0;2023-12-13 15:37:06.015445;12
11873992;13861127;8;0;2023-12-13 15:37:06.015445;12
15461371;16130029;10;0;2023-12-13 15:37:06.015445;12
16167306;15445051;12;0;2023-12-13 15:37:06.015445;12
13927142;11912157;14;0;2023-12-13 15:37:06.026295;13
1119866698;1119504168;10;49;2023-12-13 15:37:06.026295;13
1119860600;1115774314;11;49;2023-12-13 15:37:06.026295;13
9696529;7625259;0;0;2023-12-13 15:37:06.026295;13
5950561;5064441;2;0;2023-12-13 15:37:06.026295;13
5083205;5991172;4;0;2023-12-13 15:37:06.026295;13
7636751;9711292;6;0;2023-12-13 15:37:06.026295;13
11875885;13863337;8;0;2023-12-13 15:37:06.026295;13
15463836;16132599;10;0;2023-12-13 15:37:06.026295;13
16169883;15447515;12;0;2023-12-13 15:37:06.037306;14
13929362;11914056;14;0;2023-12-13 15:37:06.037306;14
1119864799;1119503970;12;49;2023-12-13 15:37:06.037306;14
1119858772;1115773761;13;49;2023-12-13 15:37:06.037306;14
9698076;7626476;0;0;2023-12-13 15:37:06.037306;14
5951511;5065249;2;0;2023-12-13 15:37:06.037306;14
5084015;5992128;4;0;2023-12-13 15:37:06.037306;14
7637969;9712840;6;0;2023-12-13 15:37:06.037306;14
11877778;13865547;8;0;2023-12-13 15:37:06.037306;14
15466300;16135169;10;0;2023-12-13 15:37:06.047119;15
16172462;15449978;12;0;2023-12-13 15:37:06.047119;15
13931582;11915955;14;0;2023-12-13 15:37:06.047119;15
1119862901;1119503742;14;49;2023-12-13 15:37:06.047119;15
1119856947;1115773241;15;49;2023-12-13 15:37:06.047754;15
9699621;7627690;0;0;2023-12-13 15:37:06.047754;15
5952458;5066056;2;0;2023-12-13 15:37:06.047754;15
5084825;5993083;4;0;2023-12-13 15:37:06.047754;15
7639186;9714388;6;0;2023-12-13 15:37:06.047754;15
11879671;13867756;8;0;2023-12-13 15:37:06.057788;16
15468764;16137739;10;0;2023-12-13 15:37:06.057788;16
16175038;15452441;12;0;2023-12-13 15:37:06.057788;16
13933803;11917853;14;0;2023-12-13 15:37:06.057788;16
1119861015;1119503547;16;49;2023-12-13 15:37:06.057788;16
1119855123;1115772698;17;49;2023-12-13 15:37:06.057788;16
9701167;7628905;0;0;2023-12-13 15:37:06.058785;16
5953406;5066862;2;0;2023-12-13 15:37:06.058785;16
5085634;5994038;4;0;2023-12-13 15:37:06.058785;16
7640403;9715936;6;0;2023-12-13 15:37:06.069335;17
11881563;13869965;8;0;2023-12-13 15:37:06.069335;17
15471228;16140308;10;0;2023-12-13 15:37:06.069335;17
16177615;15454902;12;0;2023-12-13 15:37:06.069335;17
13936022;11919752;14;0;2023-12-13 15:37:06.069335;17
1119859122;1119503328;18;49;2023-12-13 15:37:06.069335;17
1119853300;1115772179;19;49;2023-12-13 15:37:06.069335;17
9702711;7630119;0;0;2023-12-13 15:37:06.069335;17
5954354;5067668;2;0;2023-12-13 15:37:06.069335;17
5086443;5994994;4;0;2023-12-13 15:37:06.080256;18
7641620;9717482;6;0;2023-12-13 15:37:06.080256;18
11883456;13872174;8;0;2023-12-13 15:37:06.080256;18
15473693;16142877;10;0;2023-12-13 15:37:06.080256;18
16180188;15457367;12;0;2023-12-13 15:37:06.080256;18
13938242;11921650;14;0;2023-12-13 15:37:06.080256;18
1119857236;1119503088;20;49;2023-12-13 15:37:06.081038;18
1119851475;1115771663;21;49;2023-12-13 15:37:06.081038;18
9704255;7631333;0;0;2023-12-13 15:37:06.081038;18
5955302;5068474;2;0;2023-12-13 15:37:06.091755;19
5087252;5995948;4;0;2023-12-13 15:37:06.091755;19
7642836;9719029;6;0;2023-12-13 15:37:06.091755;19
11885349;13874384;8;0;2023-12-13 15:37:06.091755;19
15476157;16145447;10;0;2023-12-13 15:37:06.091755;19
16182762;15459827;12;0;2023-12-13 15:37:06.091755;19
13940461;11923547;14;0;2023-12-13 15:37:06.091755;19
1119855347;1119502876;22;49;2023-12-13 15:37:06.091755;19
1119849661;1115771117;23;49;2023-12-13 15:37:06.091755;19
9705800;7632548;0;0;2023-12-13 15:37:06.101409;20
5956250;5069282;2;0;2023-12-13 15:37:06.101501;20
5088062;5996904;4;0;2023-12-13 15:37:06.101501;20
7644053;9720577;6;0;2023-12-13 15:37:06.101501;20
11887239;13876590;8;0;2023-12-13 15:37:06.101501;20
15478620;16148014;10;0;2023-12-13 15:37:06.101501;20
16185334;15462286;12;0;2023-12-13 15:37:06.101501;20
13942679;11925444;14;0;2023-12-13 15:37:06.101501;20
1119853462;1119502667;24;49;2023-12-13 15:37:06.101501;20
1119847838;1115770588;25;49;2023-12-13 15:37:06.112749;21
9707345;7633763;0;0;2023-12-13 15:37:06.112749;21
5957198;5070089;2;0;2023-12-13 15:37:06.112749;21
5088873;5997859;4;0;2023-12-13 15:37:06.112749;21
7645270;9722125;6;0;2023-12-13 15:37:06.112749;21
11889132;13878798;8;0;2023-12-13 15:37:06.112749;21
15481083;16150584;10;0;2023-12-13 15:37:06.112749;21
16187912;15464746;12;0;2023-12-13 15:37:06.112749;21
13944898;11927343;14;0;2023-12-13 15:37:06.112749;21
1119851577;1119502476;26;49;2023-12-13 15:37:06.121939;22
1119846020;1115770060;27;49;2023-12-13 15:37:06.121939;22
9708890;7634978;0;0;2023-12-13 15:37:06.121939;22
5958146;5070895;2;0;2023-12-13 15:37:06.122501;22
5089683;5998814;4;0;2023-12-13 15:37:06.122501;22
7646487;9723672;6;0;2023-12-13 15:37:06.122501;22
11891023;13881006;8;0;2023-12-13 15:37:06.122501;22
15483548;16153153;10;0;2023-12-13 15:37:06.122501;22
16190487;15467213;12;0;2023-12-13 15:37:06.122501;22
13947118;11929242;14;0;2023-12-13 15:37:06.132500;23
1119849691;1119502274;28;49;2023-12-13 15:37:06.133500;23
1119844198;1115769520;29;49;2023-12-13 15:37:06.133500;23
9710434;7636192;0;0;2023-12-13 15:37:06.133500;23
5959093;5071702;2;0;2023-12-13 15:37:06.133500;23
5090492;5999769;4;0;2023-12-13 15:37:06.133500;23
7647704;9725219;6;0;2023-12-13 15:37:06.133500;23
11892915;13883214;8;0;2023-12-13 15:37:06.133500;23
15486011;16155722;10;0;2023-12-13 15:37:06.133500;23
16193059;15469677;12;0;2023-12-13 15:37:06.144507;24
13949338;11931140;14;0;2023-12-13 15:37:06.144507;24
1119847805;1119502070;30;49;2023-12-13 15:37:06.144507;24
1119842385;1115768984;31;49;2023-12-13 15:37:06.144507;24
9711979;7637407;0;0;2023-12-13 15:37:06.144507;24
5960040;5072509;2;0;2023-12-13 15:37:06.144507;24
5091302;6000723;4;0;2023-12-13 15:37:06.144507;24
7648921;9726766;6;0;2023-12-13 15:37:06.144507;24
11894808;13885424;8;0;2023-12-13 15:37:06.144507;24
15488476;16158292;10;0;2023-12-13 15:37:06.154983;25
16195637;15472139;12;0;2023-12-13 15:37:06.154983;25
13951558;11933039;14;0;2023-12-13 15:37:06.154983;25
1119845917;1119501861;32;49;2023-12-13 15:37:06.154983;25
1119840562;1115768433;33;49;2023-12-13 15:37:06.154983;25
9713521;7638621;0;0;2023-12-13 15:37:06.154983;25
5960986;5073315;2;0;2023-12-13 15:37:06.154983;25
5092111;6001676;4;0;2023-12-13 15:37:06.154983;25
7650136;9728312;6;0;2023-12-13 15:37:06.156021;25
11896700;13887633;8;0;2023-12-13 15:37:06.166209;26
15490941;16160862;10;0;2023-12-13 15:37:06.166209;26
16198210;15474607;12;0;2023-12-13 15:37:06.166209;26
13953778;11934937;14;0;2023-12-13 15:37:06.166209;26
1119844035;1119501686;34;49;2023-12-13 15:37:06.166209;26
1119838757;1115767892;35;49;2023-12-13 15:37:06.166209;26
9715066;7639836;0;0;2023-12-13 15:37:06.166209;26
5961935;5074122;2;0;2023-12-13 15:37:06.166209;26
5092921;6002631;4;0;2023-12-13 15:37:06.166209;26
7651353;9729860;6;0;2023-12-13 15:37:06.175896;27
11898591;13889841;8;0;2023-12-13 15:37:06.175896;27
15493405;16163431;10;0;2023-12-13 15:37:06.175896;27
16200789;15477069;12;0;2023-12-13 15:37:06.175896;27
13955998;11936837;14;0;2023-12-13 15:37:06.175896;27
1119842151;1119501467;36;49;2023-12-13 15:37:06.175896;27
1119836936;1115767355;37;49;2023-12-13 15:37:06.175896;27
9716611;7641051;0;0;2023-12-13 15:37:06.175896;27
5962884;5074930;2;0;2023-12-13 15:37:06.175896;27
5093732;6003588;4;0;2023-12-13 15:37:06.187194;28
7652569;9731409;6;0;2023-12-13 15:37:06.187194;28
11900484;13892049;8;0;2023-12-13 15:37:06.187194;28
15495870;16166002;10;0;2023-12-13 15:37:06.187194;28
16203367;15479532;12;0;2023-12-13 15:37:06.187194;28
13958218;11938735;14;0;2023-12-13 15:37:06.187194;28
1119840265;1119501271;38;49;2023-12-13 15:37:06.187194;28
1119835129;1115766831;39;49;2023-12-13 15:37:06.187194;28
9718158;7642268;0;0;2023-12-13 15:37:06.187194;28
5963834;5075739;2;0;2023-12-13 15:37:06.197582;29
5094543;6004543;4;0;2023-12-13 15:37:06.197582;29
7653786;9732956;6;0;2023-12-13 15:37:06.197582;29
11902377;13894261;8;0;2023-12-13 15:37:06.197582;29
15498335;16168571;10;0;2023-12-13 15:37:06.197582;29
16205941;15481996;12;0;2023-12-13 15:37:06.197582;29
13960436;11940633;14;0;2023-12-13 15:37:06.197582;29
1119838383;1119501090;40;49;2023-12-13 15:37:06.197582;29
1119833312;1115766312;41;49;2023-12-13 15:37:06.198615;29
9719704;7643483;0;0;2023-12-13 15:37:06.209392;30
5964782;5076545;2;0;2023-12-13 15:37:06.209392;30
5095352;6005496;4;0;2023-12-13 15:37:06.209392;30
7655002;9734503;6;0;2023-12-13 15:37:06.209618;30
11904268;13896469;8;0;2023-12-13 15:37:06.209618;30
15500797;16171140;10;0;2023-12-13 15:37:06.209618;30
16208520;15484455;12;0;2023-12-13 15:37:06.209618;30
13962655;11942531;14;0;2023-12-13 15:37:06.209618;30
1119836502;1119500904;42;49;2023-12-13 15:37:06.209618;30
1119831503;1115765784;43;49;2023-12-13 15:37:06.219347;31
9721249;7644699;0;0;2023-12-13 15:37:06.219347;31
5965732;5077352;2;0;2023-12-13 15:37:06.219347;31
5096162;6006450;4;0;2023-12-13 15:37:06.219347;31
7656219;9736050;6;0;2023-12-13 15:37:06.219615;31
11906159;13898679;8;0;2023-12-13 15:37:06.219615;31
15503262;16173711;10;0;2023-12-13 15:37:06.219615;31
16211101;15486916;12;0;2023-12-13 15:37:06.219615;31
13964876;11944430;14;0;2023-12-13 15:37:06.219615;31
1119834620;1119500713;44;49;2023-12-13 15:37:06.230033;32
1119829692;1115765259;45;49;2023-12-13 15:37:06.230033;32
9722795;7645915;0;0;2023-12-13 15:37:06.230033;32
5966680;5078159;2;0;2023-12-13 15:37:06.230033;32
5096973;6007406;4;0;2023-12-13 15:37:06.230033;32
7657437;9737598;6;0;2023-12-13 15:37:06.230583;32
11908053;13900889;8;0;2023-12-13 15:37:06.230583;32
15505729;16176283;10;0;2023-12-13 15:37:06.230583;32
16213680;15489383;12;0;2023-12-13 15:37:06.230583;32
13967098;11946331;14;0;2023-12-13 15:37:06.240592;33
1119832737;1119500525;46;49;2023-12-13 15:37:06.240592;33
1119827875;1115764722;47;49;2023-12-13 15:37:06.240592;33
9724341;7647132;0;0;2023-12-13 15:37:06.240592;33
5967629;5078967;2;0;2023-12-13 15:37:06.240592;33
5097784;6008362;4;0;2023-12-13 15:37:06.240592;33
7658654;9739146;6;0;2023-12-13 15:37:06.240592;33
11909945;13903097;8;0;2023-12-13 15:37:06.240592;33
15508192;16178856;10;0;2023-12-13 15:37:06.241592;33
16216262;15491842;12;0;2023-12-13 15:37:06.250656;34
13969318;11948229;14;0;2023-12-13 15:37:06.250656;34
1119830856;1119500311;48;49;2023-12-13 15:37:06.250656;34
1119826073;1115764203;49;49;2023-12-13 15:37:06.250656;34
9725887;7648348;0;0;2023-12-13 15:37:06.250656;34
5968578;5079775;2;0;2023-12-13 15:37:06.250656;34
5098594;6009318;4;0;2023-12-13 15:37:06.250656;34
7659872;9740695;6;0;2023-12-13 15:37:06.250656;34
11911839;13905308;8;0;2023-12-13 15:37:06.250656;34
15510658;16181426;10;0;2023-12-13 15:37:06.261656;35
16218837;15494308;12;0;2023-12-13 15:37:06.261656;35
13971538;11950128;14;0;2023-12-13 15:37:06.261656;35
1119828977;1119500124;50;49;2023-12-13 15:37:06.261656;35
1119824263;1115763666;51;49;2023-12-13 15:37:06.261656;35
9727432;7649562;0;0;2023-12-13 15:37:06.261656;35
5969525;5080582;2;0;2023-12-13 15:37:06.261656;35
5099404;6010272;4;0;2023-12-13 15:37:06.261656;35
7661088;9742242;6;0;2023-12-13 15:37:06.261656;35
11913730;13907516;8;0;2023-12-13 15:37:06.273021;36
15513121;16183994;10;0;2023-12-13 15:37:06.273021;36
16221412;15496767;12;0;2023-12-13 15:37:06.273021;36
13973757;11952026;14;0;2023-12-13 15:37:06.273021;36
1119827101;1119499913;52;49;2023-12-13 15:37:06.273021;36
1119822453;1115763119;53;49;2023-12-13 15:37:06.273021;36
9728978;7650778;0;0;2023-12-13 15:37:06.273021;36
5970475;5081389;2;0;2023-12-13 15:37:06.273021;36
5100214;6011228;4;0;2023-12-13 15:37:06.273021;36
7662305;9743790;6;0;2023-12-13 15:37:06.284022;37
11915623;13909726;8;0;2023-12-13 15:37:06.284022;37
15515587;16186562;10;0;2023-12-13 15:37:06.284022;37
16223989;15499228;12;0;2023-12-13 15:37:06.284022;37
13975976;11953925;14;0;2023-12-13 15:37:06.284022;37
1119825222;1119499713;54;49;2023-12-13 15:37:06.284022;37
1119820646;1115762581;55;49;2023-12-13 15:37:06.284022;37
9730522;7651993;0;0;2023-12-13 15:37:06.284022;37
5971423;5082195;2;0;2023-12-13 15:37:06.284022;37
5101023;6012182;4;0;2023-12-13 15:37:06.295385;38
7663522;9745337;6;0;2023-12-13 15:37:06.295385;38
11917515;13911935;8;0;2023-12-13 15:37:06.295385;38
15518051;16189129;10;0;2023-12-13 15:37:06.295385;38
16226563;15501693;12;0;2023-12-13 15:37:06.295385;38
13978195;11955823;14;0;2023-12-13 15:37:06.295385;38
1119823348;1119499536;56;49;2023-12-13 15:37:06.295385;38
1119818841;1115762050;57;49;2023-12-13 15:37:06.295385;38
9732068;7653209;0;0;2023-12-13 15:37:06.295385;38
5972371;5083000;2;0;2023-12-13 15:37:06.305024;39
5101831;6013136;4;0;2023-12-13 15:37:06.305024;39
7664738;9746884;6;0;2023-12-13 15:37:06.305024;39
11919406;13914143;8;0;2023-12-13 15:37:06.305024;39
15520515;16191699;10;0;2023-12-13 15:37:06.305024;39
16229143;15504152;12;0;2023-12-13 15:37:06.305024;39
13980415;11957723;14;0;2023-12-13 15:37:06.305024;39
1119821471;1119499347;58;49;2023-12-13 15:37:06.305024;39
1119817035;1115761530;59;49;2023-12-13 15:37:06.305024;39
9733612;7654422;0;0;2023-12-13 15:37:06.316024;40
5973318;5083805;2;0;2023-12-13 15:37:06.316024;40
5102640;6014090;4;0;2023-12-13 15:37:06.316024;40
7665953;9748430;6;0;2023-12-13 15:37:06.316024;40
11921298;13916351;8;0;2023-12-13 15:37:06.316024;40
15522977;16194270;10;0;2023-12-13 15:37:06.316024;40
16231720;15506611;12;0;2023-12-13 15:37:06.316024;40
13982634;11959621;14;0;2023-12-13 15:37:06.316024;40
1119819598;1119499143;60;49;2023-12-13 15:37:06.316024;40
1119815225;1115761018;61;49;2023-12-13 15:37:06.325110;41
9735157;7655635;0;0;2023-12-13 15:37:06.325110;41
5974266;5084612;2;0;2023-12-13 15:37:06.326026;41
5103450;6015044;4;0;2023-12-13 15:37:06.326026;41
7667168;9749976;6;0;2023-12-13 15:37:06.326026;41
11923189;13918559;8;0;2023-12-13 15:37:06.326026;41
15525441;16196840;10;0;2023-12-13 15:37:06.326026;41
16234296;15509070;12;0;2023-12-13 15:37:06.326026;41
13984852;11961519;14;0;2023-12-13 15:37:06.326026;41
1119817730;1119498930;62;49;2023-12-13 15:37:06.337022;42
1119813424;1115760516;63;49;2023-12-13 15:37:06.337022;42
9736701;7656849;0;0;2023-12-13 15:37:06.337022;42
5975212;5085418;2;0;2023-12-13 15:37:06.337022;42
5104259;6015997;4;0;2023-12-13 15:37:06.337022;42
7668384;9751523;6;0;2023-12-13 15:37:06.337022;42
11925080;13920767;8;0;2023-12-13 15:37:06.337022;42
15527903;16199411;10;0;2023-12-13 15:37:06.337022;42
16236873;15511527;12;0;2023-12-13 15:37:06.337022;42
13987069;11963416;14;0;2023-12-13 15:37:06.347024;43
1119815859;1119498701;64;49;2023-12-13 15:37:06.348026;43
1119811620;1115760013;65;49;2023-12-13 15:37:06.348026;43
9738244;7658063;0;0;2023-12-13 15:37:06.348026;43
5976159;5086223;2;0;2023-12-13 15:37:06.348026;43
5105068;6016951;4;0;2023-12-13 15:37:06.348026;43
7669600;9753070;6;0;2023-12-13 15:37:06.348026;43
11926973;13922976;8;0;2023-12-13 15:37:06.348026;43
15530367;16201979;10;0;2023-12-13 15:37:06.348026;43
16239443;15513989;12;0;2023-12-13 15:37:06.359063;44
13989287;11965313;14;0;2023-12-13 15:37:06.359063;44
1119813987;1119498487;66;49;2023-12-13 15:37:06.359063;44
1119809815;1115759505;67;49;2023-12-13 15:37:06.359063;44
9739789;7659278;0;0;2023-12-13 15:37:06.359063;44
5977107;5087029;2;0;2023-12-13 15:37:06.359063;44
5105878;6017906;4;0;2023-12-13 15:37:06.359063;44
7670818;9754617;6;0;2023-12-13 15:37:06.359063;44
11928865;13925184;8;0;2023-12-13 15:37:06.359063;44
15532829;16204551;10;0;2023-12-13 15:37:06.370114;45
16242023;15516445;12;0;2023-12-13 15:37:06.370114;45
13991505;11967210;14;0;2023-12-13 15:37:06.370114;45
1119812116;1119498290;68;49;2023-12-13 15:37:06.370114;45
1119808013;1115758991;69;49;2023-12-13 15:37:06.370114;45
9741335;7660493;0;0;2023-12-13 15:37:06.370114;45
5978055;5087836;2;0;2023-12-13 15:37:06.370114;45
5106687;6018861;4;0;2023-12-13 15:37:06.370114;45
7672036;9756164;6;0;2023-12-13 15:37:06.370114;45
11930757;13927392;8;0;2023-12-13 15:37:06.379839;46
15535293;16207118;10;0;2023-12-13 15:37:06.379839;46
16244594;15518911;12;0;2023-12-13 15:37:06.379839;46
13993724;11969108;14;0;2023-12-13 15:37:06.379839;46
1119810246;1119498115;70;49;2023-12-13 15:37:06.380057;46
1119806209;1115758482;71;49;2023-12-13 15:37:06.380111;46
9742879;7661707;0;0;2023-12-13 15:37:06.380111;46
5979003;5088643;2;0;2023-12-13 15:37:06.380111;46
5107497;6019815;4;0;2023-12-13 15:37:06.380111;46
7673251;9757710;6;0;2023-12-13 15:37:06.390024;47
11932648;13929601;8;0;2023-12-13 15:37:06.391023;47
15537758;16209691;10;0;2023-12-13 15:37:06.391023;47
16247176;15521370;12;0;2023-12-13 15:37:06.391023;47
13995945;11971007;14;0;2023-12-13 15:37:06.391023;47
1119808378;1119497916;72;49;2023-12-13 15:37:06.391023;47
1119804411;1115757994;73;49;2023-12-13 15:37:06.391023;47
9744424;7662922;0;0;2023-12-13 15:37:06.391023;47
5979951;5089449;2;0;2023-12-13 15:37:06.391023;47
5108307;6020769;4;0;2023-12-13 15:37:06.402050;48
7674467;9759258;6;0;2023-12-13 15:37:06.402050;48
11934539;13931810;8;0;2023-12-13 15:37:06.402050;48
15540222;16212262;10;0;2023-12-13 15:37:06.402050;48
16249753;15523829;12;0;2023-12-13 15:37:06.402050;48
13998164;11972904;14;0;2023-12-13 15:37:06.402050;48
1119806507;1119497735;74;49;2023-12-13 15:37:06.402050;48
1119802607;1115757491;75;49;2023-12-13 15:37:06.402050;48
9745971;7664137;0;0;2023-12-13 15:37:06.402050;48
5980900;5090256;2;0;2023-12-13 15:37:06.412022;49
5109116;6021722;4;0;2023-12-13 15:37:06.413023;49
7675684;9760805;6;0;2023-12-13 15:37:06.413023;49
11936431;13934018;8;0;2023-12-13 15:37:06.413023;49
15542685;16214829;10;0;2023-12-13 15:37:06.413023;49
16252326;15526292;12;0;2023-12-13 15:37:06.413023;49
14000383;11974801;14;0;2023-12-13 15:37:06.413023;49
1119804641;1119497532;76;49;2023-12-13 15:37:06.413023;49
1119800805;1115757002;77;49;2023-12-13 15:37:06.413023;49
9747516;7665351;0;0;2023-12-13 15:37:06.423907;50
5981847;5091063;2;0;2023-12-13 15:37:06.424024;50
5109926;6022676;4;0;2023-12-13 15:37:06.424024;50
7676900;9762352;6;0;2023-12-13 15:37:06.424024;50
11938322;13936226;8;0;2023-12-13 15:37:06.424024;50
15545147;16217399;10;0;2023-12-13 15:37:06.424024;50
16254899;15528750;12;0;2023-12-13 15:37:06.424024;50
14002601;11976698;14;0;2023-12-13 15:37:06.424024;50
1119802777;1119497313;78;49;2023-12-13 15:37:06.424024;50
1119799002;1115756501;79;49;2023-12-13 15:37:06.433204;51
9749059;7666564;0;0;2023-12-13 15:37:06.434069;51
5982794;5091869;2;0;2023-12-13 15:37:06.434069;51
5110735;6023630;4;0;2023-12-13 15:37:06.434069;51
7678117;9763899;6;0;2023-12-13 15:37:06.434069;51
11940215;13938434;8;0;2023-12-13 15:37:06.434069;51
15547610;16219971;10;0;2023-12-13 15:37:06.434069;51
16257476;15531208;12;0;2023-12-13 15:37:06.434069;51
14004820;11978596;14;0;2023-12-13 15:37:06.434069;51
1119800906;1119497095;80;49;2023-12-13 15:37:06.444891;52
1119797197;1115756022;81;49;2023-12-13 15:37:06.445024;52
9750603;7667778;0;0;2023-12-13 15:37:06.445024;52
5983743;5092675;2;0;2023-12-13 15:37:06.445024;52
5111545;6024585;4;0;2023-12-13 15:37:06.445024;52
7679333;9765447;6;0;2023-12-13 15:37:06.445024;52
11942106;13940640;8;0;2023-12-13 15:37:06.445024;52
15550071;16222539;10;0;2023-12-13 15:37:06.445024;52
16260050;15533662;12;0;2023-12-13 15:37:06.445024;52
14007036;11980492;14;0;2023-12-13 15:37:06.454056;53
1119799043;1119496901;82;49;2023-12-13 15:37:06.454056;53
1119795387;1115755525;83;49;2023-12-13 15:37:06.454056;53
9752148;7668993;0;0;2023-12-13 15:37:06.454056;53
5984690;5093483;2;0;2023-12-13 15:37:06.454056;53
5112354;6025539;4;0;2023-12-13 15:37:06.454056;53
7680550;9766994;6;0;2023-12-13 15:37:06.454056;53
11943997;13942846;8;0;2023-12-13 15:37:06.454056;53
15552533;16225109;10;0;2023-12-13 15:37:06.455055;53
16262627;15536119;12;0;2023-12-13 15:37:06.465135;54
14009253;11982389;14;0;2023-12-13 15:37:06.465135;54
1119797179;1119496707;84;49;2023-12-13 15:37:06.465135;54
1119793584;1115755027;85;49;2023-12-13 15:37:06.465135;54
9753694;7670208;0;0;2023-12-13 15:37:06.465135;54
5985638;5094289;2;0;2023-12-13 15:37:06.465135;54
5113164;6026493;4;0;2023-12-13 15:37:06.465135;54
7681766;9768541;6;0;2023-12-13 15:37:06.465135;54
11945891;13945054;8;0;2023-12-13 15:37:06.466054;54
15554997;16227678;10;0;2023-12-13 15:37:06.476470;55
16265199;15538581;12;0;2023-12-13 15:37:06.476470;55
14011472;11984287;14;0;2023-12-13 15:37:06.476470;55
1119795311;1119496499;86;49;2023-12-13 15:37:06.476470;55
1119791781;1115754566;87;49;2023-12-13 15:37:06.476470;55
9755238;7671422;0;0;2023-12-13 15:37:06.476470;55
5986587;5095096;2;0;2023-12-13 15:37:06.476470;55
5113973;6027446;4;0;2023-12-13 15:37:06.476470;55
7682981;9770086;6;0;2023-12-13 15:37:06.476470;55
11947782;13947262;8;0;2023-12-13 15:37:06.487636;56
15557459;16230248;10;0;2023-12-13 15:37:06.487636;56
16267770;15541038;12;0;2023-12-13 15:37:06.487636;56
14013689;11986182;14;0;2023-12-13 15:37:06.487636;56
1119793448;1119496279;88;49;2023-12-13 15:37:06.487636;56
1119789979;1115754095;89;49;2023-12-13 15:37:06.487636;56
9756781;7672635;0;0;2023-12-13 15:37:06.487636;56
5987535;5095903;2;0;2023-12-13 15:37:06.487636;56
5114783;6028401;4;0;2023-12-13 15:37:06.487636;56
7684198;9771632;6;0;2023-12-13 15:37:06.498644;57
11949672;13949467;8;0;2023-12-13 15:37:06.498644;57
15559921;16232817;10;0;2023-12-13 15:37:06.498644;57
16270343;15543493;12;0;2023-12-13 15:37:06.498644;57
14015904;11988077;14;0;2023-12-13 15:37:06.498644;57
1119791586;1119496081;90;49;2023-12-13 15:37:06.498644;57
1119788183;1115753625;91;49;2023-12-13 15:37:06.498644;57
9758326;7673849;0;0;2023-12-13 15:37:06.498644;57
5988482;5096709;2;0;2023-12-13 15:37:06.498644;57
5115592;6029355;4;0;2023-12-13 15:37:06.507643;58
7685415;9773179;6;0;2023-12-13 15:37:06.508643;58
11951564;13951675;8;0;2023-12-13 15:37:06.508643;58
15562384;16235387;10;0;2023-12-13 15:37:06.508643;58
16272919;15545954;12;0;2023-12-13 15:37:06.508643;58
14018123;11989975;14;0;2023-12-13 15:37:06.508643;58
1119789725;1119495876;92;49;2023-12-13 15:37:06.508643;58
1119786379;1115753126;93;49;2023-12-13 15:37:06.508643;58
9759869;7675062;0;0;2023-12-13 15:37:06.508643;58
5989429;5097514;2;0;2023-12-13 15:37:06.519544;59
5116402;6030310;4;0;2023-12-13 15:37:06.519646;59
7686631;9774725;6;0;2023-12-13 15:37:06.519646;59
11953454;13953881;8;0;2023-12-13 15:37:06.519646;59
15564844;16237956;10;0;2023-12-13 15:37:06.519646;59
16275496;15548408;12;0;2023-12-13 15:37:06.519646;59
14020340;11991871;14;0;2023-12-13 15:37:06.519646;59
1119787863;1119495668;94;49;2023-12-13 15:37:06.519646;59
1119784587;1115752643;95;49;2023-12-13 15:37:06.519646;59
9761413;7676277;0;0;2023-12-13 15:37:06.530648;60
5990377;5098320;2;0;2023-12-13 15:37:06.530648;60
5117211;6031264;4;0;2023-12-13 15:37:06.530648;60
7687847;9776272;6;0;2023-12-13 15:37:06.530648;60
11955344;13956087;8;0;2023-12-13 15:37:06.530648;60
15567306;16240526;10;0;2023-12-13 15:37:06.530648;60
16278072;15550863;12;0;2023-12-13 15:37:06.530648;60
14022556;11993767;14;0;2023-12-13 15:37:06.530648;60
1119786003;1119495502;96;49;2023-12-13 15:37:06.530648;60
1119782791;1115752146;97;49;2023-12-13 15:37:06.540503;61
9762956;7677492;0;0;2023-12-13 15:37:06.540503;61
5991324;5099127;2;0;2023-12-13 15:37:06.540503;61
5118021;6032217;4;0;2023-12-13 15:37:06.540503;61
7689063;9777818;6;0;2023-12-13 15:37:06.540503;61
11957232;13958292;8;0;2023-12-13 15:37:06.540503;61
15569765;16243099;10;0;2023-12-13 15:37:06.540503;61
16280652;15553316;12;0;2023-12-13 15:37:06.540503;61
14024773;11995664;14;0;2023-12-13 15:37:06.540503;61
1119784145;1119495344;98;49;2023-12-13 15:37:06.551739;62
1119780993;1115751680;99;49;2023-12-13 15:37:06.551739;62
9764502;7678707;0;0;2023-12-13 15:37:06.551739;62
5992273;5099934;2;0;2023-12-13 15:37:06.551739;62
5118831;6033172;4;0;2023-12-13 15:37:06.552017;62
7690278;9779364;6;0;2023-12-13 15:37:06.552017;62
11959122;13960500;8;0;2023-12-13 15:37:06.552017;62
15572228;16245670;10;0;2023-12-13 15:37:06.552017;62
16283230;15555776;12;0;2023-12-13 15:37:06.552017;62
14026992;11997563;14;0;2023-12-13 15:37:06.562050;63
1119782282;1119495159;100;49;2023-12-13 15:37:06.562050;63
1119779198;1115751213;101;49;2023-12-13 15:37:06.562050;63
9766047;7679922;0;0;2023-12-13 15:37:06.562050;63
5993221;5100739;2;0;2023-12-13 15:37:06.562050;63
5119640;6034125;4;0;2023-12-13 15:37:06.562050;63
7691494;9780910;6;0;2023-12-13 15:37:06.562050;63
11961013;13962706;8;0;2023-12-13 15:37:06.562050;63
15574688;16248238;10;0;2023-12-13 15:37:06.562050;63
16285803;15558234;12;0;2023-12-13 15:37:06.573595;64
14029209;11999460;14;0;2023-12-13 15:37:06.573595;64
1119780427;1119494962;102;49;2023-12-13 15:37:06.573595;64
1119777404;1115750751;103;49;2023-12-13 15:37:06.573595;64
9767592;7681137;0;0;2023-12-13 15:37:06.573595;64
5994169;5101545;2;0;2023-12-13 15:37:06.573595;64
5120449;6035080;4;0;2023-12-13 15:37:06.573595;64
7692712;9782459;6;0;2023-12-13 15:37:06.573595;64
11962907;13964914;8;0;2023-12-13 15:37:06.573595;64
15577151;16250806;10;0;2023-12-13 15:37:06.583444;65
16288374;15560695;12;0;2023-12-13 15:37:06.583444;65
14031429;12001358;14;0;2023-12-13 15:37:06.583444;65
1119778572;1119494746;104;49;2023-12-13 15:37:06.583444;65
1119775614;1115750254;105;49;2023-12-13 15:37:06.583444;65
9769134;7682351;0;0;2023-12-13 15:37:06.583444;65
5995115;5102351;2;0;2023-12-13 15:37:06.583444;65
5121258;6036034;4;0;2023-12-13 15:37:06.583444;65
7693928;9784006;6;0;2023-12-13 15:37:06.583444;65
11964800;13967122;8;0;2023-12-13 15:37:06.594388;66
15579615;16253376;10;0;2023-12-13 15:37:06.594444;66
16290950;15563153;12;0;2023-12-13 15:37:06.594444;66
14033648;12003257;14;0;2023-12-13 15:37:06.594444;66
1119776716;1119494558;106;49;2023-12-13 15:37:06.594444;66
1119773830;1115749772;107;49;2023-12-13 15:37:06.594444;66
9770679;7683565;0;0;2023-12-13 15:37:06.594444;66
5996063;5103157;2;0;2023-12-13 15:37:06.594444;66
5122069;6036989;4;0;2023-12-13 15:37:06.594444;66
7695145;9785555;6;0;2023-12-13 15:37:06.605590;67
11966693;13969331;8;0;2023-12-13 15:37:06.605590;67
15582080;16255945;10;0;2023-12-13 15:37:06.605590;67
16293523;15565621;12;0;2023-12-13 15:37:06.605590;67
14035868;12005156;14;0;2023-12-13 15:37:06.605590;67
1119774857;1119494367;108;49;2023-12-13 15:37:06.605590;67
1119772036;1115749280;109;49;2023-12-13 15:37:06.605590;67
9772224;7684779;0;0;2023-12-13 15:37:06.605590;67
5997011;5103963;2;0;2023-12-13 15:37:06.605590;67
5122879;6037944;4;0;2023-12-13 15:37:06.616618;68
7696361;9787102;6;0;2023-12-13 15:37:06.616618;68
11968586;13971541;8;0;2023-12-13 15:37:06.616618;68
15584545;16258515;10;0;2023-12-13 15:37:06.616618;68
16296097;15568087;12;0;2023-12-13 15:37:06.616618;68
14038087;12007054;14;0;2023-12-13 15:37:06.616618;68
1119773002;1119494206;110;49;2023-12-13 15:37:06.616618;68
1119770250;1115748797;111;49;2023-12-13 15:37:06.616618;68
9773770;7685994;0;0;2023-12-13 15:37:06.616618;68
5997960;5104770;2;0;2023-12-13 15:37:06.627718;69
5123689;6038899;4;0;2023-12-13 15:37:06.627718;69
7697576;9788649;6;0;2023-12-13 15:37:06.627718;69
11970477;13973749;8;0;2023-12-13 15:37:06.627718;69
15587009;16261084;10;0;2023-12-13 15:37:06.627718;69
16298675;15570546;12;0;2023-12-13 15:37:06.627718;69
14040306;12008953;14;0;2023-12-13 15:37:06.627718;69
1119771146;1119494035;112;49;2023-12-13 15:37:06.627718;69
1119768466;1115748322;113;49;2023-12-13 15:37:06.627718;69
9775317;7687210;0;0;2023-12-13 15:37:06.637450;70
5998908;5105578;2;0;2023-12-13 15:37:06.637450;70
5124499;6039854;4;0;2023-12-13 15:37:06.637450;70
7698793;9790196;6;0;2023-12-13 15:37:06.637450;70
11972369;13975958;8;0;2023-12-13 15:37:06.637726;70
15589473;16263652;10;0;2023-12-13 15:37:06.637726;70
16301246;15573010;12;0;2023-12-13 15:37:06.637726;70
14042526;12010851;14;0;2023-12-13 15:37:06.637726;70
1119769294;1119493851;114;49;2023-12-13 15:37:06.637726;70
1119766684;1115747852;115;49;2023-12-13 15:37:06.647783;71
9776862;7688425;0;0;2023-12-13 15:37:06.647783;71
5999855;5106384;2;0;2023-12-13 15:37:06.647783;71
5125308;6040808;4;0;2023-12-13 15:37:06.647783;71
7700010;9791743;6;0;2023-12-13 15:37:06.647783;71
11974261;13978167;8;0;2023-12-13 15:37:06.647783;71
15591935;16266223;10;0;2023-12-13 15:37:06.647783;71
16303829;15575468;12;0;2023-12-13 15:37:06.648781;71
14044746;12012750;14;0;2023-12-13 15:37:06.648781;71
1119767437;1119493685;116;49;2023-12-13 15:37:06.658249;72
1119764900;1115747393;117;49;2023-12-13 15:37:06.658249;72
9778406;7689640;0;0;2023-12-13 15:37:06.658249;72
6000802;5107190;2;0;2023-12-13 15:37:06.658249;72
5126117;6041762;4;0;2023-12-13 15:37:06.658249;72
7701225;9793290;6;0;2023-12-13 15:37:06.658249;72
11976154;13980377;8;0;2023-12-13 15:37:06.658249;72
15594400;16268794;10;0;2023-12-13 15:37:06.658249;72
16306410;15577930;12;0;2023-12-13 15:37:06.658249;72
14046967;12014650;14;0;2023-12-13 15:37:06.668947;73
1119765585;1119493461;118;49;2023-12-13 15:37:06.668947;73
1119763116;1115746923;119;49;2023-12-13 15:37:06.668947;73
9779950;7690854;0;0;2023-12-13 15:37:06.668947;73
6001750;5107995;2;0;2023-12-13 15:37:06.668947;73
5126927;6042717;4;0;2023-12-13 15:37:06.668947;73
7702442;9794838;6;0;2023-12-13 15:37:06.668947;73
11978049;13982587;8;0;2023-12-13 15:37:06.668947;73
15596865;16271364;10;0;2023-12-13 15:37:06.668947;73
16308991;15580390;12;0;2023-12-13 15:37:06.680541;74
14049186;12016548;14;0;2023-12-13 15:37:06.680541;74
1119763729;1119493267;120;49;2023-12-13 15:37:06.680541;74
1119761330;1115746445;121;49;2023-12-13 15:37:06.680541;74
9781493;7692068;0;0;2023-12-13 15:37:06.680541;74
6002697;5108801;2;0;2023-12-13 15:37:06.680541;74
5127736;6043671;4;0;2023-12-13 15:37:06.680541;74
7703659;9796384;6;0;2023-12-13 15:37:06.680541;74
11979941;13984795;8;0;2023-12-13 15:37:06.681342;74
15599330;16273933;10;0;2023-12-13 15:37:06.691418;75
16311567;15582850;12;0;2023-12-13 15:37:06.691418;75
14051404;12018446;14;0;2023-12-13 15:37:06.691418;75
1119761878;1119493069;122;49;2023-12-13 15:37:06.691418;75
1119759545;1115745979;123;49;2023-12-13 15:37:06.691418;75
9783038;7693284;0;0;2023-12-13 15:37:06.691418;75
6003646;5109609;2;0;2023-12-13 15:37:06.691418;75
5128547;6044625;4;0;2023-12-13 15:37:06.691418;75
7704877;9797932;6;0;2023-12-13 15:37:06.691418;75
11981835;13987007;8;0;2023-12-13 15:37:06.702389;76
15601796;16276504;10;0;2023-12-13 15:37:06.702389;76
16314140;15585316;12;0;2023-12-13 15:37:06.702389;76
14053623;12020345;14;0;2023-12-13 15:37:06.702389;76
1119760029;1119492905;124;49;2023-12-13 15:37:06.702389;76
1119757760;1115745494;125;49;2023-12-13 15:37:06.702389;76
9784583;7694499;0;0;2023-12-13 15:37:06.702389;76
6004595;5110418;2;0;2023-12-13 15:37:06.702389;76
5129357;6045580;4;0;2023-12-13 15:37:06.702389;76
7706093;9799477;6;0;2023-12-13 15:37:06.711336;77
11983726;13989215;8;0;2023-12-13 15:37:06.711336;77
15604259;16279072;10;0;2023-12-13 15:37:06.711336;77
16316712;15587778;12;0;2023-12-13 15:37:06.712337;77
14055840;12022243;14;0;2023-12-13 15:37:06.712337;77
1119758172;1119492747;126;49;2023-12-13 15:37:06.712337;77
1119755984;1115745010;127;49;2023-12-13 15:37:06.712337;77
9786128;7695714;0;0;2023-12-13 15:37:06.712337;77
6005543;5111224;2;0;2023-12-13 15:37:06.712337;77
5130167;6046534;4;0;2023-12-13 15:37:06.723106;78
7707308;9801024;6;0;2023-12-13 15:37:06.723106;78
11985617;13991423;8;0;2023-12-13 15:37:06.723106;78
15606722;16281641;10;0;2023-12-13 15:37:06.723106;78
16319287;15590242;12;0;2023-12-13 15:37:06.723368;78
14058060;12024140;14;0;2023-12-13 15:37:06.723368;78
1119756327;1119492563;128;49;2023-12-13 15:37:06.723368;78
1119754200;1115744537;129;49;2023-12-13 15:37:06.723368;78
9787674;7696929;0;0;2023-12-13 15:37:06.723368;78
6006492;5112030;2;0;2023-12-13 15:37:06.733370;79
5130976;6047489;4;0;2023-12-13 15:37:06.733370;79
7708526;9802572;6;0;2023-12-13 15:37:06.733370;79
11987509;13993633;8;0;2023-12-13 15:37:06.734371;79
15609187;16284211;10;0;2023-12-13 15:37:06.734371;79
16321865;15592703;12;0;2023-12-13 15:37:06.734371;79
14060279;12026039;14;0;2023-12-13 15:37:06.734371;79
1119754479;1119492391;130;49;2023-12-13 15:37:06.734371;79
1119752420;1115744078;131;49;2023-12-13 15:37:06.734371;79
9789220;7698144;0;0;2023-12-13 15:37:06.744658;80
6007440;5112836;2;0;2023-12-13 15:37:06.745341;80
5131785;6048443;4;0;2023-12-13 15:37:06.745341;80
7709742;9804119;6;0;2023-12-13 15:37:06.745341;80
11989402;13995841;8;0;2023-12-13 15:37:06.745341;80
15611652;16286779;10;0;2023-12-13 15:37:06.745341;80
16324441;15595166;12;0;2023-12-13 15:37:06.745341;80
14062499;12027938;14;0;2023-12-13 15:37:06.745341;80
1119752628;1119492170;132;49;2023-12-13 15:37:06.745341;80
1119750644;1115743603;133;49;2023-12-13 15:37:06.754371;81
9790765;7699359;0;0;2023-12-13 15:37:06.754371;81
6008388;5113643;2;0;2023-12-13 15:37:06.754371;81
5132595;6049397;4;0;2023-12-13 15:37:06.754371;81
7710960;9805667;6;0;2023-12-13 15:37:06.754371;81
11991297;13998053;8;0;2023-12-13 15:37:06.755369;81
15614118;16289351;10;0;2023-12-13 15:37:06.755369;81
16327022;15597626;12;0;2023-12-13 15:37:06.755369;81
14064718;12029835;14;0;2023-12-13 15:37:06.755369;81
1119750778;1119491967;134;49;2023-12-13 15:37:06.765476;82
1119748863;1115743140;135;49;2023-12-13 15:37:06.765476;82
9792308;7700573;0;0;2023-12-13 15:37:06.765476;82
6009335;5114449;2;0;2023-12-13 15:37:06.765476;82
5133405;6050351;4;0;2023-12-13 15:37:06.765476;82
7712177;9807215;6;0;2023-12-13 15:37:06.766458;82
11993189;14000262;8;0;2023-12-13 15:37:06.766458;82
15616582;16291919;10;0;2023-12-13 15:37:06.766458;82
16329598;15600085;12;0;2023-12-13 15:37:06.766458;82
14066937;12031733;14;0;2023-12-13 15:37:06.776089;83
1119748936;1119491757;136;49;2023-12-13 15:37:06.777089;83
1119747090;1115742660;137;49;2023-12-13 15:37:06.777089;83
9793854;7701788;0;0;2023-12-13 15:37:06.777089;83
6010283;5115255;2;0;2023-12-13 15:37:06.777089;83
5134216;6051306;4;0;2023-12-13 15:37:06.777089;83
7713395;9808764;6;0;2023-12-13 15:37:06.777089;83
11995082;14002472;8;0;2023-12-13 15:37:06.777089;83
15619045;16294488;10;0;2023-12-13 15:37:06.777089;83
16332177;15602544;12;0;2023-12-13 15:37:06.786088;84
14069156;12033631;14;0;2023-12-13 15:37:06.787090;84
1119747088;1119491592;138;49;2023-12-13 15:37:06.787090;84
1119745313;1115742205;139;49;2023-12-13 15:37:06.787090;84
9795397;7703002;0;0;2023-12-13 15:37:06.787090;84
6011230;5116061;2;0;2023-12-13 15:37:06.787090;84
5135026;6052260;4;0;2023-12-13 15:37:06.787090;84
7714611;9810309;6;0;2023-12-13 15:37:06.787090;84
11996973;14004678;8;0;2023-12-13 15:37:06.787090;84
15621506;16297055;10;0;2023-12-13 15:37:06.797086;85
16334749;15605005;12;0;2023-12-13 15:37:06.798089;85
14071374;12035529;14;0;2023-12-13 15:37:06.798089;85
1119745247;1119491426;140;49;2023-12-13 15:37:06.798089;85
1119743539;1115741747;141;49;2023-12-13 15:37:06.798089;85
9796940;7704217;0;0;2023-12-13 15:37:06.798089;85
6012177;5116867;2;0;2023-12-13 15:37:06.798089;85
5135837;6053214;4;0;2023-12-13 15:37:06.798089;85
7715828;9811856;6;0;2023-12-13 15:37:06.798089;85
11998865;14006886;8;0;2023-12-13 15:37:06.809159;86
15623969;16299623;10;0;2023-12-13 15:37:06.809159;86
16337320;15607470;12;0;2023-12-13 15:37:06.809159;86
14073595;12037428;14;0;2023-12-13 15:37:06.809159;86
1119743405;1119491256;142;49;2023-12-13 15:37:06.809159;86
1119741754;1115741306;143;49;2023-12-13 15:37:06.809159;86
9798485;7705432;0;0;2023-12-13 15:37:06.809159;86
6013124;5117674;2;0;2023-12-13 15:37:06.809159;86
5136647;6054168;4;0;2023-12-13 15:37:06.809159;86
7717044;9813402;6;0;2023-12-13 15:37:06.820089;87
12000757;14009093;8;0;2023-12-13 15:37:06.820089;87
15626432;16302192;10;0;2023-12-13 15:37:06.820089;87
16339898;15609930;12;0;2023-12-13 15:37:06.820089;87
14075814;12039325;14;0;2023-12-13 15:37:06.820089;87
1119741556;1119491074;144;49;2023-12-13 15:37:06.820089;87
1119739980;1115740859;145;49;2023-12-13 15:37:06.820089;87
9800029;7706647;0;0;2023-12-13 15:37:06.820089;87
6014072;5118481;2;0;2023-12-13 15:37:06.820089;87
5137456;6055123;4;0;2023-12-13 15:37:06.830122;88
7718260;9814948;6;0;2023-12-13 15:37:06.831090;88
12002648;14011303;8;0;2023-12-13 15:37:06.831138;88
15628897;16304761;10;0;2023-12-13 15:37:06.831138;88
16342474;15612391;12;0;2023-12-13 15:37:06.831138;88
14078033;12041223;14;0;2023-12-13 15:37:06.831138;88
1119739716;1119490887;146;49;2023-12-13 15:37:06.831138;88
1119738203;1115740396;147;49;2023-12-13 15:37:06.831138;88
9801574;7707862;0;0;2023-12-13 15:37:06.831138;88
6015020;5119289;2;0;2023-12-13 15:37:06.840113;89
5138267;6056078;4;0;2023-12-13 15:37:06.840113;89
7719478;9816496;6;0;2023-12-13 15:37:06.840113;89
12004539;14013512;8;0;2023-12-13 15:37:06.841086;89
15631361;16307331;10;0;2023-12-13 15:37:06.841146;89
16345055;15614850;12;0;2023-12-13 15:37:06.841146;89
14080253;12043121;14;0;2023-12-13 15:37:06.841146;89
1119737870;1119490682;148;49;2023-12-13 15:37:06.841146;89
1119736427;1115739923;149;49;2023-12-13 15:37:06.841146;89
9803119;7709077;0;0;2023-12-13 15:37:06.851112;90
6015968;5120096;2;0;2023-12-13 15:37:06.851112;90
5139076;6057033;4;0;2023-12-13 15:37:06.851112;90
7720695;9818043;6;0;2023-12-13 15:37:06.851112;90
12006430;14015721;8;0;2023-12-13 15:37:06.852115;90
15633823;16309903;10;0;2023-12-13 15:37:06.852115;90
16347633;15617303;12;0;2023-12-13 15:37:06.852115;90
14082470;12045017;14;0;2023-12-13 15:37:06.852115;90
1119736026;1119490510;150;49;2023-12-13 15:37:06.852115;90
1119734650;1115739463;151;49;2023-12-13 15:37:06.861339;91
9804664;7710292;0;0;2023-12-13 15:37:06.861339;91
6016917;5120903;2;0;2023-12-13 15:37:06.862056;91
5139887;6057987;4;0;2023-12-13 15:37:06.862056;91
7721912;9819590;6;0;2023-12-13 15:37:06.862056;91
12008321;14017929;8;0;2023-12-13 15:37:06.862056;91
15636285;16312470;10;0;2023-12-13 15:37:06.862056;91
16350205;15619764;12;0;2023-12-13 15:37:06.862056;91
14084687;12046914;14;0;2023-12-13 15:37:06.862338;91
1119734194;1119490340;152;49;2023-12-13 15:37:06.872285;92
1119732880;1115738984;153;49;2023-12-13 15:37:06.872285;92
9806208;7711507;0;0;2023-12-13 15:37:06.872285;92
6017864;5121709;2;0;2023-12-13 15:37:06.872285;92
5140696;6058941;4;0;2023-12-13 15:37:06.872285;92
7723128;9821135;6;0;2023-12-13 15:37:06.872285;92
12010212;14020136;8;0;2023-12-13 15:37:06.872285;92
15638746;16315038;10;0;2023-12-13 15:37:06.872285;92
16352775;15622224;12;0;2023-12-13 15:37:06.873281;92
14086904;12048810;14;0;2023-12-13 15:37:06.883367;93
1119732354;1119490183;154;49;2023-12-13 15:37:06.883367;93
1119731107;1115738523;155;49;2023-12-13 15:37:06.883367;93
9807753;7712721;0;0;2023-12-13 15:37:06.883367;93
6018813;5122516;2;0;2023-12-13 15:37:06.883367;93
5141506;6059896;4;0;2023-12-13 15:37:06.883367;93
7724344;9822682;6;0;2023-12-13 15:37:06.883367;93
12012101;14022342;8;0;2023-12-13 15:37:06.883367;93
15641207;16317605;10;0;2023-12-13 15:37:06.884308;93
16355348;15624683;12;0;2023-12-13 15:37:06.894286;94
14089122;12050707;14;0;2023-12-13 15:37:06.894286;94
1119730518;1119490017;156;49;2023-12-13 15:37:06.894286;94
1119729335;1115738090;157;49;2023-12-13 15:37:06.894286;94
9809296;7713935;0;0;2023-12-13 15:37:06.894286;94
6019758;5123321;2;0;2023-12-13 15:37:06.894286;94
5142314;6060848;4;0;2023-12-13 15:37:06.895282;94
7725559;9824226;6;0;2023-12-13 15:37:06.895282;94
12013991;14024548;8;0;2023-12-13 15:37:06.895282;94
15643667;16320175;10;0;2023-12-13 15:37:06.905318;95
16357925;15627140;12;0;2023-12-13 15:37:06.905318;95
14091339;12052605;14;0;2023-12-13 15:37:06.905318;95
1119728682;1119489839;158;49;2023-12-13 15:37:06.905318;95
1119727564;1115737655;159;49;2023-12-13 15:37:06.905318;95
9810838;7715148;0;0;2023-12-13 15:37:06.905318;95
6020704;5124125;2;0;2023-12-13 15:37:06.905318;95
5143122;6061802;4;0;2023-12-13 15:37:06.906282;95
7726774;9825772;6;0;2023-12-13 15:37:06.906282;95
12015881;14026753;8;0;2023-12-13 15:37:06.915286;96
15646128;16322745;10;0;2023-12-13 15:37:06.915286;96
16360502;15629595;12;0;2023-12-13 15:37:06.915286;96
14093556;12054502;14;0;2023-12-13 15:37:06.915286;96
1119726848;1119489677;160;49;2023-12-13 15:37:06.915286;96
1119725790;1115737218;161;49;2023-12-13 15:37:06.915286;96
9812382;7716363;0;0;2023-12-13 15:37:06.915286;96
6021651;5124932;2;0;2023-12-13 15:37:06.915286;96
5143932;6062756;4;0;2023-12-13 15:37:06.916282;96
7727991;9827318;6;0;2023-12-13 15:37:06.926280;97
12017771;14028959;8;0;2023-12-13 15:37:06.926280;97
15648589;16325312;10;0;2023-12-13 15:37:06.926280;97
16363073;15632056;12;0;2023-12-13 15:37:06.926280;97
14095774;12056398;14;0;2023-12-13 15:37:06.926280;97
1119725017;1119489489;162;49;2023-12-13 15:37:06.926280;97
1119724013;1115736772;163;49;2023-12-13 15:37:06.926280;97
9813925;7717578;0;0;2023-12-13 15:37:06.926280;97
6022599;5125738;2;0;2023-12-13 15:37:06.926280;97
5144742;6063710;4;0;2023-12-13 15:37:06.937433;98
7729207;9828863;6;0;2023-12-13 15:37:06.937433;98
12019661;14031166;8;0;2023-12-13 15:37:06.937433;98
15651050;16327881;10;0;2023-12-13 15:37:06.937433;98
16365646;15634513;12;0;2023-12-13 15:37:06.937433;98
14097990;12058294;14;0;2023-12-13 15:37:06.937433;98
1119723183;1119489311;164;49;2023-12-13 15:37:06.938316;98
1119722252;1115736316;165;49;2023-12-13 15:37:06.938316;98
9815468;7718791;0;0;2023-12-13 15:37:06.938316;98
6023546;5126544;2;0;2023-12-13 15:37:06.948285;99
5145551;6064664;4;0;2023-12-13 15:37:06.948285;99
7730422;9830409;6;0;2023-12-13 15:37:06.948285;99
12021553;14033374;8;0;2023-12-13 15:37:06.948285;99
15653514;16330448;10;0;2023-12-13 15:37:06.948285;99
16368217;15636975;12;0;2023-12-13 15:37:06.948285;99
14100208;12060191;14;0;2023-12-13 15:37:06.948285;99
1119721355;1119489100;166;49;2023-12-13 15:37:06.948285;99
1119720480;1115735858;167;49;2023-12-13 15:37:06.948285;99
9817012;7720006;0;0;2023-12-13 15:37:06.959418;100
6024494;5127352;2;0;2023-12-13 15:37:06.959418;100
5146362;6065619;4;0;2023-12-13 15:37:06.959418;100
7731639;9831956;6;0;2023-12-13 15:37:06.959418;100
12023444;14035581;8;0;2023-12-13 15:37:06.959418;100
15655976;16333015;10;0;2023-12-13 15:37:06.959418;100
16370788;15639432;12;0;2023-12-13 15:37:06.959418;100
14102424;12062085;14;0;2023-12-13 15:37:06.959418;100
1119719517;1119488941;168;49;2023-12-13 15:37:06.959418;100
1119718709;1115735402;169;49;2023-12-13 15:37:06.969670;101
9818557;7721222;0;0;2023-12-13 15:37:06.969670;101
6025443;5128160;2;0;2023-12-13 15:37:06.969670;101
5147172;6066571;4;0;2023-12-13 15:37:06.969670;101
7732855;9833503;6;0;2023-12-13 15:37:06.969670;101
12025335;14037789;8;0;2023-12-13 15:37:06.969670;101
15658438;16335587;10;0;2023-12-13 15:37:06.969670;101
16373366;15641891;12;0;2023-12-13 15:37:06.969670;101
14104642;12063982;14;0;2023-12-13 15:37:06.969670;101
1119717678;1119488780;170;49;2023-12-13 15:37:06.980703;102
1119716948;1115734968;171;49;2023-12-13 15:37:06.980703;102
9820101;7722435;0;0;2023-12-13 15:37:06.980703;102
6026390;5128966;2;0;2023-12-13 15:37:06.980703;102
5147982;6067525;4;0;2023-12-13 15:37:06.980703;102
7734072;9835049;6;0;2023-12-13 15:37:06.980703;102
12027225;14039995;8;0;2023-12-13 15:37:06.980703;102
15660899;16338156;10;0;2023-12-13 15:37:06.980703;102
16375940;15644349;12;0;2023-12-13 15:37:06.981672;102
14106860;12065880;14;0;2023-12-13 15:37:06.990549;103
1119715849;1119488637;172;49;2023-12-13 15:37:06.990670;103
1119715183;1115734536;173;49;2023-12-13 15:37:06.990670;103
9821644;7723649;0;0;2023-12-13 15:37:06.990670;103
6027337;5129771;2;0;2023-12-13 15:37:06.990670;103
5148791;6068477;4;0;2023-12-13 15:37:06.990670;103
7735287;9836594;6;0;2023-12-13 15:37:06.990670;103
12029115;14042203;8;0;2023-12-13 15:37:06.990670;103
15663360;16340724;10;0;2023-12-13 15:37:06.990670;103
16378516;15646809;12;0;2023-12-13 15:37:07.001552;104
14109078;12067779;14;0;2023-12-13 15:37:07.001669;104
1119714017;1119488468;174;49;2023-12-13 15:37:07.001669;104
1119713416;1115734109;175;49;2023-12-13 15:37:07.001669;104
9823188;7724863;0;0;2023-12-13 15:37:07.001669;104
6028284;5130577;2;0;2023-12-13 15:37:07.001669;104
5149598;6069430;4;0;2023-12-13 15:37:07.001669;104
7736502;9838139;6;0;2023-12-13 15:37:07.001669;104
12031006;14044410;8;0;2023-12-13 15:37:07.001669;104
15665822;16343291;10;0;2023-12-13 15:37:07.011709;105
16381086;15649270;12;0;2023-12-13 15:37:07.011709;105
14111296;12069676;14;0;2023-12-13 15:37:07.012670;105
1119712184;1119488279;176;49;2023-12-13 15:37:07.012670;105
1119711654;1115733702;177;49;2023-12-13 15:37:07.012670;105
9824730;7726077;0;0;2023-12-13 15:37:07.012670;105
6029232;5131383;2;0;2023-12-13 15:37:07.012670;105
5150408;6070384;4;0;2023-12-13 15:37:07.012670;105
7737718;9839685;6;0;2023-12-13 15:37:07.012670;105
12032897;14046618;8;0;2023-12-13 15:37:07.023669;106
15668284;16345861;10;0;2023-12-13 15:37:07.023669;106
16383660;15651728;12;0;2023-12-13 15:37:07.023669;106
14113514;12071572;14;0;2023-12-13 15:37:07.023669;106
1119710357;1119488093;178;49;2023-12-13 15:37:07.023669;106
1119709886;1115733290;179;49;2023-12-13 15:37:07.023669;106
9826274;7727292;0;0;2023-12-13 15:37:07.023669;106
6030181;5132191;2;0;2023-12-13 15:37:07.023669;106
5151218;6071339;4;0;2023-12-13 15:37:07.023669;106
7738935;9841232;6;0;2023-12-13 15:37:07.034669;107
12034791;14048828;8;0;2023-12-13 15:37:07.034669;107
15670750;16348431;10;0;2023-12-13 15:37:07.034669;107
16386232;15654191;12;0;2023-12-13 15:37:07.034669;107
14115734;12073471;14;0;2023-12-13 15:37:07.034669;107
1119708518;1119487919;180;49;2023-12-13 15:37:07.034669;107
1119708118;1115732846;181;49;2023-12-13 15:37:07.034669;107
9827819;7728507;0;0;2023-12-13 15:37:07.034669;107
6031130;5132998;2;0;2023-12-13 15:37:07.034669;107
5152028;6072293;4;0;2023-12-13 15:37:07.043670;108
7740150;9842779;6;0;2023-12-13 15:37:07.043670;108
12036682;14051036;8;0;2023-12-13 15:37:07.044702;108
15673211;16351000;10;0;2023-12-13 15:37:07.044702;108
16388804;15656650;12;0;2023-12-13 15:37:07.044702;108
14117950;12075366;14;0;2023-12-13 15:37:07.044702;108
1119706695;1119487782;182;49;2023-12-13 15:37:07.044702;108
1119706357;1115732395;183;49;2023-12-13 15:37:07.044702;108
9829364;7729722;0;0;2023-12-13 15:37:07.044702;108
6032078;5133805;2;0;2023-12-13 15:37:07.054705;109
5152837;6073247;4;0;2023-12-13 15:37:07.054705;109
7741367;9844324;6;0;2023-12-13 15:37:07.054705;109
12038573;14053242;8;0;2023-12-13 15:37:07.055702;109
15675671;16353566;10;0;2023-12-13 15:37:07.055702;109
16391374;15659113;12;0;2023-12-13 15:37:07.055702;109
14120168;12077264;14;0;2023-12-13 15:37:07.055702;109
1119704867;1119487617;184;49;2023-12-13 15:37:07.055702;109
1119704598;1115731977;185;49;2023-12-13 15:37:07.055702;109
9830910;7730937;0;0;2023-12-13 15:37:07.065707;110
6033026;5134612;2;0;2023-12-13 15:37:07.065707;110
5153646;6074202;4;0;2023-12-13 15:37:07.065707;110
7742585;9845870;6;0;2023-12-13 15:37:07.066672;110
12040464;14055449;8;0;2023-12-13 15:37:07.066672;110
15678132;16356135;10;0;2023-12-13 15:37:07.066672;110
16393947;15661572;12;0;2023-12-13 15:37:07.066672;110
14122386;12079160;14;0;2023-12-13 15:37:07.066672;110
1119703037;1119487453;186;49;2023-12-13 15:37:07.066672;110
1119702832;1115731564;187;49;2023-12-13 15:37:07.076403;111
9832454;7732152;0;0;2023-12-13 15:37:07.076403;111
6033975;5135420;2;0;2023-12-13 15:37:07.076403;111
5154456;6075155;4;0;2023-12-13 15:37:07.076403;111
7743801;9847417;6;0;2023-12-13 15:37:07.076403;111
12042354;14057657;8;0;2023-12-13 15:37:07.076403;111
15680595;16358706;10;0;2023-12-13 15:37:07.076403;111
16396524;15664029;12;0;2023-12-13 15:37:07.076403;111
14124604;12081057;14;0;2023-12-13 15:37:07.076403;111
1119701213;1119487276;188;49;2023-12-13 15:37:07.087359;112
1119701063;1115731170;189;49;2023-12-13 15:37:07.087359;112
9833998;7733367;0;0;2023-12-13 15:37:07.087359;112
6034922;5136227;2;0;2023-12-13 15:37:07.087359;112
5155265;6076108;4;0;2023-12-13 15:37:07.087359;112
7745017;9848964;6;0;2023-12-13 15:37:07.087359;112
12044245;14059866;8;0;2023-12-13 15:37:07.087359;112
15683058;16361275;10;0;2023-12-13 15:37:07.087359;112
16399099;15666489;12;0;2023-12-13 15:37:07.087359;112
14126823;12082955;14;0;2023-12-13 15:37:07.098332;113
1119699387;1119487084;190;49;2023-12-13 15:37:07.098332;113
1119699305;1115730736;191;49;2023-12-13 15:37:07.098332;113
9835541;7734580;0;0;2023-12-13 15:37:07.098332;113
6035869;5137034;2;0;2023-12-13 15:37:07.098332;113
5156075;6077063;4;0;2023-12-13 15:37:07.098332;113
7746233;9850511;6;0;2023-12-13 15:37:07.098332;113
12046137;14062074;8;0;2023-12-13 15:37:07.098332;113
15685520;16363843;10;0;2023-12-13 15:37:07.098332;113
16401670;15668947;12;0;2023-12-13 15:37:07.109665;114
14129040;12084852;14;0;2023-12-13 15:37:07.109665;114
1119697566;1119486911;192;49;2023-12-13 15:37:07.109665;114
1119697548;1115730309;193;49;2023-12-13 15:37:07.109665;114
9837085;7735793;0;0;2023-12-13 15:37:07.109665;114
6036815;5137840;2;0;2023-12-13 15:37:07.109665;114
5156884;6078016;4;0;2023-12-13 15:37:07.109665;114
7747450;9852058;6;0;2023-12-13 15:37:07.109665;114
12048030;14064284;8;0;2023-12-13 15:37:07.109665;114
15687983;16366412;10;0;2023-12-13 15:37:07.118620;115
16404243;15671411;12;0;2023-12-13 15:37:07.118620;115
14131260;12086752;14;0;2023-12-13 15:37:07.118620;115
1119695736;1119486736;194;49;2023-12-13 15:37:07.118620;115
1119695783;1115729890;195;49;2023-12-13 15:37:07.119621;115
9838631;7737008;0;0;2023-12-13 15:37:07.119621;115
6037764;5138648;2;0;2023-12-13 15:37:07.119621;115
5157695;6078971;4;0;2023-12-13 15:37:07.119621;115
7748667;9853604;6;0;2023-12-13 15:37:07.119621;115
12049922;14066491;8;0;2023-12-13 15:37:07.130306;116
15690445;16368981;10;0;2023-12-13 15:37:07.130306;116
16406816;15673868;12;0;2023-12-13 15:37:07.130306;116
14133477;12088648;14;0;2023-12-13 15:37:07.130306;116
1119693913;1119486599;196;49;2023-12-13 15:37:07.130621;116
1119694017;1115729460;197;49;2023-12-13 15:37:07.130621;116
9840176;7738222;0;0;2023-12-13 15:37:07.130621;116
6038712;5139455;2;0;2023-12-13 15:37:07.130621;116
5158504;6079926;4;0;2023-12-13 15:37:07.130621;116
7749884;9855151;6;0;2023-12-13 15:37:07.140878;117
12051814;14068699;8;0;2023-12-13 15:37:07.140878;117
15692907;16371548;10;0;2023-12-13 15:37:07.141628;117
16409391;15676333;12;0;2023-12-13 15:37:07.141628;117
14135697;12090548;14;0;2023-12-13 15:37:07.141628;117
1119692092;1119486445;198;49;2023-12-13 15:37:07.141628;117
1119692257;1115729052;199;49;2023-12-13 15:37:07.141628;117
9841723;7739438;0;0;2023-12-13 15:37:07.141628;117
6039663;5140262;2;0;2023-12-13 15:37:07.141628;117
5159315;6080880;4;0;2023-12-13 15:37:07.151749;118
7751101;9856699;6;0;2023-12-13 15:37:07.151749;118
12053708;14070911;8;0;2023-12-13 15:37:07.151749;118
15695373;16374119;10;0;2023-12-13 15:37:07.151749;118
16411972;15678796;12;0;2023-12-13 15:37:07.151749;118
14137918;12092448;14;0;2023-12-13 15:37:07.152654;118
1119690265;1119486313;200;49;2023-12-13 15:37:07.152654;118
1119690496;1115728613;201;49;2023-12-13 15:37:07.152654;118
9843269;7740655;0;0;2023-12-13 15:37:07.152654;118
6040611;5141068;2;0;2023-12-13 15:37:07.162779;119
5160124;6081834;4;0;2023-12-13 15:37:07.163653;119
7752317;9858246;6;0;2023-12-13 15:37:07.163653;119
12055599;14073118;8;0;2023-12-13 15:37:07.163653;119
15697836;16376686;10;0;2023-12-13 15:37:07.163892;119
16414544;15681261;12;0;2023-12-13 15:37:07.163892;119
14140137;12094346;14;0;2023-12-13 15:37:07.163892;119
1119688442;1119486172;202;49;2023-12-13 15:37:07.163892;119
1119688741;1115728184;203;49;2023-12-13 15:37:07.163892;119
9844814;7741870;0;0;2023-12-13 15:37:07.173198;120
6041559;5141874;2;0;2023-12-13 15:37:07.173198;120
5160932;6082787;4;0;2023-12-13 15:37:07.173198;120
7753532;9859791;6;0;2023-12-13 15:37:07.173198;120
12057491;14075326;8;0;2023-12-13 15:37:07.173198;120
15700298;16379255;10;0;2023-12-13 15:37:07.173198;120
16417116;15683722;12;0;2023-12-13 15:37:07.173198;120
14142355;12096244;14;0;2023-12-13 15:37:07.173198;120
1119686626;1119486007;204;49;2023-12-13 15:37:07.173198;120
1119686988;1115727771;205;49;2023-12-13 15:37:07.184197;121
9846358;7743085;0;0;2023-12-13 15:37:07.184197;121
6042506;5142681;2;0;2023-12-13 15:37:07.184197;121
5161741;6083742;4;0;2023-12-13 15:37:07.184197;121
7754749;9861339;6;0;2023-12-13 15:37:07.184197;121
12059384;14077536;8;0;2023-12-13 15:37:07.184197;121
15702762;16381825;10;0;2023-12-13 15:37:07.184197;121
16419690;15686188;12;0;2023-12-13 15:37:07.184197;121
14144576;12098144;14;0;2023-12-13 15:37:07.184197;121
1119684806;1119485814;206;49;2023-12-13 15:37:07.194199;122
1119685237;1115727362;207;49;2023-12-13 15:37:07.194199;122
9847901;7744299;0;0;2023-12-13 15:37:07.194199;122
6043453;5143487;2;0;2023-12-13 15:37:07.194199;122
5162552;6084697;4;0;2023-12-13 15:37:07.194199;122
7755967;9862888;6;0;2023-12-13 15:37:07.194199;122
12061275;14079745;8;0;2023-12-13 15:37:07.194199;122
15705225;16384394;10;0;2023-12-13 15:37:07.194199;122
16422263;15688651;12;0;2023-12-13 15:37:07.194199;122
14146794;12100041;14;0;2023-12-13 15:37:07.205199;123
1119682985;1119485651;208;49;2023-12-13 15:37:07.205199;123
1119683479;1115726937;209;49;2023-12-13 15:37:07.205199;123
9849445;7745513;0;0;2023-12-13 15:37:07.205199;123
6044401;5144295;2;0;2023-12-13 15:37:07.205199;123
5163362;6085651;4;0;2023-12-13 15:37:07.205199;123
7757185;9864435;6;0;2023-12-13 15:37:07.205199;123
12063167;14081954;8;0;2023-12-13 15:37:07.205199;123
15707690;16386964;10;0;2023-12-13 15:37:07.205199;123
16424840;15691115;12;0;2023-12-13 15:37:07.216197;124
14149014;12101940;14;0;2023-12-13 15:37:07.216197;124
1119681166;1119485488;210;49;2023-12-13 15:37:07.216197;124
1119681733;1115726495;211;49;2023-12-13 15:37:07.216197;124
9850991;7746727;0;0;2023-12-13 15:37:07.216197;124
6045349;5145102;2;0;2023-12-13 15:37:07.216197;124
5164172;6086606;4;0;2023-12-13 15:37:07.216197;124
7758402;9865982;6;0;2023-12-13 15:37:07.216197;124
12065060;14084163;8;0;2023-12-13 15:37:07.216197;124
15710155;16389533;10;0;2023-12-13 15:37:07.227231;125
16427417;15693579;12;0;2023-12-13 15:37:07.227231;125
14151234;12103839;14;0;2023-12-13 15:37:07.227231;125
1119679345;1119485349;212;49;2023-12-13 15:37:07.227231;125
1119679985;1115726086;213;49;2023-12-13 15:37:07.227231;125
9852537;7747943;0;0;2023-12-13 15:37:07.227231;125
6046297;5145909;2;0;2023-12-13 15:37:07.227231;125
5164983;6087561;4;0;2023-12-13 15:37:07.227231;125
7759620;9867529;6;0;2023-12-13 15:37:07.227231;125
12066952;14086371;8;0;2023-12-13 15:37:07.238354;126
15712619;16392103;10;0;2023-12-13 15:37:07.238354;126
16429996;15696041;12;0;2023-12-13 15:37:07.238354;126
14153455;12105737;14;0;2023-12-13 15:37:07.238354;126
1119677528;1119485202;214;49;2023-12-13 15:37:07.238354;126
1119678237;1115725682;215;49;2023-12-13 15:37:07.238354;126
9854083;7749157;0;0;2023-12-13 15:37:07.238354;126
6047244;5146715;2;0;2023-12-13 15:37:07.238354;126
5165791;6088515;4;0;2023-12-13 15:37:07.238354;126
7760836;9869076;6;0;2023-12-13 15:37:07.247252;127
12068843;14088579;8;0;2023-12-13 15:37:07.248254;127
15715081;16394671;10;0;2023-12-13 15:37:07.248254;127
16432570;15698504;12;0;2023-12-13 15:37:07.248254;127
14155674;12107635;14;0;2023-12-13 15:37:07.248254;127
1119675714;1119485030;216;49;2023-12-13 15:37:07.248254;127
1119676486;1115725261;217;49;2023-12-13 15:37:07.248254;127
9855629;7750371;0;0;2023-12-13 15:37:07.248254;127
6048191;5147522;2;0;2023-12-13 15:37:07.248254;127
5166601;6089470;4;0;2023-12-13 15:37:07.259015;128
7762052;9870624;6;0;2023-12-13 15:37:07.259015;128
12070738;14090789;8;0;2023-12-13 15:37:07.259015;128
15717547;16397242;10;0;2023-12-13 15:37:07.259251;128
16435148;15700966;12;0;2023-12-13 15:37:07.259251;128
14157895;12109535;14;0;2023-12-13 15:37:07.259251;128
1119673894;1119484851;218;49;2023-12-13 15:37:07.259251;128
1119674729;1115724861;219;49;2023-12-13 15:37:07.259251;128
9857172;7751584;0;0;2023-12-13 15:37:07.259251;128
6049137;5148329;2;0;2023-12-13 15:37:07.269251;129
5167411;6090426;4;0;2023-12-13 15:37:07.269251;129
7763269;9872171;6;0;2023-12-13 15:37:07.269251;129
12072629;14092997;8;0;2023-12-13 15:37:07.270256;129
15720011;16399812;10;0;2023-12-13 15:37:07.270256;129
16437723;15703429;12;0;2023-12-13 15:37:07.270369;129
14160115;12111433;14;0;2023-12-13 15:37:07.270369;129
1119672078;1119484682;220;49;2023-12-13 15:37:07.270369;129
1119672977;1115724433;221;49;2023-12-13 15:37:07.270369;129
9858716;7752798;0;0;2023-12-13 15:37:07.280252;130
6050083;5149135;2;0;2023-12-13 15:37:07.280252;130
5168221;6091380;4;0;2023-12-13 15:37:07.281253;130
7764486;9873719;6;0;2023-12-13 15:37:07.281253;130
12074521;14095207;8;0;2023-12-13 15:37:07.281253;130
15722476;16402382;10;0;2023-12-13 15:37:07.281253;130
16440302;15705891;12;0;2023-12-13 15:37:07.281253;130
14162336;12113332;14;0;2023-12-13 15:37:07.281253;130
1119670266;1119484524;222;49;2023-12-13 15:37:07.281253;130
1119671228;1115724018;223;49;2023-12-13 15:37:07.290283;131
9860261;7754014;0;0;2023-12-13 15:37:07.290283;131
6051032;5149943;2;0;2023-12-13 15:37:07.290283;131
5169030;6092335;4;0;2023-12-13 15:37:07.291252;131
7765703;9875266;6;0;2023-12-13 15:37:07.291252;131
12076412;14097416;8;0;2023-12-13 15:37:07.291252;131
15724939;16404952;10;0;2023-12-13 15:37:07.291252;131
16442874;15708354;12;0;2023-12-13 15:37:07.291252;131
14164554;12115229;14;0;2023-12-13 15:37:07.291252;131
1119668451;1119484347;224;49;2023-12-13 15:37:07.302254;132
1119669480;1115723601;225;49;2023-12-13 15:37:07.302254;132
9861807;7755231;0;0;2023-12-13 15:37:07.302254;132
6051981;5150750;2;0;2023-12-13 15:37:07.302254;132
5169841;6093291;4;0;2023-12-13 15:37:07.302254;132
7766922;9876815;6;0;2023-12-13 15:37:07.302254;132
12078306;14099626;8;0;2023-12-13 15:37:07.302254;132
15727403;16407520;10;0;2023-12-13 15:37:07.302254;132
16445446;15710817;12;0;2023-12-13 15:37:07.302254;132
14166773;12117127;14;0;2023-12-13 15:37:07.312367;133
1119666634;1119484208;226;49;2023-12-13 15:37:07.312367;133
1119667735;1115723177;227;49;2023-12-13 15:37:07.312367;133
9863353;7756446;0;0;2023-12-13 15:37:07.313259;133
6052929;5151557;2;0;2023-12-13 15:37:07.313259;133
5170650;6094246;4;0;2023-12-13 15:37:07.313259;133
7768138;9878362;6;0;2023-12-13 15:37:07.313259;133
12080198;14101834;8;0;2023-12-13 15:37:07.313259;133
15729867;16410089;10;0;2023-12-13 15:37:07.313259;133
16448024;15713279;12;0;2023-12-13 15:37:07.322276;134
14168994;12119027;14;0;2023-12-13 15:37:07.322276;134
1119664821;1119484055;228;49;2023-12-13 15:37:07.322276;134
1119665990;1115722776;229;49;2023-12-13 15:37:07.322276;134
9864898;7757660;0;0;2023-12-13 15:37:07.322276;134
6053877;5152363;2;0;2023-12-13 15:37:07.323274;134
5171459;6095200;4;0;2023-12-13 15:37:07.323317;134
7769353;9879908;6;0;2023-12-13 15:37:07.323317;134
12082089;14104044;8;0;2023-12-13 15:37:07.323317;134
15732330;16412657;10;0;2023-12-13 15:37:07.333277;135
16450602;15715739;12;0;2023-12-13 15:37:07.333277;135
14171212;12120925;14;0;2023-12-13 15:37:07.333277;135
1119663010;1119483912;230;49;2023-12-13 15:37:07.333277;135
1119664240;1115722362;231;49;2023-12-13 15:37:07.333277;135
9866444;7758875;0;0;2023-12-13 15:37:07.333277;135
6054825;5153169;2;0;2023-12-13 15:37:07.334276;135
5172269;6096154;4;0;2023-12-13 15:37:07.334276;135
7770570;9881455;6;0;2023-12-13 15:37:07.334276;135
12083982;14106254;8;0;2023-12-13 15:37:07.344252;136
15734795;16415228;10;0;2023-12-13 15:37:07.344252;136
16453181;15718205;12;0;2023-12-13 15:37:07.344252;136
14173433;12122824;14;0;2023-12-13 15:37:07.344252;136
1119661200;1119483751;232;49;2023-12-13 15:37:07.344252;136
1119662505;1115721960;233;49;2023-12-13 15:37:07.344252;136
9867990;7760092;0;0;2023-12-13 15:37:07.345276;136
6055773;5153977;2;0;2023-12-13 15:37:07.345276;136
5173079;6097109;4;0;2023-12-13 15:37:07.345276;136
7771789;9883004;6;0;2023-12-13 15:37:07.355492;137
12085877;14108465;8;0;2023-12-13 15:37:07.355492;137
15737261;16417799;10;0;2023-12-13 15:37:07.355492;137
16455754;15720673;12;0;2023-12-13 15:37:07.355492;137
14175654;12124723;14;0;2023-12-13 15:37:07.355492;137
1119659381;1119483566;234;49;2023-12-13 15:37:07.356277;137
1119660763;1115721561;235;49;2023-12-13 15:37:07.356277;137
9869533;7761307;0;0;2023-12-13 15:37:07.356277;137
6056721;5154783;2;0;2023-12-13 15:37:07.356277;137
5173888;6098062;4;0;2023-12-13 15:37:07.366254;138
7773004;9884552;6;0;2023-12-13 15:37:07.366254;138
12087770;14110675;8;0;2023-12-13 15:37:07.366254;138
15739725;16420369;10;0;2023-12-13 15:37:07.366254;138
16458327;15723134;12;0;2023-12-13 15:37:07.366254;138
14177873;12126620;14;0;2023-12-13 15:37:07.366254;138
1119657578;1119483411;236;49;2023-12-13 15:37:07.366254;138
1119659014;1115721144;237;49;2023-12-13 15:37:07.367277;138
9871078;7762521;0;0;2023-12-13 15:37:07.367277;138
6057669;5155589;2;0;2023-12-13 15:37:07.376415;139
5174697;6099016;4;0;2023-12-13 15:37:07.376415;139
7774221;9886100;6;0;2023-12-13 15:37:07.376415;139
12089661;14112883;8;0;2023-12-13 15:37:07.376415;139
15742187;16422937;10;0;2023-12-13 15:37:07.376415;139
16460904;15725593;12;0;2023-12-13 15:37:07.376415;139
14180092;12128518;14;0;2023-12-13 15:37:07.376415;139
1119655767;1119483236;238;49;2023-12-13 15:37:07.376415;139
1119657273;1115720721;239;49;2023-12-13 15:37:07.376415;139
9872623;7763736;0;0;2023-12-13 15:37:07.387416;140
6058616;5156397;2;0;2023-12-13 15:37:07.387416;140
5175508;6099972;4;0;2023-12-13 15:37:07.387416;140
7775439;9887647;6;0;2023-12-13 15:37:07.387416;140
12091553;14115091;8;0;2023-12-13 15:37:07.387416;140
15744650;16425505;10;0;2023-12-13 15:37:07.387416;140
16463475;15728056;12;0;2023-12-13 15:37:07.387416;140
14182310;12130415;14;0;2023-12-13 15:37:07.387416;140
1119653959;1119483086;240;49;2023-12-13 15:37:07.387416;140
1119655526;1115720300;241;49;2023-12-13 15:37:07.397802;141
9874167;7764950;0;0;2023-12-13 15:37:07.397802;141
6059564;5157203;2;0;2023-12-13 15:37:07.397802;141
5176316;6100926;4;0;2023-12-13 15:37:07.397802;141
7776654;9889193;6;0;2023-12-13 15:37:07.397802;141
12093443;14117296;8;0;2023-12-13 15:37:07.397802;141
15747109;16428072;10;0;2023-12-13 15:37:07.398391;141
16466049;15730510;12;0;2023-12-13 15:37:07.398391;141
14184526;12132311;14;0;2023-12-13 15:37:07.398391;141
1119652154;1119482936;242;49;2023-12-13 15:37:07.408391;142
1119653788;1115719880;243;49;2023-12-13 15:37:07.408391;142
9875711;7766164;0;0;2023-12-13 15:37:07.408391;142
6060511;5158008;2;0;2023-12-13 15:37:07.408391;142
5177124;6101880;4;0;2023-12-13 15:37:07.408391;142
7777870;9890738;6;0;2023-12-13 15:37:07.408391;142
12095332;14119500;8;0;2023-12-13 15:37:07.408391;142
15749568;16430644;10;0;2023-12-13 15:37:07.408391;142
16468627;15732963;12;0;2023-12-13 15:37:07.408391;142
14186743;12134207;14;0;2023-12-13 15:37:07.419790;143
1119650355;1119482782;244;49;2023-12-13 15:37:07.419790;143
1119652048;1115719509;245;49;2023-12-13 15:37:07.419790;143
9877254;7767378;0;0;2023-12-13 15:37:07.419790;143
6061458;5158814;2;0;2023-12-13 15:37:07.419790;143
5177932;6102834;4;0;2023-12-13 15:37:07.419790;143
7779087;9892284;6;0;2023-12-13 15:37:07.420392;143
12097223;14121706;8;0;2023-12-13 15:37:07.420392;143
15752029;16433211;10;0;2023-12-13 15:37:07.420392;143
16471199;15735424;12;0;2023-12-13 15:37:07.430393;144
14188961;12136105;14;0;2023-12-13 15:37:07.430393;144
1119648548;1119482635;246;49;2023-12-13 15:37:07.430393;144
1119650312;1115719108;247;49;2023-12-13 15:37:07.430393;144
9878797;7768592;0;0;2023-12-13 15:37:07.430393;144
6062405;5159620;2;0;2023-12-13 15:37:07.430393;144
5178742;6103787;4;0;2023-12-13 15:37:07.430393;144
7780303;9893829;6;0;2023-12-13 15:37:07.430393;144
12099113;14123914;8;0;2023-12-13 15:37:07.430393;144
15754491;16435777;10;0;2023-12-13 15:37:07.441497;145
16473768;15737887;12;0;2023-12-13 15:37:07.441497;145
14191179;12138002;14;0;2023-12-13 15:37:07.441497;145
1119646747;1119482494;248;49;2023-12-13 15:37:07.441497;145
1119648577;1115718692;249;49;2023-12-13 15:37:07.441497;145
9880340;7769806;0;0;2023-12-13 15:37:07.441497;145
6063351;5160425;2;0;2023-12-13 15:37:07.441497;145
5179551;6104739;4;0;2023-12-13 15:37:07.441497;145
7781518;9895374;6;0;2023-12-13 15:37:07.441497;145
12101004;14126120;8;0;2023-12-13 15:37:07.451600;146
15756953;16438345;10;0;2023-12-13 15:37:07.452030;146
16476343;15740347;12;0;2023-12-13 15:37:07.452030;146
14193397;12139899;14;0;2023-12-13 15:37:07.452030;146
1119644944;1119482340;250;49;2023-12-13 15:37:07.452030;146
1119646844;1115718285;251;49;2023-12-13 15:37:07.452030;146
9881883;7771020;0;0;2023-12-13 15:37:07.452601;146
6064300;5161232;2;0;2023-12-13 15:37:07.452601;146
5180361;6105693;4;0;2023-12-13 15:37:07.452601;146
7782734;9896920;6;0;2023-12-13 15:37:07.462639;147
12102894;14128327;8;0;2023-12-13 15:37:07.462639;147
15759414;16440913;10;0;2023-12-13 15:37:07.462639;147
16478918;15742804;12;0;2023-12-13 15:37:07.462639;147
14195615;12141796;14;0;2023-12-13 15:37:07.462639;147
1119643144;1119482202;252;49;2023-12-13 15:37:07.462639;147
1119645102;1115717860;253;49;2023-12-13 15:37:07.462639;147
9883428;7772235;0;0;2023-12-13 15:37:07.462639;147
6065250;5162039;2;0;2023-12-13 15:37:07.463155;147
5181172;6106647;4;0;2023-12-13 15:37:07.473584;148
7783950;9898466;6;0;2023-12-13 15:37:07.473584;148
12104785;14130533;8;0;2023-12-13 15:37:07.473584;148
15761875;16443480;10;0;2023-12-13 15:37:07.473584;148
16481492;15745261;12;0;2023-12-13 15:37:07.473584;148
14197832;12143693;14;0;2023-12-13 15:37:07.473584;148
1119641343;1119482030;254;49;2023-12-13 15:37:07.473584;148
1119643359;1115717457;255;49;2023-12-13 15:37:07.473584;148
9884971;7773449;0;0;2023-12-13 15:37:07.473584;148
6066198;5162845;2;0;2023-12-13 15:37:07.484307;149
5181981;6107600;4;0;2023-12-13 15:37:07.484307;149
7785166;9900012;6;0;2023-12-13 15:37:07.484307;149
12106676;14132741;8;0;2023-12-13 15:37:07.484307;149
15764338;16446050;10;0;2023-12-13 15:37:07.484307;149
16484072;15747716;12;0;2023-12-13 15:37:07.484307;149
14200051;12145591;14;0;2023-12-13 15:37:07.485065;149
1119639539;1119481871;0;50;2023-12-13 15:37:07.485065;149
1119641625;1115717065;1;50;2023-12-13 15:37:07.485065;149
9886514;7774663;0;0;2023-12-13 15:37:07.495581;150
6067146;5163651;2;0;2023-12-13 15:37:07.495581;150
5182791;6108553;4;0;2023-12-13 15:37:07.495581;150
7786381;9901557;6;0;2023-12-13 15:37:07.495581;150
12108565;14134947;8;0;2023-12-13 15:37:07.495581;150
15766799;16448619;10;0;2023-12-13 15:37:07.495581;150
16486650;15750169;12;0;2023-12-13 15:37:07.495581;150
14202268;12147486;14;0;2023-12-13 15:37:07.495581;150
1119637739;1119481722;2;50;2023-12-13 15:37:07.495581;150
1119639888;1115716666;3;50;2023-12-13 15:37:07.505459;151
9888058;7775878;0;0;2023-12-13 15:37:07.505459;151
6068095;5164457;2;0;2023-12-13 15:37:07.505459;151
5183600;6109507;4;0;2023-12-13 15:37:07.505459;151
7787596;9903104;6;0;2023-12-13 15:37:07.505459;151
12110456;14137155;8;0;2023-12-13 15:37:07.505877;151
15769261;16451189;10;0;2023-12-13 15:37:07.505877;151
16489226;15752627;12;0;2023-12-13 15:37:07.505877;151
14204486;12149383;14;0;2023-12-13 15:37:07.505877;151
1119635942;1119481544;4;50;2023-12-13 15:37:07.515878;152
1119638156;1115716277;5;50;2023-12-13 15:37:07.515878;152
9889602;7777091;0;0;2023-12-13 15:37:07.515878;152
6069042;5165263;2;0;2023-12-13 15:37:07.515878;152
5184409;6110461;4;0;2023-12-13 15:37:07.516898;152
7788812;9904651;6;0;2023-12-13 15:37:07.516898;152
12112348;14139362;8;0;2023-12-13 15:37:07.516898;152
15771723;16453761;10;0;2023-12-13 15:37:07.516898;152
16491804;15755084;12;0;2023-12-13 15:37:07.516898;152
14206703;12151279;14;0;2023-12-13 15:37:07.526913;153
1119634138;1119481385;6;50;2023-12-13 15:37:07.526913;153
1119636423;1115715898;7;50;2023-12-13 15:37:07.526913;153
9891147;7778305;0;0;2023-12-13 15:37:07.526913;153
6069989;5166070;2;0;2023-12-13 15:37:07.526913;153
5185218;6111415;4;0;2023-12-13 15:37:07.527910;153
7790029;9906198;6;0;2023-12-13 15:37:07.527910;153
12114240;14141570;8;0;2023-12-13 15:37:07.527910;153
15774187;16456334;10;0;2023-12-13 15:37:07.527910;153
16494379;15757547;12;0;2023-12-13 15:37:07.536907;154
14208922;12153177;14;0;2023-12-13 15:37:07.536907;154
1119632340;1119481213;8;50;2023-12-13 15:37:07.536907;154
1119634683;1115715505;9;50;2023-12-13 15:37:07.536907;154
9892692;7779518;0;0;2023-12-13 15:37:07.536907;154
6070937;5166878;2;0;2023-12-13 15:37:07.537904;154
5186028;6112370;4;0;2023-12-13 15:37:07.537904;154
7791246;9907746;6;0;2023-12-13 15:37:07.537904;154
12116132;14143778;8;0;2023-12-13 15:37:07.537904;154
15776651;16458903;10;0;2023-12-13 15:37:07.547877;155
16496954;15760009;12;0;2023-12-13 15:37:07.547877;155
14211141;12155074;14;0;2023-12-13 15:37:07.547877;155
1119630539;1119481063;10;50;2023-12-13 15:37:07.547877;155
1119632953;1115715111;11;50;2023-12-13 15:37:07.547877;155
9894236;7780732;0;0;2023-12-13 15:37:07.547877;155
6071886;5167685;2;0;2023-12-13 15:37:07.548880;155
5186837;6113324;4;0;2023-12-13 15:37:07.548880;155
7792462;9909292;6;0;2023-12-13 15:37:07.548880;155
12118023;14145984;8;0;2023-12-13 15:37:07.558927;156
15779113;16461470;10;0;2023-12-13 15:37:07.558927;156
16499525;15762467;12;0;2023-12-13 15:37:07.558927;156
14213356;12156970;14;0;2023-12-13 15:37:07.558927;156
1119628741;1119480893;12;50;2023-12-13 15:37:07.558927;156
1119631219;1115714730;13;50;2023-12-13 15:37:07.559902;156
9895779;7781946;0;0;2023-12-13 15:37:07.559902;156
6072835;5168493;2;0;2023-12-13 15:37:07.559902;156
5187647;6114279;4;0;2023-12-13 15:37:07.559902;156
7793678;9910839;6;0;2023-12-13 15:37:07.570542;157
12119914;14148191;8;0;2023-12-13 15:37:07.570906;157
15781575;16464037;10;0;2023-12-13 15:37:07.570906;157
16502097;15764923;12;0;2023-12-13 15:37:07.570906;157
14215574;12158867;14;0;2023-12-13 15:37:07.570906;157
1119626943;1119480746;14;50;2023-12-13 15:37:07.570906;157
1119629482;1115714355;15;50;2023-12-13 15:37:07.570906;157
9897324;7783160;0;0;2023-12-13 15:37:07.570906;157
6073784;5169300;2;0;2023-12-13 15:37:07.570906;157
5188456;6115232;4;0;2023-12-13 15:37:07.580367;158
7794893;9912384;6;0;2023-12-13 15:37:07.580367;158
12121803;14150397;8;0;2023-12-13 15:37:07.580367;158
15784034;16466607;10;0;2023-12-13 15:37:07.580906;158
16504673;15767374;12;0;2023-12-13 15:37:07.580906;158
14217789;12160762;14;0;2023-12-13 15:37:07.580906;158
1119625153;1119480586;16;50;2023-12-13 15:37:07.580906;158
1119627749;1115713978;17;50;2023-12-13 15:37:07.581536;158
9898870;7784375;0;0;2023-12-13 15:37:07.581536;158
6074733;5170107;2;0;2023-12-13 15:37:07.590963;159
5189265;6116187;4;0;2023-12-13 15:37:07.590963;159
7796110;9913933;6;0;2023-12-13 15:37:07.590963;159
12123695;14152607;8;0;2023-12-13 15:37:07.590963;159
15786499;16469177;10;0;2023-12-13 15:37:07.590963;159
16507246;15769836;12;0;2023-12-13 15:37:07.590963;159
14220008;12162662;14;0;2023-12-13 15:37:07.591878;159
1119623348;1119480437;18;50;2023-12-13 15:37:07.591878;159
1119626009;1115713617;19;50;2023-12-13 15:37:07.591878;159
9900415;7785590;0;0;2023-12-13 15:37:07.602338;160
6075681;5170913;2;0;2023-12-13 15:37:07.602338;160
5190075;6117141;4;0;2023-12-13 15:37:07.602338;160
7797327;9915480;6;0;2023-12-13 15:37:07.602338;160
12125586;14154812;8;0;2023-12-13 15:37:07.602338;160
15788960;16471750;10;0;2023-12-13 15:37:07.602338;160
16509824;15772294;12;0;2023-12-13 15:37:07.602338;160
14222225;12164558;14;0;2023-12-13 15:37:07.602338;160
1119621559;1119480259;20;50;2023-12-13 15:37:07.602338;160
1119624271;1115713264;21;50;2023-12-13 15:37:07.612418;161
9901958;7786802;0;0;2023-12-13 15:37:07.612418;161
6076626;5171719;2;0;2023-12-13 15:37:07.612418;161
5190883;6118096;4;0;2023-12-13 15:37:07.612418;161
7798543;9917026;6;0;2023-12-13 15:37:07.612418;161
12127478;14157020;8;0;2023-12-13 15:37:07.612418;161
15791422;16474319;10;0;2023-12-13 15:37:07.612418;161
16512397;15774752;12;0;2023-12-13 15:37:07.612418;161
14224442;12166456;14;0;2023-12-13 15:37:07.612418;161
1119619761;1119480107;22;50;2023-12-13 15:37:07.623391;162
1119622536;1115712894;23;50;2023-12-13 15:37:07.623391;162
9903501;7788015;0;0;2023-12-13 15:37:07.623391;162
6077572;5172524;2;0;2023-12-13 15:37:07.623391;162
5191691;6119050;4;0;2023-12-13 15:37:07.623391;162
7799758;9918571;6;0;2023-12-13 15:37:07.623391;162
12129368;14159226;8;0;2023-12-13 15:37:07.623391;162
15793883;16476893;10;0;2023-12-13 15:37:07.623391;162
16514977;15777208;12;0;2023-12-13 15:37:07.623391;162
14226660;12168353;14;0;2023-12-13 15:37:07.633391;163
1119617970;1119479952;24;50;2023-12-13 15:37:07.634390;163
1119620806;1115712486;25;50;2023-12-13 15:37:07.634390;163
9905044;7789229;0;0;2023-12-13 15:37:07.634390;163
6078519;5173330;2;0;2023-12-13 15:37:07.634390;163
5192500;6120003;4;0;2023-12-13 15:37:07.634390;163
7800973;9920116;6;0;2023-12-13 15:37:07.634390;163
12131257;14161432;8;0;2023-12-13 15:37:07.634390;163
15796343;16479463;10;0;2023-12-13 15:37:07.634390;163
16517555;15779660;12;0;2023-12-13 15:37:07.645399;164
14228876;12170249;14;0;2023-12-13 15:37:07.645399;164
1119616178;1119479797;26;50;2023-12-13 15:37:07.645399;164
1119619080;1115712111;27;50;2023-12-13 15:37:07.645399;164
9906588;7790443;0;0;2023-12-13 15:37:07.645399;164
6079467;5174139;2;0;2023-12-13 15:37:07.645399;164
5193310;6120958;4;0;2023-12-13 15:37:07.645399;164
7802190;9921663;6;0;2023-12-13 15:37:07.645399;164
12133149;14163641;8;0;2023-12-13 15:37:07.645399;164
15798807;16482032;10;0;2023-12-13 15:37:07.654391;165
16520130;15782122;12;0;2023-12-13 15:37:07.655392;165
14231094;12172147;14;0;2023-12-13 15:37:07.655392;165
1119614390;1119479656;28;50;2023-12-13 15:37:07.655392;165
1119617351;1115711731;29;50;2023-12-13 15:37:07.655392;165
9908133;7791658;0;0;2023-12-13 15:37:07.655392;165
6080414;5174946;2;0;2023-12-13 15:37:07.655392;165
5194120;6121912;4;0;2023-12-13 15:37:07.655392;165
7803407;9923210;6;0;2023-12-13 15:37:07.655392;165
12135040;14165850;8;0;2023-12-13 15:37:07.666393;166
15801272;16484604;10;0;2023-12-13 15:37:07.666393;166
16522712;15784582;12;0;2023-12-13 15:37:07.666393;166
14233314;12174046;14;0;2023-12-13 15:37:07.666393;166
1119612594;1119479513;30;50;2023-12-13 15:37:07.666393;166
1119615624;1115711344;31;50;2023-12-13 15:37:07.666393;166
9909680;7792873;0;0;2023-12-13 15:37:07.666393;166
6081363;5175754;2;0;2023-12-13 15:37:07.666393;166
5194931;6122866;4;0;2023-12-13 15:37:07.666393;166
7804624;9924757;6;0;2023-12-13 15:37:07.677359;167
12136932;14168058;8;0;2023-12-13 15:37:07.677359;167
15803737;16487175;10;0;2023-12-13 15:37:07.677359;167
16525291;15787041;12;0;2023-12-13 15:37:07.677359;167
14235533;12175945;14;0;2023-12-13 15:37:07.677359;167
1119610802;1119479358;32;50;2023-12-13 15:37:07.677359;167
1119613902;1115710983;33;50;2023-12-13 15:37:07.677359;167
9911223;7794086;0;0;2023-12-13 15:37:07.677359;167
6082311;5176559;2;0;2023-12-13 15:37:07.677359;167
5195741;6123820;4;0;2023-12-13 15:37:07.688513;168
7805840;9926303;6;0;2023-12-13 15:37:07.688513;168
12138823;14170266;8;0;2023-12-13 15:37:07.688513;168
15806202;16489746;10;0;2023-12-13 15:37:07.688513;168
16527870;15789501;12;0;2023-12-13 15:37:07.688513;168
14237751;12177844;14;0;2023-12-13 15:37:07.688513;168
1119609010;1119479184;34;50;2023-12-13 15:37:07.688513;168
1119612178;1115710608;35;50;2023-12-13 15:37:07.688513;168
9912768;7795301;0;0;2023-12-13 15:37:07.688513;168
6083258;5177365;2;0;2023-12-13 15:37:07.698344;169
5196550;6124775;4;0;2023-12-13 15:37:07.699346;169
7807058;9927851;6;0;2023-12-13 15:37:07.699346;169
12140715;14172474;8;0;2023-12-13 15:37:07.699346;169
15808664;16492320;10;0;2023-12-13 15:37:07.699346;169
16530455;15791956;12;0;2023-12-13 15:37:07.699346;169
14239969;12179741;14;0;2023-12-13 15:37:07.699346;169
1119607221;1119479045;36;50;2023-12-13 15:37:07.699346;169
1119610458;1115710237;37;50;2023-12-13 15:37:07.699346;169
9914314;7796516;0;0;2023-12-13 15:37:07.708343;170
6084206;5178173;2;0;2023-12-13 15:37:07.708343;170
5197361;6125730;4;0;2023-12-13 15:37:07.709344;170
7808275;9929398;6;0;2023-12-13 15:37:07.709344;170
12142609;14174682;8;0;2023-12-13 15:37:07.709344;170
15811127;16494892;10;0;2023-12-13 15:37:07.709344;170
16533032;15794418;12;0;2023-12-13 15:37:07.709344;170
14242189;12181639;14;0;2023-12-13 15:37:07.709344;170
1119605434;1119478881;38;50;2023-12-13 15:37:07.709344;170
1119608731;1115709847;39;50;2023-12-13 15:37:07.720344;171
9915861;7797732;0;0;2023-12-13 15:37:07.720344;171
6085155;5178981;2;0;2023-12-13 15:37:07.720344;171
5198171;6126685;4;0;2023-12-13 15:37:07.720344;171
7809494;9930946;6;0;2023-12-13 15:37:07.720344;171
12144503;14176892;8;0;2023-12-13 15:37:07.720344;171
15813592;16497462;10;0;2023-12-13 15:37:07.720344;171
16535608;15796881;12;0;2023-12-13 15:37:07.720344;171
14244408;12183537;14;0;2023-12-13 15:37:07.720344;171
1119603640;1119478742;40;50;2023-12-13 15:37:07.731342;172
1119607010;1115709463;41;50;2023-12-13 15:37:07.731342;172
9917405;7798946;0;0;2023-12-13 15:37:07.731342;172
6086103;5179787;2;0;2023-12-13 15:37:07.731342;172
5198980;6127639;4;0;2023-12-13 15:37:07.731342;172
7810709;9932493;6;0;2023-12-13 15:37:07.731342;172
12146395;14179100;8;0;2023-12-13 15:37:07.731342;172
15816056;16500030;10;0;2023-12-13 15:37:07.731342;172
16538180;15799344;12;0;2023-12-13 15:37:07.731342;172
14246626;12185435;14;0;2023-12-13 15:37:07.741106;173
1119601852;1119478600;42;50;2023-12-13 15:37:07.741106;173
1119605293;1115709074;43;50;2023-12-13 15:37:07.741106;173
9918951;7800161;0;0;2023-12-13 15:37:07.741343;173
6087053;5180595;2;0;2023-12-13 15:37:07.741343;173
5199791;6128594;4;0;2023-12-13 15:37:07.741343;173
7811928;9934041;6;0;2023-12-13 15:37:07.741343;173
12148287;14181308;8;0;2023-12-13 15:37:07.741343;173
15818521;16502600;10;0;2023-12-13 15:37:07.741343;173
16540753;15801812;12;0;2023-12-13 15:37:07.752343;174
14248846;12187333;14;0;2023-12-13 15:37:07.752343;174
1119600065;1119478482;44;50;2023-12-13 15:37:07.752343;174
1119603567;1115708686;45;50;2023-12-13 15:37:07.752343;174
9920497;7801377;0;0;2023-12-13 15:37:07.752343;174
6088002;5181402;2;0;2023-12-13 15:37:07.752343;174
5200600;6129548;4;0;2023-12-13 15:37:07.752343;174
7813144;9935587;6;0;2023-12-13 15:37:07.752343;174
12150179;14183516;8;0;2023-12-13 15:37:07.752343;174
15820985;16505169;10;0;2023-12-13 15:37:07.763343;175
16543331;15804273;12;0;2023-12-13 15:37:07.763343;175
14251065;12189232;14;0;2023-12-13 15:37:07.763343;175
1119598273;1119478348;46;50;2023-12-13 15:37:07.763343;175
1119601848;1115708298;47;50;2023-12-13 15:37:07.763343;175
9922042;7802592;0;0;2023-12-13 15:37:07.763343;175
6088951;5182210;2;0;2023-12-13 15:37:07.763343;175
5201410;6130502;4;0;2023-12-13 15:37:07.763343;175
7814361;9937134;6;0;2023-12-13 15:37:07.763343;175
12152070;14185726;8;0;2023-12-13 15:37:07.773714;176
15823451;16507739;10;0;2023-12-13 15:37:07.773714;176
16545907;15806740;12;0;2023-12-13 15:37:07.773714;176
14253285;12191131;14;0;2023-12-13 15:37:07.773714;176
1119596487;1119478215;48;50;2023-12-13 15:37:07.774626;176
1119600130;1115707926;49;50;2023-12-13 15:37:07.774626;176
9923586;7803806;0;0;2023-12-13 15:37:07.774626;176
6089898;5183015;2;0;2023-12-13 15:37:07.774626;176
5202220;6131455;4;0;2023-12-13 15:37:07.774626;176
7815577;9938680;6;0;2023-12-13 15:37:07.783603;177
12153961;14187934;8;0;2023-12-13 15:37:07.783603;177
15825915;16510308;10;0;2023-12-13 15:37:07.783603;177
16548479;15809205;12;0;2023-12-13 15:37:07.783603;177
14255504;12193030;14;0;2023-12-13 15:37:07.783603;177
1119594711;1119478060;50;50;2023-12-13 15:37:07.783603;177
1119598411;1115707534;51;50;2023-12-13 15:37:07.783603;177
9925131;7805021;0;0;2023-12-13 15:37:07.783603;177
6090847;5183823;2;0;2023-12-13 15:37:07.784602;177
5203031;6132410;4;0;2023-12-13 15:37:07.794603;178
7816794;9940228;6;0;2023-12-13 15:37:07.794603;178
12155853;14190143;8;0;2023-12-13 15:37:07.794603;178
15828379;16512877;10;0;2023-12-13 15:37:07.794603;178
16551048;15811671;12;0;2023-12-13 15:37:07.794603;178
14257721;12194926;14;0;2023-12-13 15:37:07.794603;178
1119592920;1119477924;52;50;2023-12-13 15:37:07.794603;178
1119596696;1115707141;53;50;2023-12-13 15:37:07.794603;178
9926674;7806235;0;0;2023-12-13 15:37:07.794603;178
6091794;5184628;2;0;2023-12-13 15:37:07.806011;179
5203839;6133364;4;0;2023-12-13 15:37:07.806011;179
7818010;9941774;6;0;2023-12-13 15:37:07.806011;179
12157745;14192351;8;0;2023-12-13 15:37:07.806011;179
15830842;16515446;10;0;2023-12-13 15:37:07.806011;179
16553624;15814133;12;0;2023-12-13 15:37:07.806011;179
14259941;12196825;14;0;2023-12-13 15:37:07.806011;179
1119591141;1119477760;54;50;2023-12-13 15:37:07.806011;179
1119594979;1115706764;55;50;2023-12-13 15:37:07.806011;179
9928220;7807450;0;0;2023-12-13 15:37:07.816603;180
6092742;5185435;2;0;2023-12-13 15:37:07.816603;180
5204649;6134320;4;0;2023-12-13 15:37:07.816603;180
7819227;9943321;6;0;2023-12-13 15:37:07.816603;180
12159638;14194559;8;0;2023-12-13 15:37:07.816603;180
15833304;16518016;10;0;2023-12-13 15:37:07.816603;180
16556202;15816592;12;0;2023-12-13 15:37:07.816603;180
14262159;12198721;14;0;2023-12-13 15:37:07.816603;180
1119589355;1119477603;56;50;2023-12-13 15:37:07.817627;180
1119593267;1115706381;57;50;2023-12-13 15:37:07.826627;181
9929765;7808665;0;0;2023-12-13 15:37:07.826627;181
6093690;5186242;2;0;2023-12-13 15:37:07.826627;181
5205459;6135275;4;0;2023-12-13 15:37:07.826627;181
7820445;9944868;6;0;2023-12-13 15:37:07.826627;181
12161529;14196767;8;0;2023-12-13 15:37:07.826627;181
15835767;16520582;10;0;2023-12-13 15:37:07.826627;181
16558773;15819052;12;0;2023-12-13 15:37:07.826627;181
14264377;12200617;14;0;2023-12-13 15:37:07.826627;181
1119587580;1119477492;58;50;2023-12-13 15:37:07.837784;182
1119591552;1115706021;59;50;2023-12-13 15:37:07.837784;182
9931310;7809879;0;0;2023-12-13 15:37:07.837784;182
6094637;5187048;2;0;2023-12-13 15:37:07.837784;182
5206267;6136228;4;0;2023-12-13 15:37:07.837784;182
7821660;9946414;6;0;2023-12-13 15:37:07.837784;182
12163420;14198973;8;0;2023-12-13 15:37:07.837784;182
15838227;16523149;10;0;2023-12-13 15:37:07.837784;182
16561348;15821511;12;0;2023-12-13 15:37:07.837784;182
14266596;12202515;14;0;2023-12-13 15:37:07.848601;183
1119585799;1119477358;60;50;2023-12-13 15:37:07.848601;183
1119589833;1115705661;61;50;2023-12-13 15:37:07.848601;183
9932854;7811093;0;0;2023-12-13 15:37:07.848601;183
6095586;5187853;2;0;2023-12-13 15:37:07.848601;183
5207076;6137181;4;0;2023-12-13 15:37:07.848601;183
7822876;9947961;6;0;2023-12-13 15:37:07.848601;183
12165311;14201181;8;0;2023-12-13 15:37:07.848601;183
15840691;16525716;10;0;2023-12-13 15:37:07.849606;183
16563922;15823975;12;0;2023-12-13 15:37:07.858824;184
14268814;12204414;14;0;2023-12-13 15:37:07.858824;184
1119584018;1119477205;62;50;2023-12-13 15:37:07.858824;184
1119588115;1115705285;63;50;2023-12-13 15:37:07.858824;184
9934398;7812307;0;0;2023-12-13 15:37:07.858824;184
6096533;5188659;2;0;2023-12-13 15:37:07.858824;184
5207885;6138134;4;0;2023-12-13 15:37:07.858824;184
7824093;9949508;6;0;2023-12-13 15:37:07.858824;184
12167203;14203389;8;0;2023-12-13 15:37:07.858824;184
15843154;16528283;10;0;2023-12-13 15:37:07.869603;185
16566496;15826434;12;0;2023-12-13 15:37:07.869603;185
14271033;12206311;14;0;2023-12-13 15:37:07.869603;185
1119582235;1119477059;64;50;2023-12-13 15:37:07.869603;185
1119586408;1115704920;65;50;2023-12-13 15:37:07.869603;185
