4282275756;987041;4;0;2023-12-13 11:25:56.448556;1
6950970;4257167;6;0;2023-12-13 11:25:56.449711;1
4287296237;5744975;8;0;2023-12-13 11:25:56.449711;1
13806422;4282989383;10;0;2023-12-13 11:25:56.449711;1
703633;4279397689;12;0;2023-12-13 11:25:56.449711;1
5441738;3011338;14;0;2023-12-13 11:25:56.449711;1
4290800094;2287763;0;0;2023-12-13 11:25:56.449711;1
4278357874;2131246;2;0;2023-12-13 11:25:56.465477;2
4282319391;1033833;4;0;2023-12-13 11:25:56.465477;2
6999143;4304715;6;0;2023-12-13 11:25:56.465477;2
4287341021;5785108;8;0;2023-12-13 11:25:56.465477;2
13840659;4283017660;10;0;2023-12-13 11:25:56.465477;2
727079;4279417364;12;0;2023-12-13 11:25:56.465477;2
5458515;3027560;14;0;2023-12-13 11:25:56.465942;2
4290830174;2319336;0;0;2023-12-13 11:25:56.465942;2
4278392836;2170541;2;0;2023-12-13 11:25:56.465942;2
4282363038;1080636;4;0;2023-12-13 11:25:56.477945;3
7047321;4352273;6;0;2023-12-13 11:25:56.477945;3
4287385830;5825246;8;0;2023-12-13 11:25:56.477945;3
13874901;4283045940;10;0;2023-12-13 11:25:56.478927;3
750525;4279437050;12;0;2023-12-13 11:25:56.478927;3
5475296;3043782;14;0;2023-12-13 11:25:56.478927;3
4290860245;2350901;0;0;2023-12-13 11:25:56.478927;3
4278427788;2209832;2;0;2023-12-13 11:25:56.478927;3
4282406671;1127427;4;0;2023-12-13 11:25:56.478927;3
7095493;4399820;6;0;2023-12-13 11:25:56.493182;4
4287430628;5865377;8;0;2023-12-13 11:25:56.493182;4
13909138;4283074214;10;0;2023-12-13 11:25:56.493182;4
773970;4279456731;12;0;2023-12-13 11:25:56.493182;4
5492081;3060006;14;0;2023-12-13 11:25:56.493182;4
4290890318;2382462;0;0;2023-12-13 11:25:56.493182;4
4278462745;2249118;2;0;2023-12-13 11:25:56.493182;4
4282450304;1174233;4;0;2023-12-13 11:25:56.493182;4
7143667;4447374;6;0;2023-12-13 11:25:56.493182;4
4287475413;5905509;8;0;2023-12-13 11:25:56.508321;5
13943372;4283102490;10;0;2023-12-13 11:25:56.508321;5
797414;4279476415;12;0;2023-12-13 11:25:56.508321;5
5508856;3076220;14;0;2023-12-13 11:25:56.508321;5
4290920389;2414030;0;0;2023-12-13 11:25:56.508321;5
4278497703;2288409;2;0;2023-12-13 11:25:56.508321;5
4282493941;1221041;4;0;2023-12-13 11:25:56.508321;5
7191848;4494930;6;0;2023-12-13 11:25:56.508321;5
4287520210;5945650;8;0;2023-12-13 11:25:56.508321;5
13977613;4283130765;10;0;2023-12-13 11:25:56.522180;6
820861;4279496101;12;0;2023-12-13 11:25:56.522180;6
5525636;3092438;14;0;2023-12-13 11:25:56.522180;6
4290950471;2445610;0;0;2023-12-13 11:25:56.522180;6
4278532671;2327711;2;0;2023-12-13 11:25:56.522180;6
4282537583;1267847;4;0;2023-12-13 11:25:56.522180;6
7240037;4542493;6;0;2023-12-13 11:25:56.522180;6
4287565017;5985798;8;0;2023-12-13 11:25:56.522180;6
14011864;4283159048;10;0;2023-12-13 11:25:56.522180;6
844313;4279515789;12;0;2023-12-13 11:25:56.537180;7
5542418;3108657;14;0;2023-12-13 11:25:56.537180;7
4290980549;2477181;0;0;2023-12-13 11:25:56.537180;7
4278567628;2367005;2;0;2023-12-13 11:25:56.537180;7
4282581219;1314652;4;0;2023-12-13 11:25:56.537180;7
7288217;4590054;6;0;2023-12-13 11:25:56.537180;7
4287609820;6025941;8;0;2023-12-13 11:25:56.537180;7
14046104;4283187327;10;0;2023-12-13 11:25:56.537180;7
867763;4279535476;12;0;2023-12-13 11:25:56.537180;7
5559205;3124879;14;0;2023-12-13 11:25:56.551690;8
4291010628;2508751;0;0;2023-12-13 11:25:56.551690;8
4278602587;2406295;2;0;2023-12-13 11:25:56.551690;8
4282624852;1361441;4;0;2023-12-13 11:25:56.551690;8
7336396;4637605;6;0;2023-12-13 11:25:56.551690;8
4287654607;6066080;8;0;2023-12-13 11:25:56.551690;8
14080342;4283215599;10;0;2023-12-13 11:25:56.551690;8
891207;4279555157;12;0;2023-12-13 11:25:56.551690;8
5575986;3141098;14;0;2023-12-13 11:25:56.551690;8
4291040698;2540312;0;0;2023-12-13 11:25:56.571689;9
4278637535;2445577;2;0;2023-12-13 11:25:56.571689;9
4282668479;1408240;4;0;2023-12-13 11:25:56.571689;9
7384566;4685152;6;0;2023-12-13 11:25:56.571689;9
4287699396;6106211;8;0;2023-12-13 11:25:56.571689;9
14114576;4283243871;10;0;2023-12-13 11:25:56.571689;9
914653;4279574837;12;0;2023-12-13 11:25:56.571689;9
5592765;3157315;14;0;2023-12-13 11:25:56.571689;9
4291070772;2571874;0;0;2023-12-13 11:25:56.571689;9
4278672489;2484864;2;0;2023-12-13 11:25:56.586689;10
4282712106;1455036;4;0;2023-12-13 11:25:56.586689;10
7432743;4732703;6;0;2023-12-13 11:25:56.586689;10
4287744211;6146344;8;0;2023-12-13 11:25:56.586689;10
14148817;4283272148;10;0;2023-12-13 11:25:56.586689;10
938103;4279594520;12;0;2023-12-13 11:25:56.586689;10
5609546;3173534;14;0;2023-12-13 11:25:56.586689;10
4291100843;2603439;0;0;2023-12-13 11:25:56.586689;10
4278707446;2524151;2;0;2023-12-13 11:25:56.586689;10
4282755740;1501832;4;0;2023-12-13 11:25:56.600966;11
7480919;4780259;6;0;2023-12-13 11:25:56.600966;11
4287788996;6186481;8;0;2023-12-13 11:25:56.600966;11
14183052;4283300421;10;0;2023-12-13 11:25:56.600966;11
961548;4279614204;12;0;2023-12-13 11:25:56.600966;11
5626328;3189753;14;0;2023-12-13 11:25:56.600966;11
4291130917;2635000;0;0;2023-12-13 11:25:56.600966;11
4278742405;2563437;2;0;2023-12-13 11:25:56.600966;11
4282799365;1548640;4;0;2023-12-13 11:25:56.600966;11
7529095;4827813;6;0;2023-12-13 11:25:56.615690;12
4287833792;6226613;8;0;2023-12-13 11:25:56.615690;12
14217289;4283328696;10;0;2023-12-13 11:25:56.615690;12
984995;4279633888;12;0;2023-12-13 11:25:56.615690;12
5643107;3205973;14;0;2023-12-13 11:25:56.615690;12
4291161000;2666570;0;0;2023-12-13 11:25:56.615690;12
4278777363;2602729;2;0;2023-12-13 11:25:56.615690;12
4282842995;1595455;4;0;2023-12-13 11:25:56.615690;12
7577274;4875367;6;0;2023-12-13 11:25:56.615690;12
4287878570;6266751;8;0;2023-12-13 11:25:56.630957;13
14251526;4283356968;10;0;2023-12-13 11:25:56.630957;13
1008439;4279653570;12;0;2023-12-13 11:25:56.630957;13
5659888;3222185;14;0;2023-12-13 11:25:56.630957;13
4291191072;2698132;0;0;2023-12-13 11:25:56.630957;13
4278812317;2642020;2;0;2023-12-13 11:25:56.630957;13
4282886625;1642243;4;0;2023-12-13 11:25:56.630957;13
7625445;4922921;6;0;2023-12-13 11:25:56.630957;13
4287923381;6306882;8;0;2023-12-13 11:25:56.630957;13
14285767;4283385238;10;0;2023-12-13 11:25:56.645494;14
1031882;4279673254;12;0;2023-12-13 11:25:56.645494;14
5676670;3238402;14;0;2023-12-13 11:25:56.645494;14
4291221146;2729700;0;0;2023-12-13 11:25:56.645494;14
4278847273;2681312;2;0;2023-12-13 11:25:56.645494;14
4282930256;1689040;4;0;2023-12-13 11:25:56.645494;14
7673623;4970472;6;0;2023-12-13 11:25:56.645494;14
4287968156;6347015;8;0;2023-12-13 11:25:56.645494;14
14320005;4283413514;10;0;2023-12-13 11:25:56.645494;14
1055328;4279692936;12;0;2023-12-13 11:25:56.660897;15
5693458;3254621;14;0;2023-12-13 11:25:56.660897;15
4291251224;2761271;0;0;2023-12-13 11:25:56.660897;15
4278882229;2720607;2;0;2023-12-13 11:25:56.660897;15
4282973887;1735850;4;0;2023-12-13 11:25:56.660897;15
7721801;5018024;6;0;2023-12-13 11:25:56.660897;15
4288012968;6387152;8;0;2023-12-13 11:25:56.660897;15
14354251;4283441794;10;0;2023-12-13 11:25:56.660897;15
1078777;4279712622;12;0;2023-12-13 11:25:56.660897;15
5710242;3270840;14;0;2023-12-13 11:25:56.675462;16
4291281300;2792838;0;0;2023-12-13 11:25:56.675462;16
4278917186;2759900;2;0;2023-12-13 11:25:56.675462;16
4283017525;1782637;4;0;2023-12-13 11:25:56.675462;16
7769976;5065574;6;0;2023-12-13 11:25:56.675462;16
4288057756;6427284;8;0;2023-12-13 11:25:56.675462;16
14388489;4283470070;10;0;2023-12-13 11:25:56.676461;16
1102226;4279732301;12;0;2023-12-13 11:25:56.676461;16
5727023;3287062;14;0;2023-12-13 11:25:56.676461;16
4291311374;2824404;0;0;2023-12-13 11:25:56.694897;17
4278952141;2799192;2;0;2023-12-13 11:25:56.694897;17
4283061158;1829447;4;0;2023-12-13 11:25:56.694897;17
7818153;5113127;6;0;2023-12-13 11:25:56.694897;17
4288102572;6467422;8;0;2023-12-13 11:25:56.694897;17
14422729;4283498345;10;0;2023-12-13 11:25:56.694897;17
1125677;4279751983;12;0;2023-12-13 11:25:56.694897;17
5743807;3303283;14;0;2023-12-13 11:25:56.694897;17
4291341440;2855966;0;0;2023-12-13 11:25:56.694897;17
4278987090;2838476;2;0;2023-12-13 11:25:56.709396;18
4283104785;1876241;4;0;2023-12-13 11:25:56.709396;18
7866315;5160671;6;0;2023-12-13 11:25:56.709396;18
4288147377;6507549;8;0;2023-12-13 11:25:56.709396;18
14456964;4283526612;10;0;2023-12-13 11:25:56.709396;18
1149119;4279771658;12;0;2023-12-13 11:25:56.709396;18
5760584;3319498;14;0;2023-12-13 11:25:56.709396;18
4291371521;2887540;0;0;2023-12-13 11:25:56.709396;18
4279022052;2877769;2;0;2023-12-13 11:25:56.709396;18
4283148420;1923050;4;0;2023-12-13 11:25:56.724433;19
7914498;5208226;6;0;2023-12-13 11:25:56.724433;19
4288192183;6547692;8;0;2023-12-13 11:25:56.724433;19
14491204;4283554888;10;0;2023-12-13 11:25:56.724433;19
1172568;4279791339;12;0;2023-12-13 11:25:56.724433;19
5777362;3335716;14;0;2023-12-13 11:25:56.724433;19
4291401596;2919102;0;0;2023-12-13 11:25:56.724433;19
4279057004;2917057;2;0;2023-12-13 11:25:56.724433;19
4283192044;1969843;4;0;2023-12-13 11:25:56.724433;19
7962672;5255775;6;0;2023-12-13 11:25:56.739790;20
4288236979;6587824;8;0;2023-12-13 11:25:56.739790;20
14525442;4283583165;10;0;2023-12-13 11:25:56.739790;20
1196017;4279811024;12;0;2023-12-13 11:25:56.739790;20
5794144;3351937;14;0;2023-12-13 11:25:56.739790;20
4291431665;2950669;0;0;2023-12-13 11:25:56.739790;20
4279091957;2956343;2;0;2023-12-13 11:25:56.739790;20
4283235668;2016638;4;0;2023-12-13 11:25:56.739790;20
8010840;5303320;6;0;2023-12-13 11:25:56.739790;20
4288281771;6627954;8;0;2023-12-13 11:25:56.754397;21
14559676;4283611434;10;0;2023-12-13 11:25:56.754397;21
1219459;4279830704;12;0;2023-12-13 11:25:56.754397;21
5810922;3368155;14;0;2023-12-13 11:25:56.754397;21
4291461737;2982235;0;0;2023-12-13 11:25:56.754397;21
4279126913;2995636;2;0;2023-12-13 11:25:56.754397;21
4283279304;2063432;4;0;2023-12-13 11:25:56.754397;21
8059020;5350876;6;0;2023-12-13 11:25:56.754397;21
4288326591;6668092;8;0;2023-12-13 11:25:56.754397;21
14593923;4283639710;10;0;2023-12-13 11:25:56.768739;22
1242907;4279850386;12;0;2023-12-13 11:25:56.768739;22
5827701;3384375;14;0;2023-12-13 11:25:56.768739;22
4291491815;3013807;0;0;2023-12-13 11:25:56.768739;22
4279161875;3034930;2;0;2023-12-13 11:25:56.768739;22
4283322947;2110232;4;0;2023-12-13 11:25:56.768739;22
8107197;5398430;6;0;2023-12-13 11:25:56.768739;22
4288371391;6708233;8;0;2023-12-13 11:25:56.768739;22
14628166;4283667988;10;0;2023-12-13 11:25:56.768739;22
1266353;4279870068;12;0;2023-12-13 11:25:56.783668;23
5844484;3400595;14;0;2023-12-13 11:25:56.783668;23
4291521885;3045367;0;0;2023-12-13 11:25:56.783668;23
4279196831;3074221;2;0;2023-12-13 11:25:56.783668;23
4283366580;2157027;4;0;2023-12-13 11:25:56.783668;23
8155372;5445985;6;0;2023-12-13 11:25:56.783668;23
4288416176;6748369;8;0;2023-12-13 11:25:56.783668;23
14662409;4283696264;10;0;2023-12-13 11:25:56.783668;23
1289800;4279889753;12;0;2023-12-13 11:25:56.783668;23
5861270;3416820;14;0;2023-12-13 11:25:56.797764;24
4291551964;3076942;0;0;2023-12-13 11:25:56.797764;24
4279231787;3113513;2;0;2023-12-13 11:25:56.798764;24
4283410216;2203825;4;0;2023-12-13 11:25:56.798764;24
8203548;5493543;6;0;2023-12-13 11:25:56.798764;24
4288460965;6788507;8;0;2023-12-13 11:25:56.798764;24
14696648;4283724539;10;0;2023-12-13 11:25:56.798764;24
1313243;4279909433;12;0;2023-12-13 11:25:56.798764;24
5878048;3433042;14;0;2023-12-13 11:25:56.798764;24
4291582040;3108512;0;0;2023-12-13 11:25:56.817764;25
4279266744;3152802;2;0;2023-12-13 11:25:56.817764;25
4283453848;2250636;4;0;2023-12-13 11:25:56.818765;25
8251727;5541103;6;0;2023-12-13 11:25:56.818765;25
4288505748;6828646;8;0;2023-12-13 11:25:56.818765;25
14730891;4283752815;10;0;2023-12-13 11:25:56.818765;25
1336692;4279929118;12;0;2023-12-13 11:25:56.818765;25
5894830;3449258;14;0;2023-12-13 11:25:56.818765;25
4291612112;3140075;0;0;2023-12-13 11:25:56.818765;25
4279301696;3192092;2;0;2023-12-13 11:25:56.832599;26
4283497475;2297433;4;0;2023-12-13 11:25:56.832599;26
8299900;5588649;6;0;2023-12-13 11:25:56.832599;26
4288550532;6868782;8;0;2023-12-13 11:25:56.832599;26
14765128;4283781088;10;0;2023-12-13 11:25:56.832599;26
1360138;4279948797;12;0;2023-12-13 11:25:56.832599;26
5911611;3465477;14;0;2023-12-13 11:25:56.832599;26
4291642189;3171644;0;0;2023-12-13 11:25:56.832599;26
4279336656;3231388;2;0;2023-12-13 11:25:56.832599;26
4283541110;2344231;4;0;2023-12-13 11:25:56.847555;27
8348084;5636202;6;0;2023-12-13 11:25:56.847555;27
4288595335;6908923;8;0;2023-12-13 11:25:56.847555;27
14799370;4283809365;10;0;2023-12-13 11:25:56.847555;27
1383585;4279968480;12;0;2023-12-13 11:25:56.847555;27
5928389;3481698;14;0;2023-12-13 11:25:56.847555;27
4291672270;3203217;0;0;2023-12-13 11:25:56.847555;27
4279371618;3270685;2;0;2023-12-13 11:25:56.847555;27
4283584757;2391034;4;0;2023-12-13 11:25:56.847555;27
8396269;5683761;6;0;2023-12-13 11:25:56.862530;28
4288640144;6949066;8;0;2023-12-13 11:25:56.862530;28
14833614;4283837645;10;0;2023-12-13 11:25:56.862530;28
1407035;4279988167;12;0;2023-12-13 11:25:56.862530;28
5945168;3497922;14;0;2023-12-13 11:25:56.862530;28
4291702345;3234788;0;0;2023-12-13 11:25:56.862530;28
4279406579;3309984;2;0;2023-12-13 11:25:56.862530;28
4283628397;2437842;4;0;2023-12-13 11:25:56.862530;28
8444451;5731323;6;0;2023-12-13 11:25:56.862530;28
4288684949;6989213;8;0;2023-12-13 11:25:56.877495;29
14867860;4283865928;10;0;2023-12-13 11:25:56.877495;29
1430486;4280007857;12;0;2023-12-13 11:25:56.877495;29
5961952;3514147;14;0;2023-12-13 11:25:56.877495;29
4291732421;3266361;0;0;2023-12-13 11:25:56.877495;29
4279441538;3349281;2;0;2023-12-13 11:25:56.877495;29
4283672035;2484651;4;0;2023-12-13 11:25:56.877495;29
8492636;5778878;6;0;2023-12-13 11:25:56.877495;29
4288729766;7029355;8;0;2023-12-13 11:25:56.877495;29
14902105;4283894211;10;0;2023-12-13 11:25:56.892450;30
1453940;4280027546;12;0;2023-12-13 11:25:56.892450;30
5978735;3530368;14;0;2023-12-13 11:25:56.892450;30
4291762496;3297935;0;0;2023-12-13 11:25:56.892450;30
4279476503;3388580;2;0;2023-12-13 11:25:56.892450;30
4283715675;2531461;4;0;2023-12-13 11:25:56.892450;30
8540821;5826440;6;0;2023-12-13 11:25:56.892450;30
4288774558;7069501;8;0;2023-12-13 11:25:56.892450;30
14936351;4283922493;10;0;2023-12-13 11:25:56.892450;30
1477392;4280047231;12;0;2023-12-13 11:25:56.907444;31
5995516;3546594;14;0;2023-12-13 11:25:56.907444;31
4291792567;3329497;0;0;2023-12-13 11:25:56.907444;31
4279511452;3427861;2;0;2023-12-13 11:25:56.907444;31
4283759300;2578252;4;0;2023-12-13 11:25:56.907444;31
8588989;5873983;6;0;2023-12-13 11:25:56.907444;31
4288819339;7109631;8;0;2023-12-13 11:25:56.907444;31
14970586;4283950766;10;0;2023-12-13 11:25:56.907444;31
1500833;4280066912;12;0;2023-12-13 11:25:56.907444;31
6012296;3562812;14;0;2023-12-13 11:25:56.921973;32
4291822640;3361064;0;0;2023-12-13 11:25:56.921973;32
4279546412;3467156;2;0;2023-12-13 11:25:56.922446;32
4283802937;2625058;4;0;2023-12-13 11:25:56.922446;32
8637169;5921537;6;0;2023-12-13 11:25:56.922446;32
4288864152;7149764;8;0;2023-12-13 11:25:56.922446;32
15004825;4283979043;10;0;2023-12-13 11:25:56.922446;32
1524282;4280086599;12;0;2023-12-13 11:25:56.922446;32
6029077;3579033;14;0;2023-12-13 11:25:56.922446;32
4291852711;3392625;0;0;2023-12-13 11:25:56.941445;33
4279581366;3506445;2;0;2023-12-13 11:25:56.941445;33
4283846563;2671854;4;0;2023-12-13 11:25:56.941445;33
8685347;5969085;6;0;2023-12-13 11:25:56.941445;33
4288908976;7189895;8;0;2023-12-13 11:25:56.941445;33
15039064;4284007318;10;0;2023-12-13 11:25:56.941445;33
1547726;4280106280;12;0;2023-12-13 11:25:56.941445;33
6045856;3595249;14;0;2023-12-13 11:25:56.941445;33
4291882787;3424186;0;0;2023-12-13 11:25:56.941445;33
4279616319;3545730;2;0;2023-12-13 11:25:56.956355;34
4283890190;2718654;4;0;2023-12-13 11:25:56.956355;34
8733516;6016631;6;0;2023-12-13 11:25:56.956355;34
4288953774;7230026;8;0;2023-12-13 11:25:56.956355;34
15073298;4284035588;10;0;2023-12-13 11:25:56.956355;34
1571170;4280125958;12;0;2023-12-13 11:25:56.956355;34
6062631;3611465;14;0;2023-12-13 11:25:56.956355;34
4291912864;3455753;0;0;2023-12-13 11:25:56.956355;34
4279651272;3585022;2;0;2023-12-13 11:25:56.956355;34
4283933823;2765453;4;0;2023-12-13 11:25:56.971249;35
8781690;6064177;6;0;2023-12-13 11:25:56.971249;35
4288998581;7270158;8;0;2023-12-13 11:25:56.971249;35
15107537;4284063861;10;0;2023-12-13 11:25:56.971249;35
1594621;4280145642;12;0;2023-12-13 11:25:56.971249;35
6079411;3627682;14;0;2023-12-13 11:25:56.971249;35
4291942943;3487321;0;0;2023-12-13 11:25:56.971249;35
4279686229;3624315;2;0;2023-12-13 11:25:56.971249;35
4283977451;2812253;4;0;2023-12-13 11:25:56.971249;35
8829869;6111724;6;0;2023-12-13 11:25:56.985194;36
4289043393;7310296;8;0;2023-12-13 11:25:56.985194;36
15141783;4284092137;10;0;2023-12-13 11:25:56.985194;36
1618070;4280165318;12;0;2023-12-13 11:25:56.985194;36
6096190;3643900;14;0;2023-12-13 11:25:56.985194;36
4291973022;3518890;0;0;2023-12-13 11:25:56.985194;36
4279721187;3663609;2;0;2023-12-13 11:25:56.985194;36
4284021083;2859068;4;0;2023-12-13 11:25:56.985194;36
8878046;6159279;6;0;2023-12-13 11:25:56.985194;36
4289088196;7350430;8;0;2023-12-13 11:25:57.001223;37
15176022;4284120414;10;0;2023-12-13 11:25:57.001223;37
1641513;4280185000;12;0;2023-12-13 11:25:57.001223;37
6112969;3660116;14;0;2023-12-13 11:25:57.001223;37
4292003090;3550451;0;0;2023-12-13 11:25:57.001223;37
4279756144;3702894;2;0;2023-12-13 11:25:57.001223;37
4284064711;2905862;4;0;2023-12-13 11:25:57.001223;37
8926214;6206827;6;0;2023-12-13 11:25:57.001223;37
4289132972;7390556;8;0;2023-12-13 11:25:57.001223;37
15210258;4284148687;10;0;2023-12-13 11:25:57.015132;38
1664958;4280204675;12;0;2023-12-13 11:25:57.015132;38
6129750;3676329;14;0;2023-12-13 11:25:57.015132;38
4292033162;3582014;0;0;2023-12-13 11:25:57.015132;38
4279791100;3742182;2;0;2023-12-13 11:25:57.015132;38
4284108344;2952664;4;0;2023-12-13 11:25:57.015132;38
8974390;6254381;6;0;2023-12-13 11:25:57.015132;38
4289177789;7430695;8;0;2023-12-13 11:25:57.015132;38
15244499;4284176959;10;0;2023-12-13 11:25:57.015132;38
1688409;4280224359;12;0;2023-12-13 11:25:57.029712;39
6146535;3692546;14;0;2023-12-13 11:25:57.030250;39
4292063232;3613573;0;0;2023-12-13 11:25:57.030250;39
4279826052;3781466;2;0;2023-12-13 11:25:57.030250;39
4284151968;2999463;4;0;2023-12-13 11:25:57.030250;39
9022559;6301923;6;0;2023-12-13 11:25:57.030250;39
4289222571;7470826;8;0;2023-12-13 11:25:57.030250;39
15278733;4284205231;10;0;2023-12-13 11:25:57.030250;39
1711849;4280244038;12;0;2023-12-13 11:25:57.030250;39
6163318;3708767;14;0;2023-12-13 11:25:57.044284;40
4292093302;3645131;0;0;2023-12-13 11:25:57.044284;40
4279861004;3820748;2;0;2023-12-13 11:25:57.045250;40
4284195589;3046263;4;0;2023-12-13 11:25:57.045250;40
9070726;6349465;6;0;2023-12-13 11:25:57.045250;40
4289267361;7510953;8;0;2023-12-13 11:25:57.045250;40
15312968;4284233501;10;0;2023-12-13 11:25:57.045250;40
1735292;4280263716;12;0;2023-12-13 11:25:57.045250;40
6180098;3724981;14;0;2023-12-13 11:25:57.045250;40
4292123373;3676693;0;0;2023-12-13 11:25:57.064583;41
4279895955;3860034;2;0;2023-12-13 11:25:57.064583;41
4284239220;3093050;4;0;2023-12-13 11:25:57.064583;41
9118896;6397011;6;0;2023-12-13 11:25:57.064583;41
4289312152;7551081;8;0;2023-12-13 11:25:57.064583;41
15347200;4284261769;10;0;2023-12-13 11:25:57.064583;41
1758734;4280283397;12;0;2023-12-13 11:25:57.064583;41
6196880;3741196;14;0;2023-12-13 11:25:57.064583;41
4292153448;3708261;0;0;2023-12-13 11:25:57.064583;41
4279930908;3899325;2;0;2023-12-13 11:25:57.078615;42
4284282854;3139833;4;0;2023-12-13 11:25:57.078615;42
9167073;6444565;6;0;2023-12-13 11:25:57.078615;42
4289356931;7591213;8;0;2023-12-13 11:25:57.078615;42
15381437;4284290044;10;0;2023-12-13 11:25:57.078615;42
1782184;4280303083;12;0;2023-12-13 11:25:57.078615;42
6213670;3757416;14;0;2023-12-13 11:25:57.078615;42
4292183522;3739825;0;0;2023-12-13 11:25:57.078615;42
4279965862;3938605;2;0;2023-12-13 11:25:57.078615;42
4284326479;3186619;4;0;2023-12-13 11:25:57.094046;43
9215238;6492106;6;0;2023-12-13 11:25:57.094046;43
4289401739;7631341;8;0;2023-12-13 11:25:57.094046;43
15415667;4284318313;10;0;2023-12-13 11:25:57.094046;43
1805625;4280322763;12;0;2023-12-13 11:25:57.094046;43
6230450;3773634;14;0;2023-12-13 11:25:57.094046;43
4292213599;3771384;0;0;2023-12-13 11:25:57.094046;43
4280000817;3977891;2;0;2023-12-13 11:25:57.094046;43
4284370104;3233400;4;0;2023-12-13 11:25:57.094046;43
9263403;6539649;6;0;2023-12-13 11:25:57.109045;44
4289446533;7671466;8;0;2023-12-13 11:25:57.109045;44
15449900;4284346581;10;0;2023-12-13 11:25:57.109045;44
1829067;4280342440;12;0;2023-12-13 11:25:57.109045;44
6247225;3789850;14;0;2023-12-13 11:25:57.109045;44
4292243668;3802947;0;0;2023-12-13 11:25:57.109045;44
4280035769;4017178;2;0;2023-12-13 11:25:57.109045;44
4284413731;3280190;4;0;2023-12-13 11:25:57.109045;44
9311572;6587194;6;0;2023-12-13 11:25:57.109045;44
4289491318;7711596;8;0;2023-12-13 11:25:57.124046;45
15484136;4284374849;10;0;2023-12-13 11:25:57.124046;45
1852510;4280362119;12;0;2023-12-13 11:25:57.124046;45
6264001;3806067;14;0;2023-12-13 11:25:57.124046;45
4292273739;3834515;0;0;2023-12-13 11:25:57.124046;45
4280070722;4056458;2;0;2023-12-13 11:25:57.124046;45
4284457355;3326968;4;0;2023-12-13 11:25:57.124046;45
9359738;6634736;6;0;2023-12-13 11:25:57.124046;45
4289536102;7751719;8;0;2023-12-13 11:25:57.124046;45
15518371;4284403117;10;0;2023-12-13 11:25:57.138946;46
1875952;4280381801;12;0;2023-12-13 11:25:57.138946;46
6280780;3822282;14;0;2023-12-13 11:25:57.138946;46
4292303814;3866083;0;0;2023-12-13 11:25:57.138946;46
4280105674;4095750;2;0;2023-12-13 11:25:57.138946;46
4284500982;3373770;4;0;2023-12-13 11:25:57.138946;46
9407904;6682285;6;0;2023-12-13 11:25:57.138946;46
4289580873;7791851;8;0;2023-12-13 11:25:57.138946;46
15552607;4284431388;10;0;2023-12-13 11:25:57.138946;46
1899397;4280401484;12;0;2023-12-13 11:25:57.153940;47
6297554;3838498;14;0;2023-12-13 11:25:57.153940;47
4292333883;3897649;0;0;2023-12-13 11:25:57.153940;47
4280140624;4135037;2;0;2023-12-13 11:25:57.153940;47
4284544609;3420568;4;0;2023-12-13 11:25:57.153940;47
9456076;6729833;6;0;2023-12-13 11:25:57.153940;47
4289625666;7831987;8;0;2023-12-13 11:25:57.153940;47
15586843;4284459663;10;0;2023-12-13 11:25:57.153940;47
1922841;4280421167;12;0;2023-12-13 11:25:57.153940;47
6314336;3854713;14;0;2023-12-13 11:25:57.167886;48
4292363954;3929213;0;0;2023-12-13 11:25:57.167886;48
4280175573;4174322;2;0;2023-12-13 11:25:57.167886;48
4284588241;3467362;4;0;2023-12-13 11:25:57.167886;48
9504246;6777381;6;0;2023-12-13 11:25:57.167886;48
4289670475;7872114;8;0;2023-12-13 11:25:57.167886;48
15621077;4284487936;10;0;2023-12-13 11:25:57.167886;48
1946287;4280440846;12;0;2023-12-13 11:25:57.167886;48
6331114;3870931;14;0;2023-12-13 11:25:57.167886;48
4292394023;3960776;0;0;2023-12-13 11:25:57.187874;49
4280210527;4213607;2;0;2023-12-13 11:25:57.187874;49
4284631868;3514145;4;0;2023-12-13 11:25:57.187874;49
9552416;6824927;6;0;2023-12-13 11:25:57.187874;49
4289715246;7912241;8;0;2023-12-13 11:25:57.187874;49
15655310;4284516207;10;0;2023-12-13 11:25:57.187874;49
1969725;4280460526;12;0;2023-12-13 11:25:57.187874;49
6347894;3887146;14;0;2023-12-13 11:25:57.187874;49
4292424090;3992338;0;0;2023-12-13 11:25:57.187874;49
4280245477;4252894;2;0;2023-12-13 11:25:57.202832;50
4284675492;3560940;4;0;2023-12-13 11:25:57.202832;50
9600584;6872472;6;0;2023-12-13 11:25:57.202832;50
4289760028;7952371;8;0;2023-12-13 11:25:57.202832;50
15689543;4284544481;10;0;2023-12-13 11:25:57.202832;50
1993166;4280480206;12;0;2023-12-13 11:25:57.202832;50
6364674;3903359;14;0;2023-12-13 11:25:57.202832;50
4292454161;4023902;0;0;2023-12-13 11:25:57.203227;50
4280280427;4292180;2;0;2023-12-13 11:25:57.203227;50
4284719122;3607717;4;0;2023-12-13 11:25:57.217789;51
9648754;6920017;6;0;2023-12-13 11:25:57.217789;51
4289804820;7992506;8;0;2023-12-13 11:25:57.217789;51
15723780;4284572754;10;0;2023-12-13 11:25:57.217789;51
2016614;4280499889;12;0;2023-12-13 11:25:57.217789;51
6381458;3919579;14;0;2023-12-13 11:25:57.217789;51
4292484232;4055462;0;0;2023-12-13 11:25:57.217789;51
4280315384;4331464;2;0;2023-12-13 11:25:57.217789;51
4284762752;3654524;4;0;2023-12-13 11:25:57.218227;51
9696926;6967559;6;0;2023-12-13 11:25:57.232705;52
4289849605;8032633;8;0;2023-12-13 11:25:57.232705;52
15758016;4284601026;10;0;2023-12-13 11:25:57.232705;52
2040061;4280519568;12;0;2023-12-13 11:25:57.232705;52
6398239;3935796;14;0;2023-12-13 11:25:57.232705;52
4292514299;4087025;0;0;2023-12-13 11:25:57.232705;52
4280350338;4370749;2;0;2023-12-13 11:25:57.232705;52
4284806377;3701318;4;0;2023-12-13 11:25:57.232705;52
9745093;7015110;6;0;2023-12-13 11:25:57.232705;52
4289894380;8072767;8;0;2023-12-13 11:25:57.246229;53
15792252;4284629295;10;0;2023-12-13 11:25:57.246229;53
2063503;4280539252;12;0;2023-12-13 11:25:57.246229;53
6415020;3952013;14;0;2023-12-13 11:25:57.246229;53
4292544371;4118585;0;0;2023-12-13 11:25:57.246229;53
4280385287;4410031;2;0;2023-12-13 11:25:57.246229;53
4284850009;3748115;4;0;2023-12-13 11:25:57.246229;53
9793262;7062655;6;0;2023-12-13 11:25:57.246229;53
4289939167;8112903;8;0;2023-12-13 11:25:57.246229;53
15826487;4284657565;10;0;2023-12-13 11:25:57.261660;54
2086943;4280558933;12;0;2023-12-13 11:25:57.261660;54
6431797;3968229;14;0;2023-12-13 11:25:57.261660;54
4292574443;4150149;0;0;2023-12-13 11:25:57.261660;54
4280420240;4449321;2;0;2023-12-13 11:25:57.261660;54
4284893643;3794906;4;0;2023-12-13 11:25:57.261660;54
9841434;7110203;6;0;2023-12-13 11:25:57.262185;54
4289983949;8153038;8;0;2023-12-13 11:25:57.262185;54
15860722;4284685841;10;0;2023-12-13 11:25:57.262185;54
2110386;4280578620;12;0;2023-12-13 11:25:57.276685;55
6448581;3984450;14;0;2023-12-13 11:25:57.276685;55
4292604506;4181709;0;0;2023-12-13 11:25:57.276685;55
4280455190;4488607;2;0;2023-12-13 11:25:57.276685;55
4284937264;3841702;4;0;2023-12-13 11:25:57.276685;55
9889602;7157741;6;0;2023-12-13 11:25:57.276685;55
4290028740;8193166;8;0;2023-12-13 11:25:57.276685;55
15894952;4284714110;10;0;2023-12-13 11:25:57.276685;55
2133829;4280598298;12;0;2023-12-13 11:25:57.276685;55
6465357;4000665;14;0;2023-12-13 11:25:57.291692;56
4292634580;4213280;0;0;2023-12-13 11:25:57.291692;56
4280490149;4527897;2;0;2023-12-13 11:25:57.291692;56
4284980892;3888499;4;0;2023-12-13 11:25:57.291692;56
9937771;7205287;6;0;2023-12-13 11:25:57.291692;56
4290073514;8233302;8;0;2023-12-13 11:25:57.291692;56
15929194;4284742378;10;0;2023-12-13 11:25:57.291692;56
2157273;4280617977;12;0;2023-12-13 11:25:57.291692;56
6482139;4016885;14;0;2023-12-13 11:25:57.291692;56
4292664650;4244840;0;0;2023-12-13 11:25:57.310693;57
4280525098;4567183;2;0;2023-12-13 11:25:57.310693;57
4285024512;3935280;4;0;2023-12-13 11:25:57.310693;57
9985939;7252831;6;0;2023-12-13 11:25:57.310693;57
4290118311;8273431;8;0;2023-12-13 11:25:57.310693;57
15963425;4284770648;10;0;2023-12-13 11:25:57.310693;57
2180716;4280637656;12;0;2023-12-13 11:25:57.310693;57
6498916;4033098;14;0;2023-12-13 11:25:57.310693;57
4292694721;4276404;0;0;2023-12-13 11:25:57.310693;57
4280560053;4606469;2;0;2023-12-13 11:25:57.324695;58
4285068141;3982069;4;0;2023-12-13 11:25:57.325694;58
10034106;7300381;6;0;2023-12-13 11:25:57.325694;58
4290163117;8313564;8;0;2023-12-13 11:25:57.325694;58
15997657;4284798923;10;0;2023-12-13 11:25:57.325694;58
2204162;4280657338;12;0;2023-12-13 11:25:57.325694;58
6515696;4049315;14;0;2023-12-13 11:25:57.325694;58
4292724797;4307972;0;0;2023-12-13 11:25:57.325694;58
4280595010;4645762;2;0;2023-12-13 11:25:57.325694;58
4285111777;4028885;4;0;2023-12-13 11:25:57.340563;59
10082292;7347943;6;0;2023-12-13 11:25:57.340563;59
4290207926;8353709;8;0;2023-12-13 11:25:57.340563;59
16031900;4284827200;10;0;2023-12-13 11:25:57.340563;59
2227607;4280677024;12;0;2023-12-13 11:25:57.340563;59
6532481;4065534;14;0;2023-12-13 11:25:57.340563;59
4292754882;4339547;0;0;2023-12-13 11:25:57.340563;59
4280629977;4685063;2;0;2023-12-13 11:25:57.340563;59
4285155416;4075691;4;0;2023-12-13 11:25:57.340563;59
10130478;7395503;6;0;2023-12-13 11:25:57.355064;60
4290252746;8393849;8;0;2023-12-13 11:25:57.355064;60
16066145;4284855486;10;0;2023-12-13 11:25:57.355064;60
2251055;4280696711;12;0;2023-12-13 11:25:57.355064;60
6549265;4081755;14;0;2023-12-13 11:25:57.355064;60
4292784958;4371110;0;0;2023-12-13 11:25:57.355064;60
4280664927;4724345;2;0;2023-12-13 11:25:57.355064;60
4285199045;4122474;4;0;2023-12-13 11:25:57.355064;60
10178650;7443055;6;0;2023-12-13 11:25:57.355064;60
4290297553;8433978;8;0;2023-12-13 11:25:57.370080;61
16100377;4284883758;10;0;2023-12-13 11:25:57.370080;61
2274494;4280716389;12;0;2023-12-13 11:25:57.370080;61
6566046;4097972;14;0;2023-12-13 11:25:57.370080;61
4292815032;4402678;0;0;2023-12-13 11:25:57.370080;61
4280699881;4763640;2;0;2023-12-13 11:25:57.370080;61
4285242677;4169274;4;0;2023-12-13 11:25:57.370080;61
10226832;7490611;6;0;2023-12-13 11:25:57.370080;61
4290342362;8474114;8;0;2023-12-13 11:25:57.370080;61
16134618;4284912035;10;0;2023-12-13 11:25:57.385418;62
2297942;4280736072;12;0;2023-12-13 11:25:57.385418;62
6582828;4114193;14;0;2023-12-13 11:25:57.385418;62
4292845114;4434250;0;0;2023-12-13 11:25:57.385418;62
4280734844;4802938;2;0;2023-12-13 11:25:57.385418;62
4285286312;4216079;4;0;2023-12-13 11:25:57.385418;62
10275015;7538173;6;0;2023-12-13 11:25:57.385418;62
4290387165;8514255;8;0;2023-12-13 11:25:57.385418;62
16168869;4284940313;10;0;2023-12-13 11:25:57.385418;62
2321394;4280755756;12;0;2023-12-13 11:25:57.399535;63
6599612;4130416;14;0;2023-12-13 11:25:57.399535;63
4292875189;4465815;0;0;2023-12-13 11:25:57.400534;63
4280769796;4842223;2;0;2023-12-13 11:25:57.400534;63
4285329940;4262864;4;0;2023-12-13 11:25:57.400534;63
10323189;7585722;6;0;2023-12-13 11:25:57.400534;63
4290431947;8554384;8;0;2023-12-13 11:25:57.400534;63
16203105;4284968586;10;0;2023-12-13 11:25:57.400534;63
2344839;4280775436;12;0;2023-12-13 11:25:57.400534;63
6616392;4146634;14;0;2023-12-13 11:25:57.414340;64
4292905260;4497378;0;0;2023-12-13 11:25:57.414340;64
4280804745;4881511;2;0;2023-12-13 11:25:57.414534;64
4285373571;4309649;4;0;2023-12-13 11:25:57.414534;64
10371360;7633270;6;0;2023-12-13 11:25:57.414534;64
4290476758;8594515;8;0;2023-12-13 11:25:57.414534;64
16237337;4284996858;10;0;2023-12-13 11:25:57.414534;64
2368283;4280795121;12;0;2023-12-13 11:25:57.414534;64
6633175;4162855;14;0;2023-12-13 11:25:57.414534;64
4292935328;4528941;0;0;2023-12-13 11:25:57.433571;65
4280839692;4920797;2;0;2023-12-13 11:25:57.433571;65
4285417198;4356444;4;0;2023-12-13 11:25:57.434535;65
10419529;7680817;6;0;2023-12-13 11:25:57.434535;65
4290521512;8634640;8;0;2023-12-13 11:25:57.434535;65
16271571;4285025125;10;0;2023-12-13 11:25:57.434535;65
2391727;4280814800;12;0;2023-12-13 11:25:57.434535;65
6649952;4179068;14;0;2023-12-13 11:25:57.434535;65
4292965398;4560501;0;0;2023-12-13 11:25:57.434535;65
4280874640;4960081;2;0;2023-12-13 11:25:57.448920;66
4285460821;4403242;4;0;2023-12-13 11:25:57.448920;66
10467696;7728360;6;0;2023-12-13 11:25:57.448920;66
4290566299;8674765;8;0;2023-12-13 11:25:57.448920;66
16305803;4285053395;10;0;2023-12-13 11:25:57.448920;66
2415170;4280834479;12;0;2023-12-13 11:25:57.448920;66
6666735;4195280;14;0;2023-12-13 11:25:57.448920;66
4292995468;4592061;0;0;2023-12-13 11:25:57.448920;66
4280909591;4999362;2;0;2023-12-13 11:25:57.448920;66
4285504455;4450028;4;0;2023-12-13 11:25:57.463916;67
10515863;7775905;6;0;2023-12-13 11:25:57.463916;67
4290611108;8714893;8;0;2023-12-13 11:25:57.463916;67
16340038;4285081663;10;0;2023-12-13 11:25:57.463916;67
2438614;4280854159;12;0;2023-12-13 11:25:57.463916;67
6683520;4211501;14;0;2023-12-13 11:25:57.463916;67
4293025535;4623623;0;0;2023-12-13 11:25:57.463916;67
4280944538;5038650;2;0;2023-12-13 11:25:57.463916;67
4285548073;4496817;4;0;2023-12-13 11:25:57.463916;67
10564023;7823444;6;0;2023-12-13 11:25:57.478046;68
4290655888;8755017;8;0;2023-12-13 11:25:57.478046;68
16374270;4285109931;10;0;2023-12-13 11:25:57.478046;68
2462052;4280873837;12;0;2023-12-13 11:25:57.478046;68
6700296;4227713;14;0;2023-12-13 11:25:57.478046;68
4293055603;4655186;0;0;2023-12-13 11:25:57.478046;68
4280979489;5077934;2;0;2023-12-13 11:25:57.478046;68
4285591699;4543603;4;0;2023-12-13 11:25:57.478046;68
10612185;7870989;6;0;2023-12-13 11:25:57.478046;68
4290700658;8795149;8;0;2023-12-13 11:25:57.493201;69
16408510;4285138203;10;0;2023-12-13 11:25:57.493201;69
2485494;4280893519;12;0;2023-12-13 11:25:57.493474;69
6717079;4243932;14;0;2023-12-13 11:25:57.493474;69
4293085674;4686750;0;0;2023-12-13 11:25:57.493474;69
4281014446;5117221;2;0;2023-12-13 11:25:57.493474;69
4285635328;4590388;4;0;2023-12-13 11:25:57.493474;69
10660355;7918534;6;0;2023-12-13 11:25:57.493474;69
4290745445;8835278;8;0;2023-12-13 11:25:57.493474;69
16442745;4285166474;10;0;2023-12-13 11:25:57.508202;70
2508938;4280913198;12;0;2023-12-13 11:25:57.508202;70
6733858;4260156;14;0;2023-12-13 11:25:57.508202;70
4293115756;4718321;0;0;2023-12-13 11:25:57.508202;70
4281049406;5156514;2;0;2023-12-13 11:25:57.508202;70
4285678964;4637189;4;0;2023-12-13 11:25:57.508202;70
10708529;7966086;6;0;2023-12-13 11:25:57.508202;70
4290790245;8875411;8;0;2023-12-13 11:25:57.508202;70
16476984;4285194749;10;0;2023-12-13 11:25:57.508202;70
2532385;4280932880;12;0;2023-12-13 11:25:57.522200;71
6750646;4276378;14;0;2023-12-13 11:25:57.523200;71
4293145825;4749884;0;0;2023-12-13 11:25:57.523200;71
4281084364;5195798;2;0;2023-12-13 11:25:57.523200;71
4285722588;4683982;4;0;2023-12-13 11:25:57.523200;71
10756701;8013629;6;0;2023-12-13 11:25:57.523200;71
4290835033;8915543;8;0;2023-12-13 11:25:57.523200;71
16511215;4285223021;10;0;2023-12-13 11:25:57.523200;71
2555826;4280952557;12;0;2023-12-13 11:25:57.523200;71
6767426;4292593;14;0;2023-12-13 11:25:57.538093;72
4293175909;4781463;0;0;2023-12-13 11:25:57.538093;72
4281119330;5235106;2;0;2023-12-13 11:25:57.538093;72
4285766238;4730799;4;0;2023-12-13 11:25:57.538093;72
10804890;8061191;6;0;2023-12-13 11:25:57.538093;72
4290879828;8955690;8;0;2023-12-13 11:25:57.538093;72
16545461;4285251306;10;0;2023-12-13 11:25:57.538093;72
2579278;4280972246;12;0;2023-12-13 11:25:57.538093;72
6784209;4308817;14;0;2023-12-13 11:25:57.538093;72
4293205991;4813037;0;0;2023-12-13 11:25:57.557048;73
4281154287;5274404;2;0;2023-12-13 11:25:57.557048;73
4285809879;4777604;4;0;2023-12-13 11:25:57.557048;73
10853072;8108749;6;0;2023-12-13 11:25:57.557048;73
4290924632;8995832;8;0;2023-12-13 11:25:57.557048;73
16579702;4285279584;10;0;2023-12-13 11:25:57.557048;73
2602726;4280991929;12;0;2023-12-13 11:25:57.557048;73
6800994;4325041;14;0;2023-12-13 11:25:57.557048;73
4293236067;4844607;0;0;2023-12-13 11:25:57.557048;73
4281189243;5313696;2;0;2023-12-13 11:25:57.572047;74
4285853514;4824411;4;0;2023-12-13 11:25:57.572047;74
10901251;8156300;6;0;2023-12-13 11:25:57.572047;74
4290969419;9035970;8;0;2023-12-13 11:25:57.572047;74
16613948;4285307863;10;0;2023-12-13 11:25:57.572047;74
2626176;4281011612;12;0;2023-12-13 11:25:57.572047;74
6817775;4341264;14;0;2023-12-13 11:25:57.572047;74
4293266140;4876174;0;0;2023-12-13 11:25:57.572047;74
4281224194;5352987;2;0;2023-12-13 11:25:57.572047;74
4285897144;4871216;4;0;2023-12-13 11:25:57.587042;75
10949424;8203850;6;0;2023-12-13 11:25:57.587042;75
4291014213;9076102;8;0;2023-12-13 11:25:57.587042;75
16648185;4285336135;10;0;2023-12-13 11:25:57.587042;75
2649624;4281031294;12;0;2023-12-13 11:25:57.587042;75
6834555;4357480;14;0;2023-12-13 11:25:57.587042;75
4293296209;4907736;0;0;2023-12-13 11:25:57.587042;75
4281259144;5392270;2;0;2023-12-13 11:25:57.587042;75
4285940772;4918003;4;0;2023-12-13 11:25:57.587042;75
10997590;8251396;6;0;2023-12-13 11:25:57.601665;76
4291058991;9116230;8;0;2023-12-13 11:25:57.601665;76
16682417;4285364406;10;0;2023-12-13 11:25:57.601665;76
2673067;4281050970;12;0;2023-12-13 11:25:57.601665;76
6851333;4373696;14;0;2023-12-13 11:25:57.601665;76
4293326292;4939313;0;0;2023-12-13 11:25:57.601665;76
4281294109;5431575;2;0;2023-12-13 11:25:57.601665;76
4285984413;4964822;4;0;2023-12-13 11:25:57.601665;76
11045782;8298966;6;0;2023-12-13 11:25:57.601665;76
4291103786;9156382;8;0;2023-12-13 11:25:57.616633;77
16716670;4285392692;10;0;2023-12-13 11:25:57.616633;77
2696526;4281070656;12;0;2023-12-13 11:25:57.616633;77
6868120;4389920;14;0;2023-12-13 11:25:57.616633;77
4293356359;4970881;0;0;2023-12-13 11:25:57.616633;77
4281329061;5470860;2;0;2023-12-13 11:25:57.616633;77
4286028039;5011610;4;0;2023-12-13 11:25:57.616633;77
11093954;8346513;6;0;2023-12-13 11:25:57.616633;77
4291148581;9196516;8;0;2023-12-13 11:25:57.617633;77
16750903;4285420971;10;0;2023-12-13 11:25:57.630981;78
2719972;4281090335;12;0;2023-12-13 11:25:57.630981;78
6884898;4406138;14;0;2023-12-13 11:25:57.630981;78
4293386435;5002444;0;0;2023-12-13 11:25:57.630981;78
4281364014;5510153;2;0;2023-12-13 11:25:57.630981;78
4286071670;5058423;4;0;2023-12-13 11:25:57.630981;78
11142124;8394061;6;0;2023-12-13 11:25:57.630981;78
4291193389;9236651;8;0;2023-12-13 11:25:57.630981;78
4278198000;4285449246;10;0;2023-12-13 11:25:57.630981;78
2743415;4281110018;12;0;2023-12-13 11:25:57.646822;79
6901677;4422359;14;0;2023-12-13 11:25:57.646822;79
4293416505;5034010;0;0;2023-12-13 11:25:57.646822;79
4281398966;5549443;2;0;2023-12-13 11:25:57.646822;79
4286115300;5105209;4;0;2023-12-13 11:25:57.646822;79
11190294;8441610;6;0;2023-12-13 11:25:57.646822;79
4291238192;9276784;8;0;2023-12-13 11:25:57.646822;79
4278232235;4285477518;10;0;2023-12-13 11:25:57.646822;79
2766857;4281129702;12;0;2023-12-13 11:25:57.646822;79
6918457;4438577;14;0;2023-12-13 11:25:57.660482;80
4293446576;5065570;0;0;2023-12-13 11:25:57.660482;80
4281433920;5588732;2;0;2023-12-13 11:25:57.660482;80
4286158927;5152007;4;0;2023-12-13 11:25:57.660482;80
11238465;8489156;6;0;2023-12-13 11:25:57.660482;80
4291282985;9316913;8;0;2023-12-13 11:25:57.660482;80
4278266469;4285505790;10;0;2023-12-13 11:25:57.660482;80
2790297;4281149384;12;0;2023-12-13 11:25:57.660482;80
6935237;4454794;14;0;2023-12-13 11:25:57.660482;80
4293476649;5097143;0;0;2023-12-13 11:25:57.680005;81
4281468874;5628021;2;0;2023-12-13 11:25:57.680005;81
4286202560;5198797;4;0;2023-12-13 11:25:57.680005;81
11286636;8536703;6;0;2023-12-13 11:25:57.680005;81
4291327783;9357045;8;0;2023-12-13 11:25:57.680005;81
4278300707;4285534061;10;0;2023-12-13 11:25:57.680005;81
2813741;4281169070;12;0;2023-12-13 11:25:57.680005;81
6952016;4471015;14;0;2023-12-13 11:25:57.680005;81
4293506737;5128724;0;0;2023-12-13 11:25:57.680005;81
4281503839;5667319;2;0;2023-12-13 11:25:57.695072;82
4286246204;5245614;4;0;2023-12-13 11:25:57.695072;82
11334829;8584265;6;0;2023-12-13 11:25:57.695072;82
4291372586;9397189;8;0;2023-12-13 11:25:57.696070;82
4278334958;4285562345;10;0;2023-12-13 11:25:57.696070;82
2837191;4281188758;12;0;2023-12-13 11:25:57.696070;82
6968798;4487241;14;0;2023-12-13 11:25:57.696070;82
4293536814;5160299;0;0;2023-12-13 11:25:57.696070;82
4281538803;5706614;2;0;2023-12-13 11:25:57.696070;82
4286289841;5292424;4;0;2023-12-13 11:25:57.710418;83
11383012;8631829;6;0;2023-12-13 11:25:57.710418;83
4291417391;9437331;8;0;2023-12-13 11:25:57.710418;83
4278369200;4285590624;10;0;2023-12-13 11:25:57.710418;83
2860644;4281208443;12;0;2023-12-13 11:25:57.710418;83
6985584;4503459;14;0;2023-12-13 11:25:57.710418;83
4293566888;5191871;0;0;2023-12-13 11:25:57.710418;83
4281573762;5745905;2;0;2023-12-13 11:25:57.711109;83
4286333478;5339220;4;0;2023-12-13 11:25:57.711109;83
11431188;8679383;6;0;2023-12-13 11:25:57.724697;84
4291462201;9477472;8;0;2023-12-13 11:25:57.724697;84
4278403446;4285618900;10;0;2023-12-13 11:25:57.724697;84
2884095;4281228126;12;0;2023-12-13 11:25:57.724697;84
7002364;4519683;14;0;2023-12-13 11:25:57.724697;84
4293596973;5223448;0;0;2023-12-13 11:25:57.724697;84
4281608731;5785208;2;0;2023-12-13 11:25:57.724697;84
4286377127;5386039;4;0;2023-12-13 11:25:57.725069;84
11479373;8726945;6;0;2023-12-13 11:25:57.725069;84
4291507012;9517614;8;0;2023-12-13 11:25:57.739657;85
4278437693;4285647177;10;0;2023-12-13 11:25:57.739657;85
2907546;4281247816;12;0;2023-12-13 11:25:57.739657;85
7019146;4535902;14;0;2023-12-13 11:25:57.739657;85
4293627039;5255009;0;0;2023-12-13 11:25:57.739657;85
4281643678;5824493;2;0;2023-12-13 11:25:57.739657;85
4286420756;5432826;4;0;2023-12-13 11:25:57.739657;85
11527548;8774496;6;0;2023-12-13 11:25:57.739657;85
4291551822;9557747;8;0;2023-12-13 11:25:57.739657;85
4278471928;4285675453;10;0;2023-12-13 11:25:57.754630;86
2930993;4281267499;12;0;2023-12-13 11:25:57.754630;86
7035927;4552116;14;0;2023-12-13 11:25:57.754630;86
4293657099;5286568;0;0;2023-12-13 11:25:57.754630;86
4281678628;5863776;2;0;2023-12-13 11:25:57.754630;86
4286464389;5479605;4;0;2023-12-13 11:25:57.754630;86
11575715;8822043;6;0;2023-12-13 11:25:57.754630;86
4291596609;9597876;8;0;2023-12-13 11:25:57.754630;86
4278506164;4285703724;10;0;2023-12-13 11:25:57.754630;86
2954440;4281287179;12;0;2023-12-13 11:25:57.769918;87
7052707;4568332;14;0;2023-12-13 11:25:57.769918;87
4293687173;5318138;0;0;2023-12-13 11:25:57.769918;87
4281713583;5903065;2;0;2023-12-13 11:25:57.769918;87
4286508024;5526404;4;0;2023-12-13 11:25:57.769918;87
11623888;8869594;6;0;2023-12-13 11:25:57.769918;87
4291641420;9638016;8;0;2023-12-13 11:25:57.769918;87
4278540401;4285731998;10;0;2023-12-13 11:25:57.769918;87
2977883;4281306862;12;0;2023-12-13 11:25:57.769918;87
7069485;4584550;14;0;2023-12-13 11:25:57.784807;88
4293717241;5349699;0;0;2023-12-13 11:25:57.784807;88
4281748533;5942353;2;0;2023-12-13 11:25:57.784807;88
4286551654;5573197;4;0;2023-12-13 11:25:57.784807;88
11672064;8917141;6;0;2023-12-13 11:25:57.784807;88
4291686199;9678149;8;0;2023-12-13 11:25:57.784807;88
4278574636;4285760266;10;0;2023-12-13 11:25:57.784807;88
3001326;4281326543;12;0;2023-12-13 11:25:57.784807;88
7086266;4600764;14;0;2023-12-13 11:25:57.784807;88
4293747315;5381265;0;0;2023-12-13 11:25:57.803600;89
4281783490;5981643;2;0;2023-12-13 11:25:57.803600;89
4286595288;5619980;4;0;2023-12-13 11:25:57.803600;89
11720247;8964700;6;0;2023-12-13 11:25:57.803600;89
4291731009;9718291;8;0;2023-12-13 11:25:57.803600;89
4278608881;4285788547;10;0;2023-12-13 11:25:57.803600;89
3024781;4281346227;12;0;2023-12-13 11:25:57.803600;89
7103051;4616986;14;0;2023-12-13 11:25:57.803600;89
4293777385;5412834;0;0;2023-12-13 11:25:57.803600;89
4281818446;6020931;2;0;2023-12-13 11:25:57.817600;90
4286638915;5666771;4;0;2023-12-13 11:25:57.818600;90
11768412;9012245;6;0;2023-12-13 11:25:57.818600;90
4291775791;9758415;8;0;2023-12-13 11:25:57.818600;90
4278643112;4285816814;10;0;2023-12-13 11:25:57.818600;90
3048224;4281365904;12;0;2023-12-13 11:25:57.818600;90
7119828;4633199;14;0;2023-12-13 11:25:57.818600;90
4293807459;5444395;0;0;2023-12-13 11:25:57.818600;90
4281853396;6060217;2;0;2023-12-13 11:25:57.818600;90
4286682542;5713560;4;0;2023-12-13 11:25:57.833538;91
11816580;9059788;6;0;2023-12-13 11:25:57.833538;91
4291820558;9798542;8;0;2023-12-13 11:25:57.833538;91
4278677343;4285845087;10;0;2023-12-13 11:25:57.833538;91
3071669;4281385580;12;0;2023-12-13 11:25:57.833538;91
7136607;4649414;14;0;2023-12-13 11:25:57.833538;91
4293837527;5475954;0;0;2023-12-13 11:25:57.833538;91
4281888345;6099499;2;0;2023-12-13 11:25:57.833538;91
4286726163;5760353;4;0;2023-12-13 11:25:57.833538;91
11864745;9107333;6;0;2023-12-13 11:25:57.848734;92
4291865338;9838671;8;0;2023-12-13 11:25:57.848734;92
4278711573;4285873358;10;0;2023-12-13 11:25:57.848734;92
3095112;4281405258;12;0;2023-12-13 11:25:57.848734;92
7153385;4665633;14;0;2023-12-13 11:25:57.848734;92
4293867596;5507522;0;0;2023-12-13 11:25:57.848734;92
4281923297;6138780;2;0;2023-12-13 11:25:57.848734;92
4286769787;5807135;4;0;2023-12-13 11:25:57.848734;92
11912913;9154876;6;0;2023-12-13 11:25:57.848734;92
4291910114;9878800;8;0;2023-12-13 11:25:57.863293;93
4278745800;4285901624;10;0;2023-12-13 11:25:57.863293;93
3118548;4281424936;12;0;2023-12-13 11:25:57.863293;93
7170163;4681848;14;0;2023-12-13 11:25:57.863293;93
4293897668;5539084;0;0;2023-12-13 11:25:57.863700;93
4281958249;6178064;2;0;2023-12-13 11:25:57.863700;93
4286813416;5853924;4;0;2023-12-13 11:25:57.863700;93
11961079;9202421;6;0;2023-12-13 11:25:57.863700;93
4291954909;9918926;8;0;2023-12-13 11:25:57.863700;93
4278780031;4285929889;10;0;2023-12-13 11:25:57.877700;94
3141988;4281444614;12;0;2023-12-13 11:25:57.877700;94
7186940;4698064;14;0;2023-12-13 11:25:57.877700;94
4293927744;5570650;0;0;2023-12-13 11:25:57.877700;94
4281993202;6217353;2;0;2023-12-13 11:25:57.877700;94
4286857040;5900723;4;0;2023-12-13 11:25:57.877700;94
12009250;9249970;6;0;2023-12-13 11:25:57.877700;94
4291999700;9959060;8;0;2023-12-13 11:25:57.878732;94
4278814264;4285958161;10;0;2023-12-13 11:25:57.878732;94
3165432;4281464296;12;0;2023-12-13 11:25:57.891698;95
7203717;4714282;14;0;2023-12-13 11:25:57.891698;95
4293957813;5602214;0;0;2023-12-13 11:25:57.891698;95
4282028154;6256640;2;0;2023-12-13 11:25:57.891698;95
4286900671;5947508;4;0;2023-12-13 11:25:57.891698;95
12057424;9297519;6;0;2023-12-13 11:25:57.891698;95
4292044482;9999188;8;0;2023-12-13 11:25:57.891698;95
4278848498;4285986434;10;0;2023-12-13 11:25:57.892730;95
3188872;4281483974;12;0;2023-12-13 11:25:57.892730;95
7220496;4730500;14;0;2023-12-13 11:25:57.906696;96
4293987888;5633776;0;0;2023-12-13 11:25:57.906696;96
4282063112;6295929;2;0;2023-12-13 11:25:57.906696;96
4286944296;5994312;4;0;2023-12-13 11:25:57.906696;96
12105596;9345067;6;0;2023-12-13 11:25:57.906696;96
4292089271;10039318;8;0;2023-12-13 11:25:57.906696;96
4278882732;4286014706;10;0;2023-12-13 11:25:57.907697;96
3212319;4281503653;12;0;2023-12-13 11:25:57.907697;96
7237275;4746719;14;0;2023-12-13 11:25:57.907697;96
4294017972;5665356;0;0;2023-12-13 11:25:57.927379;97
4282098079;6335230;2;0;2023-12-13 11:25:57.927379;97
4286987942;6041128;4;0;2023-12-13 11:25:57.927379;97
12153790;9392629;6;0;2023-12-13 11:25:57.927379;97
4292134076;10079465;8;0;2023-12-13 11:25:57.927698;97
4278916978;4286042990;10;0;2023-12-13 11:25:57.927698;97
3235771;4281523344;12;0;2023-12-13 11:25:57.927698;97
7254058;4762942;14;0;2023-12-13 11:25:57.927698;97
4294048047;5696923;0;0;2023-12-13 11:25:57.927698;97
4282133036;6374525;2;0;2023-12-13 11:25:57.942589;98
4287031581;6087933;4;0;2023-12-13 11:25:57.942589;98
12201979;9440189;6;0;2023-12-13 11:25:57.942589;98
4292178887;10119608;8;0;2023-12-13 11:25:57.942589;98
4278951224;4286071268;10;0;2023-12-13 11:25:57.942589;98
3259223;4281543029;12;0;2023-12-13 11:25:57.942589;98
7270839;4779162;14;0;2023-12-13 11:25:57.942589;98
4294078128;5728496;0;0;2023-12-13 11:25:57.942589;98
4282167997;6413822;2;0;2023-12-13 11:25:57.942589;98
4287075222;6134742;4;0;2023-12-13 11:25:57.955786;99
12250159;9487744;6;0;2023-12-13 11:25:57.955786;99
4292223697;10159743;8;0;2023-12-13 11:25:57.955786;99
4278985468;4286099547;10;0;2023-12-13 11:25:57.955786;99
3282671;4281562717;12;0;2023-12-13 11:25:57.955786;99
7287622;4795381;14;0;2023-12-13 11:25:57.955786;99
4294108215;5760072;0;0;2023-12-13 11:25:57.955786;99
4282202968;6453129;2;0;2023-12-13 11:25:57.955786;99
4287118870;6181566;4;0;2023-12-13 11:25:57.955786;99
12298355;9535317;6;0;2023-12-13 11:25:57.970778;100
4292268516;10199895;8;0;2023-12-13 11:25:57.970778;100
4279019720;4286127830;10;0;2023-12-13 11:25:57.970778;100
3306127;4281582403;12;0;2023-12-13 11:25:57.970778;100
7304403;4811607;14;0;2023-12-13 11:25:57.970778;100
4294138286;5791632;0;0;2023-12-13 11:25:57.970778;100
4282237924;6492416;2;0;2023-12-13 11:25:57.970778;100
4287162495;6228349;4;0;2023-12-13 11:25:57.970778;100
12346525;9582860;6;0;2023-12-13 11:25:57.970778;100
4292313294;10240025;8;0;2023-12-13 11:25:57.986087;101
4279053956;4286156098;10;0;2023-12-13 11:25:57.986087;101
3329573;4281602083;12;0;2023-12-13 11:25:57.986087;101
7321183;4827823;14;0;2023-12-13 11:25:57.986087;101
4294168362;5823202;0;0;2023-12-13 11:25:57.986087;101
4282272888;6531717;2;0;2023-12-13 11:25:57.986087;101
4287206134;6275157;4;0;2023-12-13 11:25:57.986087;101
12394711;9630420;6;0;2023-12-13 11:25:57.986087;101
4292358083;10280168;8;0;2023-12-13 11:25:57.986087;101
4279088204;4286184378;10;0;2023-12-13 11:25:58.001085;102
3353026;4281621770;12;0;2023-12-13 11:25:58.001085;102
7337971;4844049;14;0;2023-12-13 11:25:58.001085;102
4294198439;5854773;0;0;2023-12-13 11:25:58.001085;102
4282307851;6571009;2;0;2023-12-13 11:25:58.001085;102
4287249777;6321965;4;0;2023-12-13 11:25:58.001085;102
12442898;9677981;6;0;2023-12-13 11:25:58.001085;102
4292402915;10320313;8;0;2023-12-13 11:25:58.001085;102
4279122452;4286212663;10;0;2023-12-13 11:25:58.001085;102
3376474;4281641452;12;0;2023-12-13 11:25:58.015790;103
7354752;4860271;14;0;2023-12-13 11:25:58.015790;103
4294228522;5886353;0;0;2023-12-13 11:25:58.015790;103
4282342821;6610315;2;0;2023-12-13 11:25:58.015790;103
4287293417;6368787;4;0;2023-12-13 11:25:58.015790;103
12491085;9725550;6;0;2023-12-13 11:25:58.015790;103
4292447710;10360464;8;0;2023-12-13 11:25:58.015790;103
4279156704;4286240951;10;0;2023-12-13 11:25:58.015790;103
3399929;4281661142;12;0;2023-12-13 11:25:58.015790;103
7371532;4876498;14;0;2023-12-13 11:25:58.030912;104
4294258598;5917923;0;0;2023-12-13 11:25:58.030912;104
4282377779;6649607;2;0;2023-12-13 11:25:58.030912;104
4287337049;6415601;4;0;2023-12-13 11:25:58.030912;104
12539267;9773103;6;0;2023-12-13 11:25:58.030912;104
4292492513;10400607;8;0;2023-12-13 11:25:58.030912;104
4279190946;4286269226;10;0;2023-12-13 11:25:58.030912;104
3423381;4281680823;12;0;2023-12-13 11:25:58.030912;104
7388312;4892719;14;0;2023-12-13 11:25:58.030912;104
4294288680;5949501;0;0;2023-12-13 11:25:58.049969;105
4282412742;6688901;2;0;2023-12-13 11:25:58.049969;105
4287380687;6462392;4;0;2023-12-13 11:25:58.049969;105
12587448;9820663;6;0;2023-12-13 11:25:58.049969;105
4292537315;10440747;8;0;2023-12-13 11:25:58.049969;105
4279225191;4286297505;10;0;2023-12-13 11:25:58.049969;105
3446830;4281700514;12;0;2023-12-13 11:25:58.049969;105
7405095;4908942;14;0;2023-12-13 11:25:58.049969;105
4294318766;5981080;0;0;2023-12-13 11:25:58.049969;105
4282447705;6728205;2;0;2023-12-13 11:25:58.064967;106
4287424330;6509192;4;0;2023-12-13 11:25:58.064967;106
12635632;9868225;6;0;2023-12-13 11:25:58.064967;106
4292582119;10480884;8;0;2023-12-13 11:25:58.064967;106
4279259440;4286325786;10;0;2023-12-13 11:25:58.064967;106
3470281;4281720201;12;0;2023-12-13 11:25:58.064967;106
7421878;4925160;14;0;2023-12-13 11:25:58.064967;106
4294348846;6012651;0;0;2023-12-13 11:25:58.064967;106
4282482669;6767509;2;0;2023-12-13 11:25:58.064967;106
4287467971;6556006;4;0;2023-12-13 11:25:58.079970;107
12683820;9915786;6;0;2023-12-13 11:25:58.079970;107
4292626929;10521026;8;0;2023-12-13 11:25:58.079970;107
4279293681;4286354066;10;0;2023-12-13 11:25:58.079970;107
3493731;4281739888;12;0;2023-12-13 11:25:58.080264;107
7438660;4941379;14;0;2023-12-13 11:25:58.080264;107
4294378914;6044213;0;0;2023-12-13 11:25:58.080264;107
4282517624;6806796;2;0;2023-12-13 11:25:58.080264;107
4287511606;6602800;4;0;2023-12-13 11:25:58.080264;107
12731992;9963335;6;0;2023-12-13 11:25:58.094970;108
4292671728;10561163;8;0;2023-12-13 11:25:58.094970;108
4279327921;4286382342;10;0;2023-12-13 11:25:58.094970;108
3517175;4281759569;12;0;2023-12-13 11:25:58.094970;108
7455441;4957596;14;0;2023-12-13 11:25:58.094970;108
4294408998;6075789;0;0;2023-12-13 11:25:58.094970;108
4282552587;6846098;2;0;2023-12-13 11:25:58.094970;108
4287555247;6649617;4;0;2023-12-13 11:25:58.094970;108
12780181;10010897;6;0;2023-12-13 11:25:58.095344;108
4292716531;10601312;8;0;2023-12-13 11:25:58.110042;109
4279362167;4286410621;10;0;2023-12-13 11:25:58.110042;109
3540625;4281779257;12;0;2023-12-13 11:25:58.110042;109
7472227;4973821;14;0;2023-12-13 11:25:58.110042;109
4294439077;6107364;0;0;2023-12-13 11:25:58.110042;109
4282587555;6885397;2;0;2023-12-13 11:25:58.110042;109
4287598884;6696419;4;0;2023-12-13 11:25:58.110042;109
12828360;10058452;6;0;2023-12-13 11:25:58.110042;109
4292761349;10641454;8;0;2023-12-13 11:25:58.110042;109
4279396411;4286438896;10;0;2023-12-13 11:25:58.123969;110
3564075;4281798944;12;0;2023-12-13 11:25:58.124969;110
7489010;4990038;14;0;2023-12-13 11:25:58.124969;110
4294469161;6138934;0;0;2023-12-13 11:25:58.124969;110
4282622519;6924691;2;0;2023-12-13 11:25:58.124969;110
4287642524;6743234;4;0;2023-12-13 11:25:58.124969;110
12876540;10106007;6;0;2023-12-13 11:25:58.124969;110
4292806163;10681591;8;0;2023-12-13 11:25:58.124969;110
4279430648;4286467170;10;0;2023-12-13 11:25:58.124969;110
3587519;4281818623;12;0;2023-12-13 11:25:58.137968;111
7505790;5006262;14;0;2023-12-13 11:25:58.137968;111
4294499245;6170513;0;0;2023-12-13 11:25:58.138969;111
4282657488;6963995;2;0;2023-12-13 11:25:58.138969;111
4287686170;6790054;4;0;2023-12-13 11:25:58.138969;111
12924727;10153572;6;0;2023-12-13 11:25:58.138969;111
4292850977;10721737;8;0;2023-12-13 11:25:58.138969;111
4279464894;4286495451;10;0;2023-12-13 11:25:58.138969;111
3610973;4281838310;12;0;2023-12-13 11:25:58.138969;111
7522576;5022483;14;0;2023-12-13 11:25:58.153816;112
4294529321;6202088;0;0;2023-12-13 11:25:58.153816;112
4282692449;7003290;2;0;2023-12-13 11:25:58.153816;112
4287729810;6836841;4;0;2023-12-13 11:25:58.153816;112
12972910;10201130;6;0;2023-12-13 11:25:58.153816;112
4292895766;10761880;8;0;2023-12-13 11:25:58.153816;112
4279499140;4286523728;10;0;2023-12-13 11:25:58.153816;112
3634425;4281857994;12;0;2023-12-13 11:25:58.153816;112
7539357;5038705;14;0;2023-12-13 11:25:58.153816;112
4294559395;6233661;0;0;2023-12-13 11:25:58.174076;113
4282727410;7042581;2;0;2023-12-13 11:25:58.174076;113
4287773448;6883640;4;0;2023-12-13 11:25:58.174076;113
13021087;10248679;6;0;2023-12-13 11:25:58.174076;113
4292940551;10802017;8;0;2023-12-13 11:25:58.174076;113
4279533380;4286552005;10;0;2023-12-13 11:25:58.174076;113
3657869;4281877676;12;0;2023-12-13 11:25:58.174076;113
7556137;5054920;14;0;2023-12-13 11:25:58.174076;113
4294589472;6265227;0;0;2023-12-13 11:25:58.174076;113
4282762369;7081875;2;0;2023-12-13 11:25:58.189057;114
4287817079;6930434;4;0;2023-12-13 11:25:58.189057;114
13069261;10296231;6;0;2023-12-13 11:25:58.189057;114
4292985360;10842161;8;0;2023-12-13 11:25:58.189057;114
4279567622;4286580282;10;0;2023-12-13 11:25:58.189057;114
3681321;4281897356;12;0;2023-12-13 11:25:58.189057;114
7572924;5071136;14;0;2023-12-13 11:25:58.189057;114
4294619556;6296802;0;0;2023-12-13 11:25:58.189057;114
4282797329;7121177;2;0;2023-12-13 11:25:58.189057;114
4287860721;6977252;4;0;2023-12-13 11:25:58.202697;115
13117447;10343791;6;0;2023-12-13 11:25:58.202697;115
4293030161;10882308;8;0;2023-12-13 11:25:58.202697;115
4279601869;4286608559;10;0;2023-12-13 11:25:58.202697;115
3704773;4281917045;12;0;2023-12-13 11:25:58.202697;115
7589708;5087363;14;0;2023-12-13 11:25:58.203004;115
4294649643;6328380;0;0;2023-12-13 11:25:58.203004;115
4282832293;7160478;2;0;2023-12-13 11:25:58.203004;115
4287904364;7024068;4;0;2023-12-13 11:25:58.203004;115
13165633;10391353;6;0;2023-12-13 11:25:58.216969;116
4293074969;10922457;8;0;2023-12-13 11:25:58.216969;116
4279636120;4286636844;10;0;2023-12-13 11:25:58.216969;116
3728219;4281936732;12;0;2023-12-13 11:25:58.216969;116
7606491;5103583;14;0;2023-12-13 11:25:58.216969;116
4294679731;6359953;0;0;2023-12-13 11:25:58.217970;116
4282867262;7199786;2;0;2023-12-13 11:25:58.217970;116
4287948006;7070879;4;0;2023-12-13 11:25:58.217970;116
13213824;10438913;6;0;2023-12-13 11:25:58.217970;116
4293119774;10962601;8;0;2023-12-13 11:25:58.232654;117
4279670367;4286665127;10;0;2023-12-13 11:25:58.232654;117
3751671;4281956421;12;0;2023-12-13 11:25:58.232654;117
7623278;5119810;14;0;2023-12-13 11:25:58.232654;117
4294709810;6391528;0;0;2023-12-13 11:25:58.232654;117
4282902222;7239079;2;0;2023-12-13 11:25:58.232654;117
4287991643;7117692;4;0;2023-12-13 11:25:58.232654;117
13262003;10486470;6;0;2023-12-13 11:25:58.232654;117
4293164586;11002742;8;0;2023-12-13 11:25:58.232654;117
4279704611;4286693406;10;0;2023-12-13 11:25:58.247471;118
3775121;4281976109;12;0;2023-12-13 11:25:58.247471;118
7640060;5136036;14;0;2023-12-13 11:25:58.247471;118
4294739891;6423102;0;0;2023-12-13 11:25:58.247471;118
4282937187;7278382;2;0;2023-12-13 11:25:58.247471;118
4288035286;7164514;4;0;2023-12-13 11:25:58.247471;118
13310194;10534033;6;0;2023-12-13 11:25:58.247471;118
4293209364;11042895;8;0;2023-12-13 11:25:58.247471;118
4279738858;4286721688;10;0;2023-12-13 11:25:58.247471;118
3798572;4281995799;12;0;2023-12-13 11:25:58.262763;119
7656845;5152260;14;0;2023-12-13 11:25:58.262763;119
4294769977;6454684;0;0;2023-12-13 11:25:58.262763;119
4282972153;7317689;2;0;2023-12-13 11:25:58.262763;119
4288078937;7211348;4;0;2023-12-13 11:25:58.262763;119
13358389;10581602;6;0;2023-12-13 11:25:58.262763;119
4293254187;11083045;8;0;2023-12-13 11:25:58.262763;119
4279773110;4286749972;10;0;2023-12-13 11:25:58.262763;119
3822027;4282015487;12;0;2023-12-13 11:25:58.262763;119
7673632;5168482;14;0;2023-12-13 11:25:58.277793;120
4294800060;6486261;0;0;2023-12-13 11:25:58.277793;120
4283007122;7356989;2;0;2023-12-13 11:25:58.277793;120
4288122581;7258169;4;0;2023-12-13 11:25:58.277793;120
13406575;10629165;6;0;2023-12-13 11:25:58.277793;120
4293299010;11123184;8;0;2023-12-13 11:25:58.277793;120
4279807354;4286778257;10;0;2023-12-13 11:25:58.277793;120
3845479;4282035178;12;0;2023-12-13 11:25:58.277793;120
7690419;5184705;14;0;2023-12-13 11:25:58.277793;120
4294830140;6517834;0;0;2023-12-13 11:25:58.296497;121
4283042084;7396288;2;0;2023-12-13 11:25:58.296497;121
4288166222;7304973;4;0;2023-12-13 11:25:58.296497;121
13454759;10676728;6;0;2023-12-13 11:25:58.296497;121
4293343828;11163326;8;0;2023-12-13 11:25:58.296497;121
4279841600;4286806537;10;0;2023-12-13 11:25:58.296497;121
3868929;4282054867;12;0;2023-12-13 11:25:58.296497;121
7707208;5200931;14;0;2023-12-13 11:25:58.296497;121
4294860215;6549408;0;0;2023-12-13 11:25:58.296497;121
4283077051;7435583;2;0;2023-12-13 11:25:58.311499;122
4288209858;7351780;4;0;2023-12-13 11:25:58.311499;122
13502939;10724288;6;0;2023-12-13 11:25:58.311499;122
4293388617;11203466;8;0;2023-12-13 11:25:58.311499;122
4279875842;4286834815;10;0;2023-12-13 11:25:58.311499;122
3892377;4282074551;12;0;2023-12-13 11:25:58.311499;122
7723988;5217149;14;0;2023-12-13 11:25:58.311499;122
4294890304;6580987;0;0;2023-12-13 11:25:58.311499;122
4283112017;7474885;2;0;2023-12-13 11:25:58.311499;122
4288253502;7398605;4;0;2023-12-13 11:25:58.325497;123
13551127;10771851;6;0;2023-12-13 11:25:58.326497;123
4293433430;11243610;8;0;2023-12-13 11:25:58.326497;123
4279910094;4286863098;10;0;2023-12-13 11:25:58.326497;123
3915823;4282094235;12;0;2023-12-13 11:25:58.326497;123
7740772;5233370;14;0;2023-12-13 11:25:58.326497;123
4294920389;6612563;0;0;2023-12-13 11:25:58.326497;123
4283146985;7514188;2;0;2023-12-13 11:25:58.326497;123
4288297148;7445430;4;0;2023-12-13 11:25:58.326497;123
13599316;10819425;6;0;2023-12-13 11:25:58.340587;124
4293478248;11283760;8;0;2023-12-13 11:25:58.340587;124
4279944349;4286891388;10;0;2023-12-13 11:25:58.340587;124
3939278;4282113927;12;0;2023-12-13 11:25:58.341585;124
7757565;5249597;14;0;2023-12-13 11:25:58.341585;124
4294950469;6644134;0;0;2023-12-13 11:25:58.341585;124
4283181946;7553486;2;0;2023-12-13 11:25:58.341585;124
4288340789;7492239;4;0;2023-12-13 11:25:58.341585;124
13647506;10866986;6;0;2023-12-13 11:25:58.341585;124
4293523043;11323904;8;0;2023-12-13 11:25:58.355757;125
4279978592;4286919668;10;0;2023-12-13 11:25:58.356586;125
3962726;4282133607;12;0;2023-12-13 11:25:58.356586;125
7774348;5265819;14;0;2023-12-13 11:25:58.356586;125
13259;6675709;0;0;2023-12-13 11:25:58.356586;125
4283216912;7592791;2;0;2023-12-13 11:25:58.356586;125
4288384435;7539062;4;0;2023-12-13 11:25:58.356586;125
13695695;10914551;6;0;2023-12-13 11:25:58.356586;125
4293567850;11364050;8;0;2023-12-13 11:25:58.356586;125
4280012841;4286947949;10;0;2023-12-13 11:25:58.370347;126
3986177;4282153291;12;0;2023-12-13 11:25:58.370347;126
7791134;5282045;14;0;2023-12-13 11:25:58.370347;126
43350;6707293;0;0;2023-12-13 11:25:58.370347;126
4283251886;7632100;2;0;2023-12-13 11:25:58.370347;126
4288428089;7585880;4;0;2023-12-13 11:25:58.370347;126
13743887;10962124;6;0;2023-12-13 11:25:58.370347;126
4293612677;11404195;8;0;2023-12-13 11:25:58.370347;126
4280047091;4286976235;10;0;2023-12-13 11:25:58.370347;126
4009635;4282172985;12;0;2023-12-13 11:25:58.385243;127
7807920;5298268;14;0;2023-12-13 11:25:58.385243;127
73437;6738866;0;0;2023-12-13 11:25:58.385243;127
4283286853;7671404;2;0;2023-12-13 11:25:58.385243;127
4288471739;7632703;4;0;2023-12-13 11:25:58.385243;127
13792071;11009688;6;0;2023-12-13 11:25:58.385243;127
4293657464;11444336;8;0;2023-12-13 11:25:58.385243;127
4280081338;4287004515;10;0;2023-12-13 11:25:58.385243;127
4033082;4282192670;12;0;2023-12-13 11:25:58.385243;127
7824703;5314491;14;0;2023-12-13 11:25:58.399872;128
103515;6770439;0;0;2023-12-13 11:25:58.399872;128
4283321817;7710703;2;0;2023-12-13 11:25:58.399872;128
4288515379;7679507;4;0;2023-12-13 11:25:58.399872;128
13840249;11057241;6;0;2023-12-13 11:25:58.399872;128
4293702270;11484475;8;0;2023-12-13 11:25:58.399872;128
4280115579;4287032791;10;0;2023-12-13 11:25:58.399872;128
4056529;4282212354;12;0;2023-12-13 11:25:58.399872;128
7841484;5330714;14;0;2023-12-13 11:25:58.399872;128
133597;6802012;0;0;2023-12-13 11:25:58.420268;129
4283356782;7750005;2;0;2023-12-13 11:25:58.420268;129
4288559013;7726313;4;0;2023-12-13 11:25:58.420268;129
13888432;11104802;6;0;2023-12-13 11:25:58.420268;129
4293747063;11524618;8;0;2023-12-13 11:25:58.420268;129
4280149821;4287061070;10;0;2023-12-13 11:25:58.420268;129
4079981;4282232036;12;0;2023-12-13 11:25:58.420268;129
7858266;5346935;14;0;2023-12-13 11:25:58.420268;129
163672;6833575;0;0;2023-12-13 11:25:58.420268;129
4283391738;7789293;2;0;2023-12-13 11:25:58.433294;130
4288602644;7773119;4;0;2023-12-13 11:25:58.434262;130
13936607;11152358;6;0;2023-12-13 11:25:58.434262;130
4293791861;11564753;8;0;2023-12-13 11:25:58.434262;130
4280184059;4287089345;10;0;2023-12-13 11:25:58.434262;130
4103430;4282251720;12;0;2023-12-13 11:25:58.434262;130
7875046;5363153;14;0;2023-12-13 11:25:58.434262;130
193757;6865147;0;0;2023-12-13 11:25:58.434262;130
4283426703;7828592;2;0;2023-12-13 11:25:58.434262;130
4288646287;7819927;4;0;2023-12-13 11:25:58.448263;131
13984793;11199918;6;0;2023-12-13 11:25:58.448263;131
4293836656;11604899;8;0;2023-12-13 11:25:58.449263;131
4280218305;4287117631;10;0;2023-12-13 11:25:58.449311;131
4126883;4282271406;12;0;2023-12-13 11:25:58.449311;131
7891829;5379375;14;0;2023-12-13 11:25:58.449311;131
223837;6896723;0;0;2023-12-13 11:25:58.449311;131
4283461670;7867895;2;0;2023-12-13 11:25:58.449311;131
4288689930;7866743;4;0;2023-12-13 11:25:58.449311;131
14032980;11247479;6;0;2023-12-13 11:25:58.463673;132
4293881465;11645044;8;0;2023-12-13 11:25:58.463673;132
4280252553;4287145911;10;0;2023-12-13 11:25:58.463673;132
4150336;4282291095;12;0;2023-12-13 11:25:58.463673;132
7908613;5395595;14;0;2023-12-13 11:25:58.463673;132
253923;6928299;0;0;2023-12-13 11:25:58.463673;132
4283496638;7907202;2;0;2023-12-13 11:25:58.463673;132
4288733576;7913546;4;0;2023-12-13 11:25:58.463673;132
14081171;11295043;6;0;2023-12-13 11:25:58.463673;132
4293926258;11685192;8;0;2023-12-13 11:25:58.479200;133
4280286800;4287174199;10;0;2023-12-13 11:25:58.479200;133
4173794;4282310780;12;0;2023-12-13 11:25:58.479200;133
7925401;5411820;14;0;2023-12-13 11:25:58.479200;133
283992;6959868;0;0;2023-12-13 11:25:58.479200;133
4283531592;7946490;2;0;2023-12-13 11:25:58.479647;133
4288777205;7960343;4;0;2023-12-13 11:25:58.479647;133
14129349;11342599;6;0;2023-12-13 11:25:58.479647;133
4293971082;11725330;8;0;2023-12-13 11:25:58.479647;133
4280321036;4287202479;10;0;2023-12-13 11:25:58.493820;134
4197243;4282330464;12;0;2023-12-13 11:25:58.493820;134
7942185;5428037;14;0;2023-12-13 11:25:58.493820;134
314074;6991446;0;0;2023-12-13 11:25:58.493820;134
4283566556;7985788;2;0;2023-12-13 11:25:58.493820;134
4288820847;8007159;4;0;2023-12-13 11:25:58.493820;134
14177533;11390158;6;0;2023-12-13 11:25:58.494455;134
4294015881;11765473;8;0;2023-12-13 11:25:58.494455;134
4280355278;4287230758;10;0;2023-12-13 11:25:58.494455;134
4220693;4282350148;12;0;2023-12-13 11:25:58.508819;135
7958966;5444256;14;0;2023-12-13 11:25:58.508819;135
344150;7023012;0;0;2023-12-13 11:25:58.508819;135
4283601516;8025084;2;0;2023-12-13 11:25:58.508819;135
4288864485;8053970;4;0;2023-12-13 11:25:58.508819;135
14225709;11437708;6;0;2023-12-13 11:25:58.508819;135
4294060686;11805611;8;0;2023-12-13 11:25:58.508819;135
4280389517;4287259034;10;0;2023-12-13 11:25:58.508819;135
4244138;4282369827;12;0;2023-12-13 11:25:58.508819;135
7975745;5460475;14;0;2023-12-13 11:25:58.524082;136
374225;7054582;0;0;2023-12-13 11:25:58.524082;136
4283636475;8064381;2;0;2023-12-13 11:25:58.524082;136
4288908124;8100760;4;0;2023-12-13 11:25:58.524082;136
14273882;11485260;6;0;2023-12-13 11:25:58.524082;136
4294105490;11845745;8;0;2023-12-13 11:25:58.524082;136
4280423756;4287287313;10;0;2023-12-13 11:25:58.524082;136
4267588;4282389513;12;0;2023-12-13 11:25:58.524082;136
7992526;5476694;14;0;2023-12-13 11:25:58.524082;136
404304;7086156;0;0;2023-12-13 11:25:58.542961;137
4283671437;8103675;2;0;2023-12-13 11:25:58.542961;137
4288951771;8147565;4;0;2023-12-13 11:25:58.542961;137
14322061;11532819;6;0;2023-12-13 11:25:58.542961;137
4294150281;11885889;8;0;2023-12-13 11:25:58.542961;137
4280457999;4287315589;10;0;2023-12-13 11:25:58.542961;137
4291040;4282409201;12;0;2023-12-13 11:25:58.542961;137
8009308;5492915;14;0;2023-12-13 11:25:58.542961;137
434382;7117729;0;0;2023-12-13 11:25:58.542961;137
4283706397;8142968;2;0;2023-12-13 11:25:58.557753;138
4288995409;8194365;4;0;2023-12-13 11:25:58.557753;138
14370242;11580377;6;0;2023-12-13 11:25:58.557753;138
4294195095;11926029;8;0;2023-12-13 11:25:58.557753;138
4280492238;4287343866;10;0;2023-12-13 11:25:58.557753;138
4314484;4282428883;12;0;2023-12-13 11:25:58.557753;138
8026086;5509135;14;0;2023-12-13 11:25:58.557753;138
464451;7149296;0;0;2023-12-13 11:25:58.557753;138
4283741348;8182257;2;0;2023-12-13 11:25:58.557753;138
4289039035;8241149;4;0;2023-12-13 11:25:58.572753;139
14418417;11627929;6;0;2023-12-13 11:25:58.572753;139
4294239896;11966167;8;0;2023-12-13 11:25:58.572753;139
4280526478;4287372141;10;0;2023-12-13 11:25:58.572753;139
4337933;4282448566;12;0;2023-12-13 11:25:58.572753;139
8042866;5525351;14;0;2023-12-13 11:25:58.572753;139
494528;7180860;0;0;2023-12-13 11:25:58.572753;139
4283776300;8221548;2;0;2023-12-13 11:25:58.572753;139
4289082663;8287940;4;0;2023-12-13 11:25:58.573490;139
14466581;11675479;6;0;2023-12-13 11:25:58.587894;140
4294284706;12006297;8;0;2023-12-13 11:25:58.587894;140
4280560712;4287400415;10;0;2023-12-13 11:25:58.587894;140
4361375;4282468249;12;0;2023-12-13 11:25:58.587894;140
8059650;5541576;14;0;2023-12-13 11:25:58.587894;140
524607;7212427;0;0;2023-12-13 11:25:58.587894;140
4283811256;8260835;2;0;2023-12-13 11:25:58.587894;140
4289126298;8334738;4;0;2023-12-13 11:25:58.587894;140
14514756;11723028;6;0;2023-12-13 11:25:58.587894;140
4294329517;12046434;8;0;2023-12-13 11:25:58.603181;141
4280594948;4287428695;10;0;2023-12-13 11:25:58.603181;141
4384823;4282487931;12;0;2023-12-13 11:25:58.603181;141
8076430;5557793;14;0;2023-12-13 11:25:58.603181;141
554675;7243991;0;0;2023-12-13 11:25:58.603181;141
4283846209;8300121;2;0;2023-12-13 11:25:58.603181;141
4289169932;8381537;4;0;2023-12-13 11:25:58.603181;141
14562928;11770574;6;0;2023-12-13 11:25:58.603181;141
4294374290;12086565;8;0;2023-12-13 11:25:58.603181;141
4280629185;4287456973;10;0;2023-12-13 11:25:58.616814;142
4408269;4282507614;12;0;2023-12-13 11:25:58.616814;142
8093207;5574008;14;0;2023-12-13 11:25:58.616814;142
584739;7275550;0;0;2023-12-13 11:25:58.616814;142
4283881159;8339401;2;0;2023-12-13 11:25:58.616814;142
4289213549;8428339;4;0;2023-12-13 11:25:58.617135;142
14611096;11818119;6;0;2023-12-13 11:25:58.617135;142
4294419098;12126692;8;0;2023-12-13 11:25:58.617135;142
4280663420;4287485244;10;0;2023-12-13 11:25:58.617135;142
4431713;4282527293;12;0;2023-12-13 11:25:58.631136;143
8109992;5590225;14;0;2023-12-13 11:25:58.631136;143
614815;7307123;0;0;2023-12-13 11:25:58.631136;143
4283916117;8378700;2;0;2023-12-13 11:25:58.631136;143
4289257186;8475138;4;0;2023-12-13 11:25:58.631136;143
14659274;11865671;6;0;2023-12-13 11:25:58.631136;143
4294463907;12166829;8;0;2023-12-13 11:25:58.631136;143
4280697658;4287513521;10;0;2023-12-13 11:25:58.632135;143
4455161;4282546974;12;0;2023-12-13 11:25:58.632135;143
8126772;5606449;14;0;2023-12-13 11:25:58.646454;144
644890;7338694;0;0;2023-12-13 11:25:58.646454;144
4283951071;8417989;2;0;2023-12-13 11:25:58.646454;144
4289300813;8521934;4;0;2023-12-13 11:25:58.646454;144
14707446;11913216;6;0;2023-12-13 11:25:58.646454;144
4294508704;12206963;8;0;2023-12-13 11:25:58.646454;144
4280731891;4287541793;10;0;2023-12-13 11:25:58.647166;144
4478604;4282566653;12;0;2023-12-13 11:25:58.647166;144
8143549;5622665;14;0;2023-12-13 11:25:58.647166;144
674960;7370259;0;0;2023-12-13 11:25:58.666592;145
4283986021;8457269;2;0;2023-12-13 11:25:58.666592;145
4289344433;8568729;4;0;2023-12-13 11:25:58.666592;145
14755611;11960761;6;0;2023-12-13 11:25:58.666592;145
4294553506;12247094;8;0;2023-12-13 11:25:58.666592;145
4280766128;4287570063;10;0;2023-12-13 11:25:58.666592;145
4502046;4282586337;12;0;2023-12-13 11:25:58.666592;145
8160326;5638881;14;0;2023-12-13 11:25:58.666592;145
705033;7401825;0;0;2023-12-13 11:25:58.666592;145
4284020978;8496554;2;0;2023-12-13 11:25:58.680337;146
4289388064;8615525;4;0;2023-12-13 11:25:58.680337;146
14803781;12008311;6;0;2023-12-13 11:25:58.680337;146
4294598308;12287229;8;0;2023-12-13 11:25:58.680337;146
4280800363;4287598336;10;0;2023-12-13 11:25:58.680337;146
4525491;4282606019;12;0;2023-12-13 11:25:58.680337;146
8177110;5655103;14;0;2023-12-13 11:25:58.680337;146
735109;7433391;0;0;2023-12-13 11:25:58.680337;146
4284055940;8535846;2;0;2023-12-13 11:25:58.680337;146
4289431693;8662322;4;0;2023-12-13 11:25:58.695303;147
14851950;12055856;6;0;2023-12-13 11:25:58.695303;147
4294643101;12327363;8;0;2023-12-13 11:25:58.695303;147
4280834604;4287626608;10;0;2023-12-13 11:25:58.695303;147
4548932;4282625700;12;0;2023-12-13 11:25:58.695303;147
8193893;5671317;14;0;2023-12-13 11:25:58.695303;147
765192;7464965;0;0;2023-12-13 11:25:58.695303;147
4284090905;8575141;2;0;2023-12-13 11:25:58.695303;147
4289475329;8709136;4;0;2023-12-13 11:25:58.695303;147
14900128;12103414;6;0;2023-12-13 11:25:58.710301;148
4294687914;12367499;8;0;2023-12-13 11:25:58.710301;148
4280868848;4287654885;10;0;2023-12-13 11:25:58.710301;148
4572380;4282645384;12;0;2023-12-13 11:25:58.710301;148
8210675;5687539;14;0;2023-12-13 11:25:58.710301;148
795260;7496528;0;0;2023-12-13 11:25:58.710301;148
4284125856;8614424;2;0;2023-12-13 11:25:58.710301;148
4289518948;8755913;4;0;2023-12-13 11:25:58.710301;148
14948293;12150957;6;0;2023-12-13 11:25:58.710301;148
4294732712;12407625;8;0;2023-12-13 11:25:58.725627;149
4280903081;4287683155;10;0;2023-12-13 11:25:58.725627;149
4595827;4282665063;12;0;2023-12-13 11:25:58.725627;149
8227454;5703753;14;0;2023-12-13 11:25:58.725627;149
825337;7528101;0;0;2023-12-13 11:25:58.725627;149
4284160815;8653719;2;0;2023-12-13 11:25:58.725627;149
4289562585;8802724;4;0;2023-12-13 11:25:58.725627;149
14996472;12198515;6;0;2023-12-13 11:25:58.725627;149
4294777529;12447765;8;0;2023-12-13 11:25:58.725627;149
4280937323;4287711434;10;0;2023-12-13 11:25:58.740303;150
4619275;4282684748;12;0;2023-12-13 11:25:58.740303;150
8244239;5719971;14;0;2023-12-13 11:25:58.740303;150
855413;7559670;0;0;2023-12-13 11:25:58.740303;150
4284195774;8693015;2;0;2023-12-13 11:25:58.740303;150
4289606218;8849524;4;0;2023-12-13 11:25:58.740303;150
15044649;12246069;6;0;2023-12-13 11:25:58.740303;150
4294822310;12487902;8;0;2023-12-13 11:25:58.740303;150
4280971561;4287739707;10;0;2023-12-13 11:25:58.740303;150
4642721;4282704431;12;0;2023-12-13 11:25:58.755548;151
8261023;5736191;14;0;2023-12-13 11:25:58.755548;151
885497;7591247;0;0;2023-12-13 11:25:58.755548;151
4284230737;8732312;2;0;2023-12-13 11:25:58.755548;151
4289649859;8896337;4;0;2023-12-13 11:25:58.755548;151
15092835;12293628;6;0;2023-12-13 11:25:58.755548;151
4294867109;12528046;8;0;2023-12-13 11:25:58.755548;151
4281005811;4287767991;10;0;2023-12-13 11:25:58.755548;151
