inf;-34.82157516479492;c0;4;2023-11-21 10:29:49.069309;31
46.29741668701172;6.299922466278076;c1;4;2023-11-21 10:29:49.069309;31
90.43675994873047;48.57405090332031;c0;5;2023-11-21 10:29:49.069309;31
91.15990447998047;48.93115234375;c1;5;2023-11-21 10:29:49.069309;31
103.5263671875;49.734615325927734;c0;6;2023-11-21 10:29:49.069309;31
104.50749206542969;43.894859313964844;c1;6;2023-11-21 10:29:49.069309;31
103.38522338867188;74.74961853027344;c0;7;2023-11-21 10:29:49.070475;31
105.03463745117188;73.91673278808594;c1;7;2023-11-21 10:29:49.070475;31
93.23548126220703;187.19625854492188;c0;8;2023-11-21 10:29:49.070475;31
110.55045318603516;51.77619552612305;c1;8;2023-11-21 10:29:49.071478;32
104.14989471435547;13.19791030883789;c0;9;2023-11-21 10:29:49.071478;32
104.32910919189453;13.256725311279297;c1;9;2023-11-21 10:29:49.071478;32
93.0806655883789;65.72698211669922;c0;10;2023-11-21 10:29:49.071478;32
93.68502044677734;65.54712677001953;c1;10;2023-11-21 10:29:49.071478;32
88.6108627319336;59.62760543823242;c0;11;2023-11-21 10:29:49.071478;32
90.54497528076172;59.66633605957031;c1;11;2023-11-21 10:29:49.071478;32
123.85719299316406;112.18697357177734;c0;12;2023-11-21 10:29:49.071478;32
103.91334533691406;40.33565139770508;c1;12;2023-11-21 10:29:49.071478;32
25.6715030670166;156.7529296875;c0;13;2023-11-21 10:29:49.086376;33
29.514259338378906;165.66131591796875;c1;13;2023-11-21 10:29:49.086595;33
87.94889831542969;47.46272659301758;c0;14;2023-11-21 10:29:49.086595;33
88.08399963378906;47.419986724853516;c1;14;2023-11-21 10:29:49.086595;33
93.12323760986328;64.42888641357422;c0;15;2023-11-21 10:29:49.086595;33
94.05265045166016;63.018062591552734;c1;15;2023-11-21 10:29:49.086595;33
121.94921875;174.35122680664062;c0;16;2023-11-21 10:29:49.086595;33
115.9790267944336;70.80329895019531;c1;16;2023-11-21 10:29:49.086595;33
inf;289.4337463378906;c0;17;2023-11-21 10:29:49.086595;33
inf;272.6885986328125;c1;17;2023-11-21 10:29:49.102514;34
85.39320373535156;52.54252624511719;c0;18;2023-11-21 10:29:49.102514;34
87.0794677734375;53.61874008178711;c1;18;2023-11-21 10:29:49.102514;34
89.38890075683594;57.71875;c0;19;2023-11-21 10:29:49.102514;34
88.85022735595703;59.907291412353516;c1;19;2023-11-21 10:29:49.102514;34
80.54417419433594;247.06936645507812;c0;20;2023-11-21 10:29:49.102514;34
100.98043060302734;90.2378921508789;c1;20;2023-11-21 10:29:49.102514;34
122.51712036132812;37.64323806762695;c0;21;2023-11-21 10:29:49.102514;34
119.50928497314453;37.1359748840332;c1;21;2023-11-21 10:29:49.102514;34
inf;210.0446014404297;c0;22;2023-11-21 10:29:49.118422;35
inf;192.0841064453125;c1;22;2023-11-21 10:29:49.118422;35
84.82148742675781;70.94823455810547;c0;23;2023-11-21 10:29:49.118422;35
84.82766723632812;69.93760681152344;c1;23;2023-11-21 10:29:49.118422;35
86.50312042236328;57.09443283081055;c0;24;2023-11-21 10:29:49.118422;35
88.28018188476562;57.68275833129883;c1;24;2023-11-21 10:29:49.118422;35
90.35009765625;67.23876190185547;c0;25;2023-11-21 10:29:49.118422;35
90.93404388427734;67.49685668945312;c1;25;2023-11-21 10:29:49.118422;35
97.70648193359375;89.21620178222656;c0;26;2023-11-21 10:29:49.118422;35
98.7040023803711;88.93089294433594;c1;26;2023-11-21 10:29:49.136354;36
83.58001708984375;59.43489074707031;c0;27;2023-11-21 10:29:49.136354;36
87.72221374511719;63.65068435668945;c1;27;2023-11-21 10:29:49.136354;36
inf;124.41087341308594;c0;28;2023-11-21 10:29:49.136354;36
inf;127.49122619628906;c1;28;2023-11-21 10:29:49.136354;36
0.0;96.6531753540039;c0;29;2023-11-21 10:29:49.136354;36
0.0;98.98989868164062;c1;29;2023-11-21 10:29:49.136354;36
66.7214126586914;61.15713882446289;c0;30;2023-11-21 10:29:49.136354;36
67.26477813720703;61.514957427978516;c1;30;2023-11-21 10:29:49.136354;36
82.3813705444336;59.51732635498047;c0;31;2023-11-21 10:29:49.153404;37
83.01849365234375;59.756954193115234;c1;31;2023-11-21 10:29:49.153404;37
95.33279418945312;67.15213012695312;c0;32;2023-11-21 10:29:49.153404;37
96.4325942993164;67.33062744140625;c1;32;2023-11-21 10:29:49.153404;37
101.57534790039062;81.11768341064453;c0;33;2023-11-21 10:29:49.153404;37
101.97972106933594;80.75106811523438;c1;33;2023-11-21 10:29:49.153404;37
113.52644348144531;86.0482406616211;c0;34;2023-11-21 10:29:49.153404;37
111.71490478515625;85.8809585571289;c1;34;2023-11-21 10:29:49.153847;37
133.66029357910156;41.006874084472656;c0;35;2023-11-21 10:29:49.153847;37
135.08877563476562;38.441673278808594;c1;35;2023-11-21 10:29:49.172354;38
inf;-29.344921112060547;c0;36;2023-11-21 10:29:49.172354;38
inf;-425.4940185546875;c1;36;2023-11-21 10:29:49.172354;38
0.0;123.44283294677734;c0;37;2023-11-21 10:29:49.172354;38
0.0;125.0067367553711;c1;37;2023-11-21 10:29:49.172354;38
47.30823516845703;74.04806518554688;c0;38;2023-11-21 10:29:49.172354;38
47.72523498535156;75.42747497558594;c1;38;2023-11-21 10:29:49.172354;38
79.8302001953125;64.54242706298828;c0;39;2023-11-21 10:29:49.172354;38
81.96344757080078;65.62731170654297;c1;39;2023-11-21 10:29:49.172354;38
83.66109466552734;63.260047912597656;c0;40;2023-11-21 10:29:49.191161;39
84.59774780273438;63.673980712890625;c1;40;2023-11-21 10:29:49.191161;39
94.44828033447266;68.14473724365234;c0;41;2023-11-21 10:29:49.191161;39
95.62461853027344;68.09434509277344;c1;41;2023-11-21 10:29:49.191161;39
106.11356353759766;73.97134399414062;c0;42;2023-11-21 10:29:49.191161;39
107.40782928466797;74.27117919921875;c1;42;2023-11-21 10:29:49.191161;39
105.67454528808594;88.01311492919922;c0;43;2023-11-21 10:29:49.191161;39
107.32123565673828;88.82133483886719;c1;43;2023-11-21 10:29:49.191161;39
105.86590576171875;82.4572982788086;c0;44;2023-11-21 10:29:49.191161;39
105.65702819824219;81.45545959472656;c1;44;2023-11-21 10:29:49.211251;40
110.97968292236328;72.488037109375;c0;45;2023-11-21 10:29:49.211251;40
114.3263168334961;71.31768798828125;c1;45;2023-11-21 10:29:49.211251;40
78.12000274658203;3.6911075115203857;c0;46;2023-11-21 10:29:49.211251;40
66.22187042236328;8.443225860595703;c1;46;2023-11-21 10:29:49.211251;40
inf;376.6507568359375;c0;47;2023-11-21 10:29:49.211702;40
inf;382.8703308105469;c1;47;2023-11-21 10:29:49.211750;40
0.0;110.8316421508789;c0;48;2023-11-21 10:29:49.211750;40
0.0;111.72563171386719;c1;48;2023-11-21 10:29:49.211750;40
47.57208251953125;90.2796401977539;c0;49;2023-11-21 10:29:49.232083;41
48.83697509765625;92.53573608398438;c1;49;2023-11-21 10:29:49.232083;41
55.314170837402344;73.81996154785156;c0;50;2023-11-21 10:29:49.232083;41
56.86847686767578;74.95323944091797;c1;50;2023-11-21 10:29:49.232083;41
63.88291549682617;67.45242309570312;c0;51;2023-11-21 10:29:49.232083;41
64.65765380859375;67.81288146972656;c1;51;2023-11-21 10:29:49.232083;41
81.92172241210938;65.54387664794922;c0;52;2023-11-21 10:29:49.232083;41
83.0117416381836;66.60090637207031;c1;52;2023-11-21 10:29:49.232083;41
92.29743957519531;68.28199005126953;c0;53;2023-11-21 10:29:49.232083;41
91.93413543701172;69.47734832763672;c1;53;2023-11-21 10:29:49.252528;42
98.07389068603516;71.45393371582031;c0;54;2023-11-21 10:29:49.252528;42
98.47036743164062;72.32926940917969;c1;54;2023-11-21 10:29:49.252528;42
105.59822082519531;74.85381317138672;c0;55;2023-11-21 10:29:49.252528;42
103.62371826171875;76.326904296875;c1;55;2023-11-21 10:29:49.252528;42
109.04531860351562;83.01362609863281;c0;56;2023-11-21 10:29:49.253529;42
108.90553283691406;84.07402038574219;c1;56;2023-11-21 10:29:49.253529;42
113.92509460449219;86.77925109863281;c0;57;2023-11-21 10:29:49.253529;42
113.63270568847656;86.12806701660156;c1;57;2023-11-21 10:29:49.253529;42
109.70677947998047;87.2024917602539;c0;58;2023-11-21 10:29:49.276045;43
109.6261215209961;86.29932403564453;c1;58;2023-11-21 10:29:49.276045;43
112.53056335449219;78.41230773925781;c0;59;2023-11-21 10:29:49.276045;43
111.0212173461914;77.9067153930664;c1;59;2023-11-21 10:29:49.276045;43
122.0503921508789;41.00776672363281;c0;60;2023-11-21 10:29:49.276045;43
119.23074340820312;41.37736511230469;c1;60;2023-11-21 10:29:49.276045;43
0.0;-58.85053634643555;c0;61;2023-11-21 10:29:49.276045;43
0.0;-57.47494125366211;c1;61;2023-11-21 10:29:49.276045;43
inf;546.9478759765625;c0;62;2023-11-21 10:29:49.276045;43
inf;489.71160888671875;c1;62;2023-11-21 10:29:49.298073;44
0.0;135.30662536621094;c0;63;2023-11-21 10:29:49.298073;44
0.0;136.6689453125;c1;63;2023-11-21 10:29:49.298073;44
0.0;101.94380187988281;c0;64;2023-11-21 10:29:49.298073;44
0.0;105.40646362304688;c1;64;2023-11-21 10:29:49.298073;44
0.0;87.21439361572266;c0;65;2023-11-21 10:29:49.298073;44
0.0;88.98313903808594;c1;65;2023-11-21 10:29:49.298073;44
39.34358215332031;79.64762115478516;c0;66;2023-11-21 10:29:49.298073;44
40.08966827392578;80.41866302490234;c1;66;2023-11-21 10:29:49.299075;44
60.03087615966797;73.61610412597656;c0;67;2023-11-21 10:29:49.322062;45
62.851680755615234;75.25970458984375;c1;67;2023-11-21 10:29:49.322062;45
64.68272399902344;71.65367889404297;c0;68;2023-11-21 10:29:49.322062;45
64.37064361572266;73.76380920410156;c1;68;2023-11-21 10:29:49.322062;45
78.44420623779297;68.4032974243164;c0;69;2023-11-21 10:29:49.322062;45
82.73329162597656;69.2977066040039;c1;69;2023-11-21 10:29:49.322062;45
81.767333984375;74.25074768066406;c0;70;2023-11-21 10:29:49.322062;45
85.17692565917969;74.03744506835938;c1;70;2023-11-21 10:29:49.322062;45
91.95023345947266;70.11158752441406;c0;71;2023-11-21 10:29:49.322062;45
92.19977569580078;70.9935531616211;c1;71;2023-11-21 10:29:49.345938;46
102.50519561767578;71.9688720703125;c0;72;2023-11-21 10:29:49.345938;46
103.5942611694336;72.9522476196289;c1;72;2023-11-21 10:29:49.345938;46
107.49920654296875;75.66357421875;c0;73;2023-11-21 10:29:49.346535;46
108.77294921875;74.9193344116211;c1;73;2023-11-21 10:29:49.346535;46
107.85220336914062;79.31494140625;c0;74;2023-11-21 10:29:49.346535;46
106.70370483398438;80.0810775756836;c1;74;2023-11-21 10:29:49.346535;46
111.4251708984375;81.72589874267578;c0;75;2023-11-21 10:29:49.346535;46
112.47616577148438;82.70835876464844;c1;75;2023-11-21 10:29:49.346535;46
121.73640441894531;85.55349731445312;c0;76;2023-11-21 10:29:49.370129;47
121.6365966796875;86.34386444091797;c1;76;2023-11-21 10:29:49.370129;47
116.2589340209961;88.55413818359375;c0;77;2023-11-21 10:29:49.371131;47
113.82627868652344;90.26559448242188;c1;77;2023-11-21 10:29:49.371131;47
116.54286193847656;89.69651794433594;c0;78;2023-11-21 10:29:49.371131;47
117.82891082763672;89.8896255493164;c1;78;2023-11-21 10:29:49.371131;47
107.74842071533203;85.14157104492188;c0;79;2023-11-21 10:29:49.371131;47
104.0792236328125;86.56123352050781;c1;79;2023-11-21 10:29:49.371131;47
119.65796661376953;82.31605529785156;c0;80;2023-11-21 10:29:49.371131;47
118.65052032470703;81.0429458618164;c1;80;2023-11-21 10:29:49.396395;48
129.8470916748047;75.98297119140625;c0;81;2023-11-21 10:29:49.396395;48
133.28846740722656;76.76432800292969;c1;81;2023-11-21 10:29:49.396395;48
117.49939727783203;38.561710357666016;c0;82;2023-11-21 10:29:49.396395;48
126.50091552734375;45.13793182373047;c1;82;2023-11-21 10:29:49.396395;48
79.19285583496094;1.570203185081482;c0;83;2023-11-21 10:29:49.396395;48
80.6933364868164;-5.493921756744385;c1;83;2023-11-21 10:29:49.397399;48
inf;50.406639099121094;c0;84;2023-11-21 10:29:49.397399;48
inf;79.83563995361328;c1;84;2023-11-21 10:29:49.397399;48
inf;163.75674438476562;c0;85;2023-11-21 10:29:49.422479;49
inf;171.3747100830078;c1;85;2023-11-21 10:29:49.422479;49
inf;139.13587951660156;c0;86;2023-11-21 10:29:49.422479;49
inf;142.8586883544922;c1;86;2023-11-21 10:29:49.422479;49
0.0;113.4365005493164;c0;87;2023-11-21 10:29:49.422479;49
0.0;113.66767883300781;c1;87;2023-11-21 10:29:49.422479;49
0.0;102.6318130493164;c0;88;2023-11-21 10:29:49.422479;49
0.0;103.14984893798828;c1;88;2023-11-21 10:29:49.422479;49
0.0;95.13400268554688;c0;89;2023-11-21 10:29:49.422479;49
0.0;92.7955551147461;c1;89;2023-11-21 10:29:49.449620;50
0.0;85.56372833251953;c0;90;2023-11-21 10:29:49.449620;50
0.0;85.51028442382812;c1;90;2023-11-21 10:29:49.449620;50
24.706409454345703;82.12516021728516;c0;91;2023-11-21 10:29:49.449620;50
25.795503616333008;84.0936508178711;c1;91;2023-11-21 10:29:49.449620;50
41.08868408203125;80.01974487304688;c0;92;2023-11-21 10:29:49.449620;50
41.36521530151367;80.30280303955078;c1;92;2023-11-21 10:29:49.449620;50
56.80034255981445;76.6948013305664;c0;93;2023-11-21 10:29:49.449620;50
57.26592254638672;78.01566314697266;c1;93;2023-11-21 10:29:49.449620;50
62.782169342041016;74.63603210449219;c0;94;2023-11-21 10:29:49.477682;51
63.98891830444336;75.4511947631836;c1;94;2023-11-21 10:29:49.477682;51
72.97747802734375;72.11527252197266;c0;95;2023-11-21 10:29:49.477682;51
71.16950988769531;73.97037506103516;c1;95;2023-11-21 10:29:49.477682;51
86.64826202392578;74.07704162597656;c0;96;2023-11-21 10:29:49.477682;51
87.7174301147461;74.56865692138672;c1;96;2023-11-21 10:29:49.477682;51
82.01134490966797;71.66199493408203;c0;97;2023-11-21 10:29:49.477682;51
82.2953109741211;72.95457458496094;c1;97;2023-11-21 10:29:49.477682;51
95.31190490722656;70.43991088867188;c0;98;2023-11-21 10:29:49.477682;51
95.92086791992188;72.01110076904297;c1;98;2023-11-21 10:29:49.505507;52
93.06803131103516;73.46292114257812;c0;99;2023-11-21 10:29:49.505507;52
94.49224090576172;73.64004516601562;c1;99;2023-11-21 10:29:49.505507;52
100.5671615600586;74.3083267211914;c0;100;2023-11-21 10:29:49.505507;52
104.24667358398438;75.18034362792969;c1;100;2023-11-21 10:29:49.505507;52
109.38468170166016;73.99703979492188;c0;101;2023-11-21 10:29:49.505507;52
111.14604949951172;74.80934143066406;c1;101;2023-11-21 10:29:49.505507;52
105.1006851196289;76.71959686279297;c0;102;2023-11-21 10:29:49.505507;52
102.82645416259766;77.38969421386719;c1;102;2023-11-21 10:29:49.505507;52
103.76823425292969;78.41251373291016;c0;103;2023-11-21 10:29:49.534629;53
104.57523345947266;79.0237808227539;c1;103;2023-11-21 10:29:49.534629;53
108.59687042236328;80.89971923828125;c0;104;2023-11-21 10:29:49.534629;53
108.48341369628906;81.38797760009766;c1;104;2023-11-21 10:29:49.534629;53
116.81867980957031;84.32530975341797;c0;105;2023-11-21 10:29:49.534629;53
114.7229232788086;85.47234344482422;c1;105;2023-11-21 10:29:49.534629;53
116.31515502929688;84.00350189208984;c0;106;2023-11-21 10:29:49.534629;53
117.83118438720703;85.0440444946289;c1;106;2023-11-21 10:29:49.535631;53
118.75052642822266;85.86126708984375;c0;107;2023-11-21 10:29:49.535631;53
120.7228012084961;86.64432525634766;c1;107;2023-11-21 10:29:49.564608;54
118.07628631591797;89.23887634277344;c0;108;2023-11-21 10:29:49.564608;54
116.43256378173828;90.48982238769531;c1;108;2023-11-21 10:29:49.564608;54
115.79530334472656;87.99044036865234;c0;109;2023-11-21 10:29:49.564608;54
120.44485473632812;88.3272933959961;c1;109;2023-11-21 10:29:49.564608;54
122.11630249023438;89.97698974609375;c0;110;2023-11-21 10:29:49.564608;54
123.38584899902344;91.4953384399414;c1;110;2023-11-21 10:29:49.564608;54
112.16008758544922;86.1734390258789;c0;111;2023-11-21 10:29:49.564608;54
114.14521789550781;87.65176391601562;c1;111;2023-11-21 10:29:49.564608;54
123.92337799072266;87.61615753173828;c0;112;2023-11-21 10:29:49.595546;55
124.48274993896484;89.97884368896484;c1;112;2023-11-21 10:29:49.595546;55
119.79619598388672;89.42207336425781;c0;113;2023-11-21 10:29:49.595546;55
121.53960418701172;90.822265625;c1;113;2023-11-21 10:29:49.595546;55
125.45880889892578;88.44796752929688;c0;114;2023-11-21 10:29:49.595546;55
126.64595031738281;89.16918182373047;c1;114;2023-11-21 10:29:49.595546;55
111.92266845703125;83.32290649414062;c0;115;2023-11-21 10:29:49.595546;55
113.47856903076172;85.07875061035156;c1;115;2023-11-21 10:29:49.595546;55
116.509765625;78.04988098144531;c0;116;2023-11-21 10:29:49.595546;55
110.36442565917969;81.43299865722656;c1;116;2023-11-21 10:29:49.625701;56
130.4907989501953;76.75736236572266;c0;117;2023-11-21 10:29:49.626703;56
128.79539489746094;81.96735382080078;c1;117;2023-11-21 10:29:49.626703;56
101.58758544921875;79.11320495605469;c0;118;2023-11-21 10:29:49.626703;56
109.82461547851562;75.13514709472656;c1;118;2023-11-21 10:29:49.626703;56
108.06645965576172;34.794578552246094;c0;119;2023-11-21 10:29:49.626703;56
92.64573669433594;47.448055267333984;c1;119;2023-11-21 10:29:49.626703;56
0.0;-5.126903533935547;c0;120;2023-11-21 10:29:49.626703;56
67.64159393310547;2.0763514041900635;c1;120;2023-11-21 10:29:49.626703;56
inf;-312.899658203125;c0;121;2023-11-21 10:29:49.658590;57
inf;-306.880615234375;c1;121;2023-11-21 10:29:49.658590;57
inf;305.0355529785156;c0;122;2023-11-21 10:29:49.658590;57
inf;341.39776611328125;c1;122;2023-11-21 10:29:49.658590;57
inf;168.62367248535156;c0;123;2023-11-21 10:29:49.659094;57
inf;171.2657012939453;c1;123;2023-11-21 10:29:49.659094;57
inf;140.96385192871094;c0;124;2023-11-21 10:29:49.659094;57
inf;145.64195251464844;c1;124;2023-11-21 10:29:49.659094;57
0.0;118.40339660644531;c0;125;2023-11-21 10:29:49.659094;57
0.0;114.35469818115234;c1;125;2023-11-21 10:29:49.691528;58
0.0;109.789794921875;c0;126;2023-11-21 10:29:49.691528;58
0.0;115.08824157714844;c1;126;2023-11-21 10:29:49.691528;58
0.0;107.223388671875;c0;127;2023-11-21 10:29:49.691528;58
0.0;108.03474426269531;c1;127;2023-11-21 10:29:49.691528;58
0.0;106.385986328125;c0;128;2023-11-21 10:29:49.691528;58
0.0;108.86479187011719;c1;128;2023-11-21 10:29:49.691528;58
0.0;102.3973388671875;c0;129;2023-11-21 10:29:49.691528;58
0.0;99.98431396484375;c1;129;2023-11-21 10:29:49.691528;58
0.0;90.66324615478516;c0;130;2023-11-21 10:29:49.724388;59
0.0;91.1952896118164;c1;130;2023-11-21 10:29:49.724388;59
0.0;89.02178192138672;c0;131;2023-11-21 10:29:49.724388;59
0.0;90.72759246826172;c1;131;2023-11-21 10:29:49.724388;59
14.439409255981445;89.6781005859375;c0;132;2023-11-21 10:29:49.724388;59
26.34356689453125;92.85924530029297;c1;132;2023-11-21 10:29:49.724388;59
0.0;83.06768035888672;c0;133;2023-11-21 10:29:49.724388;59
0.0;84.05370330810547;c1;133;2023-11-21 10:29:49.724388;59
15.370743751525879;83.52131652832031;c0;134;2023-11-21 10:29:49.724388;59
0.0;83.17218017578125;c1;134;2023-11-21 10:29:49.758235;60
14.763877868652344;85.0445785522461;c0;135;2023-11-21 10:29:49.758235;60
20.096954345703125;85.46485137939453;c1;135;2023-11-21 10:29:49.758235;60
25.4111328125;83.34390258789062;c0;136;2023-11-21 10:29:49.758235;60
37.82246780395508;84.04971313476562;c1;136;2023-11-21 10:29:49.758235;60
43.96811294555664;77.48135375976562;c0;137;2023-11-21 10:29:49.758235;60
44.35882568359375;77.768798828125;c1;137;2023-11-21 10:29:49.758235;60
61.309417724609375;80.72399139404297;c0;138;2023-11-21 10:29:49.758235;60
58.953365325927734;81.33018493652344;c1;138;2023-11-21 10:29:49.758235;60
52.44210433959961;78.50716400146484;c0;139;2023-11-21 10:29:49.792991;61
58.96186828613281;79.40448760986328;c1;139;2023-11-21 10:29:49.792991;61
65.50759887695312;82.21987915039062;c0;140;2023-11-21 10:29:49.792991;61
68.69381713867188;82.109130859375;c1;140;2023-11-21 10:29:49.792991;61
66.5154800415039;79.67112731933594;c0;141;2023-11-21 10:29:49.792991;61
69.08055114746094;80.47504425048828;c1;141;2023-11-21 10:29:49.792991;61
73.24340057373047;78.09071350097656;c0;142;2023-11-21 10:29:49.792991;61
73.87643432617188;78.56051635742188;c1;142;2023-11-21 10:29:49.792991;61
69.95606231689453;76.97713470458984;c0;143;2023-11-21 10:29:49.792991;61
74.9697265625;77.2757339477539;c1;143;2023-11-21 10:29:49.829186;62
80.3417739868164;75.68968200683594;c0;144;2023-11-21 10:29:49.829186;62
86.0468978881836;76.60430145263672;c1;144;2023-11-21 10:29:49.829186;62
91.646240234375;76.9589614868164;c0;145;2023-11-21 10:29:49.829186;62
88.2960205078125;76.92991638183594;c1;145;2023-11-21 10:29:49.829186;62
93.22962188720703;78.0400161743164;c0;146;2023-11-21 10:29:49.829186;62
94.2900161743164;78.59510803222656;c1;146;2023-11-21 10:29:49.829585;62
92.6838150024414;77.39701080322266;c0;147;2023-11-21 10:29:49.829585;62
93.10797119140625;77.34696197509766;c1;147;2023-11-21 10:29:49.829585;62
96.1955337524414;78.1820297241211;c0;148;2023-11-21 10:29:49.865057;63
98.30303192138672;77.72322845458984;c1;148;2023-11-21 10:29:49.865057;63
104.46411895751953;78.81895446777344;c0;149;2023-11-21 10:29:49.865057;63
105.38614654541016;79.48614501953125;c1;149;2023-11-21 10:29:49.865057;63
101.4259262084961;78.71267700195312;c0;150;2023-11-21 10:29:49.865057;63
103.99252319335938;80.26688385009766;c1;150;2023-11-21 10:29:49.866056;63
100.05488586425781;78.31233215332031;c0;151;2023-11-21 10:29:49.866056;63
102.43045043945312;79.60160827636719;c1;151;2023-11-21 10:29:49.866056;63
102.47793579101562;76.96475219726562;c0;152;2023-11-21 10:29:49.866056;63
100.86653137207031;77.93008422851562;c1;152;2023-11-21 10:29:49.902053;64
101.87208557128906;76.54686737060547;c0;153;2023-11-21 10:29:49.902053;64
103.07691955566406;77.24256134033203;c1;153;2023-11-21 10:29:49.902053;64
124.46186065673828;74.22280883789062;c0;154;2023-11-21 10:29:49.902053;64
123.49898529052734;75.2501449584961;c1;154;2023-11-21 10:29:49.902053;64
126.49002838134766;77.12042236328125;c0;155;2023-11-21 10:29:49.902053;64
126.6337661743164;77.53935241699219;c1;155;2023-11-21 10:29:49.902053;64
128.87913513183594;77.62145233154297;c0;156;2023-11-21 10:29:49.902053;64
130.9693603515625;79.31220245361328;c1;156;2023-11-21 10:29:49.902053;64
132.3235626220703;80.28107452392578;c0;157;2023-11-21 10:29:49.938056;65
132.9380340576172;80.72010803222656;c1;157;2023-11-21 10:29:49.939056;65
125.7562255859375;82.79377746582031;c0;158;2023-11-21 10:29:49.939056;65
127.02862548828125;83.10198211669922;c1;158;2023-11-21 10:29:49.939056;65
123.00538635253906;83.64058685302734;c0;159;2023-11-21 10:29:49.939056;65
124.49950408935547;83.42089080810547;c1;159;2023-11-21 10:29:49.939056;65
125.06282806396484;81.25709533691406;c0;160;2023-11-21 10:29:49.939056;65
124.0616455078125;81.49647521972656;c1;160;2023-11-21 10:29:49.939056;65
133.178466796875;84.7854232788086;c0;161;2023-11-21 10:29:49.939056;65
132.66970825195312;86.35074615478516;c1;161;2023-11-21 10:29:49.977778;66
137.48521423339844;83.57032012939453;c0;162;2023-11-21 10:29:49.977778;66
140.91554260253906;83.27536010742188;c1;162;2023-11-21 10:29:49.977778;66
134.6061248779297;85.48448181152344;c0;163;2023-11-21 10:29:49.977778;66
135.6067352294922;85.90684509277344;c1;163;2023-11-21 10:29:49.977778;66
132.45980834960938;88.20238494873047;c0;164;2023-11-21 10:29:49.977778;66
130.4422607421875;88.22445678710938;c1;164;2023-11-21 10:29:49.977778;66
129.417236328125;89.06732940673828;c0;165;2023-11-21 10:29:49.978427;66
132.6920623779297;88.74713134765625;c1;165;2023-11-21 10:29:49.978427;66
134.5261688232422;84.72362518310547;c0;166;2023-11-21 10:29:50.016431;67
129.21743774414062;85.05271911621094;c1;166;2023-11-21 10:29:50.016431;67
130.66690063476562;86.2541732788086;c0;167;2023-11-21 10:29:50.016431;67
132.5125274658203;87.45613098144531;c1;167;2023-11-21 10:29:50.016431;67
131.81106567382812;87.4811782836914;c0;168;2023-11-21 10:29:50.016431;67
132.31536865234375;88.10455322265625;c1;168;2023-11-21 10:29:50.016431;67
134.9088897705078;89.03385162353516;c0;169;2023-11-21 10:29:50.016431;67
134.30970764160156;89.21419525146484;c1;169;2023-11-21 10:29:50.016431;67
131.3606719970703;90.695556640625;c0;170;2023-11-21 10:29:50.016431;67
129.8292694091797;88.57823181152344;c1;170;2023-11-21 10:29:50.055628;68
126.67510986328125;90.35747528076172;c0;171;2023-11-21 10:29:50.055628;68
128.02703857421875;93.04821014404297;c1;171;2023-11-21 10:29:50.055628;68
127.09886932373047;88.43634796142578;c0;172;2023-11-21 10:29:50.055628;68
126.29955291748047;90.37129211425781;c1;172;2023-11-21 10:29:50.055628;68
128.2347869873047;88.09354400634766;c0;173;2023-11-21 10:29:50.055628;68
126.0954360961914;90.48685455322266;c1;173;2023-11-21 10:29:50.055628;68
129.47393798828125;86.98916625976562;c0;174;2023-11-21 10:29:50.055628;68
129.699462890625;89.101806640625;c1;174;2023-11-21 10:29:50.055628;68
118.25556945800781;88.9284896850586;c0;175;2023-11-21 10:29:50.096547;69
126.22293853759766;88.7944107055664;c1;175;2023-11-21 10:29:50.096547;69
121.37600708007812;92.28378295898438;c0;176;2023-11-21 10:29:50.096547;69
121.62930297851562;93.1153335571289;c1;176;2023-11-21 10:29:50.096547;69
130.57789611816406;94.19727325439453;c0;177;2023-11-21 10:29:50.096547;69
130.38174438476562;93.274169921875;c1;177;2023-11-21 10:29:50.096547;69
117.40705871582031;97.20732879638672;c0;178;2023-11-21 10:29:50.096547;69
116.10889434814453;95.7236328125;c1;178;2023-11-21 10:29:50.096547;69
129.4701385498047;93.02677917480469;c0;179;2023-11-21 10:29:50.096547;69
132.4497833251953;93.0006332397461;c1;179;2023-11-21 10:29:50.137600;70
142.5921173095703;95.38188934326172;c0;180;2023-11-21 10:29:50.137722;70
135.19085693359375;95.59860229492188;c1;180;2023-11-21 10:29:50.137722;70
138.13946533203125;85.90181732177734;c0;181;2023-11-21 10:29:50.137722;70
135.18878173828125;86.80340576171875;c1;181;2023-11-21 10:29:50.137722;70
135.612548828125;81.03568267822266;c0;182;2023-11-21 10:29:50.137722;70
133.4202117919922;82.90702819824219;c1;182;2023-11-21 10:29:50.137722;70
133.77003479003906;82.86550903320312;c0;183;2023-11-21 10:29:50.137722;70
138.39309692382812;80.9192886352539;c1;183;2023-11-21 10:29:50.137722;70
111.98832702636719;78.04129791259766;c0;184;2023-11-21 10:29:50.179390;71
105.81022644042969;79.59911346435547;c1;184;2023-11-21 10:29:50.179390;71
117.56805419921875;78.00382995605469;c0;185;2023-11-21 10:29:50.179390;71
113.25688171386719;80.15650939941406;c1;185;2023-11-21 10:29:50.179390;71
108.92550659179688;78.59526062011719;c0;186;2023-11-21 10:29:50.179390;71
90.49309539794922;83.33381652832031;c1;186;2023-11-21 10:29:50.179390;71
107.30278015136719;74.14026641845703;c0;187;2023-11-21 10:29:50.179390;71
118.17379760742188;74.88358306884766;c1;187;2023-11-21 10:29:50.179390;71
142.20559692382812;83.81941223144531;c0;188;2023-11-21 10:29:50.179390;71
147.1947479248047;83.90202331542969;c1;188;2023-11-21 10:29:50.221409;72
132.0442352294922;71.9110336303711;c0;189;2023-11-21 10:29:50.221409;72
108.96749114990234;75.2016372680664;c1;189;2023-11-21 10:29:50.221409;72
78.5542984008789;61.676753997802734;c0;190;2023-11-21 10:29:50.221409;72
104.92178344726562;64.4175033569336;c1;190;2023-11-21 10:29:50.221409;72
123.62975311279297;63.45289993286133;c0;191;2023-11-21 10:29:50.221409;72
114.94281005859375;66.75161743164062;c1;191;2023-11-21 10:29:50.221409;72
136.016845703125;52.91532516479492;c0;192;2023-11-21 10:29:50.221409;72
105.51337432861328;60.682220458984375;c1;192;2023-11-21 10:29:50.221409;72
103.6554946899414;24.115137100219727;c0;193;2023-11-21 10:29:50.264290;73
49.88491439819336;36.78867721557617;c1;193;2023-11-21 10:29:50.264290;73
88.99517822265625;5.501566410064697;c0;194;2023-11-21 10:29:50.264290;73
31.42626953125;-8.130844116210938;c1;194;2023-11-21 10:29:50.264290;73
0.0;-137.21664428710938;c0;195;2023-11-21 10:29:50.264290;73
0.0;-109.77660369873047;c1;195;2023-11-21 10:29:50.264290;73
inf;97.54947662353516;c0;196;2023-11-21 10:29:50.264290;73
inf;512.3685302734375;c1;196;2023-11-21 10:29:50.264290;73
inf;234.01141357421875;c0;197;2023-11-21 10:29:50.264881;73
inf;226.14569091796875;c1;197;2023-11-21 10:29:50.308058;74
inf;186.37118530273438;c0;198;2023-11-21 10:29:50.308058;74
inf;206.8963165283203;c1;198;2023-11-21 10:29:50.308058;74
0.0;142.8827362060547;c0;199;2023-11-21 10:29:50.308058;74
0.0;139.5758056640625;c1;199;2023-11-21 10:29:50.308058;74
0.0;142.0745086669922;c0;200;2023-11-21 10:29:50.308058;74
0.0;145.13265991210938;c1;200;2023-11-21 10:29:50.308058;74
0.0;119.70440673828125;c0;201;2023-11-21 10:29:50.308058;74
0.0;121.54449462890625;c1;201;2023-11-21 10:29:50.308058;74
0.0;118.86747741699219;c0;202;2023-11-21 10:29:50.352785;75
0.0;118.35797882080078;c1;202;2023-11-21 10:29:50.352785;75
0.0;120.00439453125;c0;203;2023-11-21 10:29:50.352785;75
0.0;121.11444091796875;c1;203;2023-11-21 10:29:50.352785;75
0.0;112.25799560546875;c0;204;2023-11-21 10:29:50.353729;75
0.0;110.98273468017578;c1;204;2023-11-21 10:29:50.353729;75
0.0;119.67459106445312;c0;205;2023-11-21 10:29:50.353729;75
0.0;120.67366790771484;c1;205;2023-11-21 10:29:50.353729;75
0.0;106.61605834960938;c0;206;2023-11-21 10:29:50.353729;75
0.0;105.48528289794922;c1;206;2023-11-21 10:29:50.397494;76
0.0;112.81956481933594;c0;207;2023-11-21 10:29:50.397494;76
0.0;114.15055847167969;c1;207;2023-11-21 10:29:50.397494;76
0.0;99.6036376953125;c0;208;2023-11-21 10:29:50.397494;76
0.0;99.41680908203125;c1;208;2023-11-21 10:29:50.397494;76
0.0;97.55501556396484;c0;209;2023-11-21 10:29:50.397494;76
0.0;98.26387023925781;c1;209;2023-11-21 10:29:50.397494;76
0.0;100.74897003173828;c0;210;2023-11-21 10:29:50.398496;76
0.0;103.04989624023438;c1;210;2023-11-21 10:29:50.398684;76
15.493955612182617;102.39105224609375;c0;211;2023-11-21 10:29:50.443463;77
0.0;103.16032409667969;c1;211;2023-11-21 10:29:50.443463;77
0.0;101.05902862548828;c0;212;2023-11-21 10:29:50.443463;77
41.20098114013672;101.60556030273438;c1;212;2023-11-21 10:29:50.443463;77
0.0;99.04515075683594;c0;213;2023-11-21 10:29:50.443463;77
0.0;99.33714294433594;c1;213;2023-11-21 10:29:50.443463;77
0.0;96.70716857910156;c0;214;2023-11-21 10:29:50.444462;77
0.0;97.60202026367188;c1;214;2023-11-21 10:29:50.444462;77
0.0;94.46307373046875;c0;215;2023-11-21 10:29:50.444574;77
0.0;95.98056030273438;c1;215;2023-11-21 10:29:50.490891;78
22.297771453857422;94.91633605957031;c0;216;2023-11-21 10:29:50.490891;78
32.033538818359375;95.71940612792969;c1;216;2023-11-21 10:29:50.490891;78
52.60947036743164;89.57085418701172;c0;217;2023-11-21 10:29:50.490891;78
52.40972900390625;91.42243194580078;c1;217;2023-11-21 10:29:50.490891;78
0.0;93.21937561035156;c0;218;2023-11-21 10:29:50.490891;78
0.0;92.2144546508789;c1;218;2023-11-21 10:29:50.490891;78
0.0;93.26092529296875;c0;219;2023-11-21 10:29:50.490891;78
0.0;94.99986267089844;c1;219;2023-11-21 10:29:50.491440;78
19.992828369140625;91.08211517333984;c0;220;2023-11-21 10:29:50.538865;79
0.0;93.8839111328125;c1;220;2023-11-21 10:29:50.538865;79
43.464744567871094;90.00716400146484;c0;221;2023-11-21 10:29:50.538865;79
48.56960678100586;90.45633697509766;c1;221;2023-11-21 10:29:50.538865;79
35.05857849121094;88.37625885009766;c0;222;2023-11-21 10:29:50.538865;79
50.33146286010742;89.54727935791016;c1;222;2023-11-21 10:29:50.538865;79
41.405906677246094;87.90390014648438;c0;223;2023-11-21 10:29:50.538865;79
33.51885223388672;88.50822448730469;c1;223;2023-11-21 10:29:50.538865;79
44.44921875;89.62914276123047;c0;224;2023-11-21 10:29:50.538865;79
43.16496658325195;90.2567138671875;c1;224;2023-11-21 10:29:50.586420;80
45.71647644042969;88.22811126708984;c0;225;2023-11-21 10:29:50.586420;80
45.49687576293945;89.72593688964844;c1;225;2023-11-21 10:29:50.586420;80
50.58249282836914;88.31065368652344;c0;226;2023-11-21 10:29:50.586420;80
28.425308227539062;87.33816528320312;c1;226;2023-11-21 10:29:50.586420;80
55.40767288208008;89.07869720458984;c0;227;2023-11-21 10:29:50.586420;80
50.97545623779297;90.03150939941406;c1;227;2023-11-21 10:29:50.586420;80
41.39593505859375;89.92752838134766;c0;228;2023-11-21 10:29:50.586420;80
54.608150482177734;89.99618530273438;c1;228;2023-11-21 10:29:50.586420;80
inf;-28.62691879272461;c0;4;2023-11-21 10:29:50.599699;81
48.953636169433594;9.482207298278809;c1;4;2023-11-21 10:29:50.599699;81
91.03815460205078;46.71916198730469;c0;5;2023-11-21 10:29:50.599699;81
91.12899780273438;49.970130920410156;c1;5;2023-11-21 10:29:50.599699;81
103.46843719482422;52.079010009765625;c0;6;2023-11-21 10:29:50.599699;81
103.59651184082031;47.21589279174805;c1;6;2023-11-21 10:29:50.599699;81
103.15692901611328;74.11592102050781;c0;7;2023-11-21 10:29:50.599699;81
104.93939208984375;74.88552856445312;c1;7;2023-11-21 10:29:50.599699;81
93.05208587646484;190.2589111328125;c0;8;2023-11-21 10:29:50.599699;81
111.53071594238281;50.09086608886719;c1;8;2023-11-21 10:29:50.614663;82
103.03520965576172;13.983824729919434;c0;9;2023-11-21 10:29:50.614663;82
105.95393371582031;14.412398338317871;c1;9;2023-11-21 10:29:50.614663;82
92.19388580322266;64.90425872802734;c0;10;2023-11-21 10:29:50.614663;82
92.8730239868164;65.71858215332031;c1;10;2023-11-21 10:29:50.614663;82
88.2857437133789;58.19679260253906;c0;11;2023-11-21 10:29:50.614663;82
90.47616577148438;59.68694305419922;c1;11;2023-11-21 10:29:50.614663;82
124.09412384033203;111.2446517944336;c0;12;2023-11-21 10:29:50.614663;82
104.51632690429688;38.7542839050293;c1;12;2023-11-21 10:29:50.614663;82
29.77182960510254;158.09446716308594;c0;13;2023-11-21 10:29:50.629912;83
24.858890533447266;159.80160522460938;c1;13;2023-11-21 10:29:50.629912;83
87.71539306640625;46.07685470581055;c0;14;2023-11-21 10:29:50.629912;83
88.07426452636719;46.6173210144043;c1;14;2023-11-21 10:29:50.629912;83
94.02103424072266;65.04218292236328;c0;15;2023-11-21 10:29:50.630412;83
93.83695220947266;64.91130065917969;c1;15;2023-11-21 10:29:50.630412;83
120.74878692626953;175.5621337890625;c0;16;2023-11-21 10:29:50.630412;83
116.23052215576172;72.25481414794922;c1;16;2023-11-21 10:29:50.630412;83
inf;299.0845642089844;c0;17;2023-11-21 10:29:50.630412;83
inf;291.418701171875;c1;17;2023-11-21 10:29:50.645458;84
85.47006225585938;54.51479721069336;c0;18;2023-11-21 10:29:50.645458;84
86.455810546875;54.322662353515625;c1;18;2023-11-21 10:29:50.645458;84
88.89784240722656;58.491973876953125;c0;19;2023-11-21 10:29:50.645458;84
88.64887237548828;59.501277923583984;c1;19;2023-11-21 10:29:50.645458;84
80.50942993164062;246.9613800048828;c0;20;2023-11-21 10:29:50.645458;84
99.01750946044922;92.70284271240234;c1;20;2023-11-21 10:29:50.645458;84
119.98025512695312;37.54891586303711;c0;21;2023-11-21 10:29:50.645458;84
124.2082290649414;37.17657470703125;c1;21;2023-11-21 10:29:50.645458;84
inf;188.0878143310547;c0;22;2023-11-21 10:29:50.661529;85
inf;194.17550659179688;c1;22;2023-11-21 10:29:50.661529;85
85.21836853027344;70.45372009277344;c0;23;2023-11-21 10:29:50.661529;85
84.96442413330078;70.73966217041016;c1;23;2023-11-21 10:29:50.661529;85
87.75497436523438;56.869224548339844;c0;24;2023-11-21 10:29:50.661529;85
87.90477752685547;56.75878143310547;c1;24;2023-11-21 10:29:50.661529;85
89.04251861572266;67.83726501464844;c0;25;2023-11-21 10:29:50.661529;85
90.19149780273438;68.59895324707031;c1;25;2023-11-21 10:29:50.661529;85
98.36207580566406;88.69293212890625;c0;26;2023-11-21 10:29:50.661529;85
98.42440032958984;89.59113311767578;c1;26;2023-11-21 10:29:50.678527;86
85.09355163574219;62.87528610229492;c0;27;2023-11-21 10:29:50.678527;86
85.45571899414062;60.217899322509766;c1;27;2023-11-21 10:29:50.678527;86
inf;124.37579345703125;c0;28;2023-11-21 10:29:50.678527;86
inf;126.54376220703125;c1;28;2023-11-21 10:29:50.678527;86
0.0;97.47313690185547;c0;29;2023-11-21 10:29:50.678527;86
0.0;100.27860260009766;c1;29;2023-11-21 10:29:50.678527;86
66.7045669555664;60.358154296875;c0;30;2023-11-21 10:29:50.678527;86
66.88146209716797;62.1702880859375;c1;30;2023-11-21 10:29:50.678527;86
80.92819213867188;59.00432205200195;c0;31;2023-11-21 10:29:50.695503;87
82.73025512695312;59.46778106689453;c1;31;2023-11-21 10:29:50.695503;87
95.00042724609375;66.86683654785156;c0;32;2023-11-21 10:29:50.695503;87
95.72004699707031;67.22701263427734;c1;32;2023-11-21 10:29:50.695503;87
103.10411834716797;79.04984283447266;c0;33;2023-11-21 10:29:50.695503;87
102.0383529663086;81.76480102539062;c1;33;2023-11-21 10:29:50.695503;87
111.70271301269531;86.4198989868164;c0;34;2023-11-21 10:29:50.695503;87
113.3919448852539;86.601318359375;c1;34;2023-11-21 10:29:50.695503;87
134.26229858398438;40.43071365356445;c0;35;2023-11-21 10:29:50.695503;87
136.15802001953125;37.940731048583984;c1;35;2023-11-21 10:29:50.714949;88
inf;-129.3141326904297;c0;36;2023-11-21 10:29:50.714949;88
inf;-120.58154296875;c1;36;2023-11-21 10:29:50.714949;88
0.0;123.4885482788086;c0;37;2023-11-21 10:29:50.714949;88
0.0;123.6029052734375;c1;37;2023-11-21 10:29:50.714949;88
51.24726486206055;74.09386444091797;c0;38;2023-11-21 10:29:50.714949;88
49.9636344909668;73.53620910644531;c1;38;2023-11-21 10:29:50.715951;88
80.3562240600586;65.5154800415039;c0;39;2023-11-21 10:29:50.715951;88
80.98464965820312;65.42073059082031;c1;39;2023-11-21 10:29:50.715951;88
83.39126586914062;62.33266830444336;c0;40;2023-11-21 10:29:50.734163;89
85.62337493896484;63.34868621826172;c1;40;2023-11-21 10:29:50.734163;89
95.79084014892578;68.45850372314453;c0;41;2023-11-21 10:29:50.734163;89
95.26448822021484;68.49463653564453;c1;41;2023-11-21 10:29:50.734163;89
105.29110717773438;74.13270568847656;c0;42;2023-11-21 10:29:50.734163;89
107.31485748291016;74.46765899658203;c1;42;2023-11-21 10:29:50.734163;89
104.64875030517578;89.3494873046875;c0;43;2023-11-21 10:29:50.734163;89
107.69881439208984;88.47702026367188;c1;43;2023-11-21 10:29:50.734163;89
104.48661041259766;81.66519165039062;c0;44;2023-11-21 10:29:50.734163;89
106.24381256103516;83.05258178710938;c1;44;2023-11-21 10:29:50.754306;90
111.91634368896484;70.58792114257812;c0;45;2023-11-21 10:29:50.754306;90
114.9985580444336;71.6578140258789;c1;45;2023-11-21 10:29:50.754306;90
68.7769546508789;3.574531316757202;c0;46;2023-11-21 10:29:50.754306;90
74.77301788330078;8.359566688537598;c1;46;2023-11-21 10:29:50.754306;90
inf;355.2798156738281;c0;47;2023-11-21 10:29:50.754306;90
inf;332.3551330566406;c1;47;2023-11-21 10:29:50.754306;90
0.0;114.39156341552734;c0;48;2023-11-21 10:29:50.754306;90
0.0;111.68177032470703;c1;48;2023-11-21 10:29:50.754306;90
48.3472900390625;92.36151885986328;c0;49;2023-11-21 10:29:50.775256;91
48.638885498046875;93.37608337402344;c1;49;2023-11-21 10:29:50.775256;91
55.26394271850586;74.13916015625;c0;50;2023-11-21 10:29:50.775256;91
56.86491012573242;74.76606750488281;c1;50;2023-11-21 10:29:50.775256;91
64.9466781616211;66.47869110107422;c0;51;2023-11-21 10:29:50.775256;91
63.938846588134766;67.71952056884766;c1;51;2023-11-21 10:29:50.775256;91
81.18953704833984;66.39884185791016;c0;52;2023-11-21 10:29:50.775256;91
83.14244079589844;65.85303497314453;c1;52;2023-11-21 10:29:50.775837;91
91.246826171875;68.58895111083984;c0;53;2023-11-21 10:29:50.775837;91
92.02333068847656;68.85579681396484;c1;53;2023-11-21 10:29:50.796074;92
99.51834869384766;72.0179214477539;c0;54;2023-11-21 10:29:50.796074;92
99.00664520263672;71.53803253173828;c1;54;2023-11-21 10:29:50.796074;92
102.95437622070312;74.6121597290039;c0;55;2023-11-21 10:29:50.796074;92
104.22173309326172;75.47278594970703;c1;55;2023-11-21 10:29:50.796074;92
108.36996459960938;82.852783203125;c0;56;2023-11-21 10:29:50.796074;92
110.28459930419922;84.15599060058594;c1;56;2023-11-21 10:29:50.796074;92
113.29236602783203;84.96791076660156;c0;57;2023-11-21 10:29:50.796074;92
115.19317626953125;86.44164276123047;c1;57;2023-11-21 10:29:50.796074;92
110.18406677246094;86.93437194824219;c0;58;2023-11-21 10:29:50.818407;93
108.45735931396484;87.70720672607422;c1;58;2023-11-21 10:29:50.818407;93
110.87373352050781;79.69788360595703;c0;59;2023-11-21 10:29:50.818407;93
113.1392593383789;80.04198455810547;c1;59;2023-11-21 10:29:50.818407;93
120.30030059814453;40.82578659057617;c0;60;2023-11-21 10:29:50.818407;93
116.24517059326172;42.4869499206543;c1;60;2023-11-21 10:29:50.818407;93
0.0;-55.94657897949219;c0;61;2023-11-21 10:29:50.818407;93
0.0;-61.59503936767578;c1;61;2023-11-21 10:29:50.818407;93
inf;451.9045104980469;c0;62;2023-11-21 10:29:50.818407;93
inf;452.01397705078125;c1;62;2023-11-21 10:29:50.841047;94
0.0;135.20840454101562;c0;63;2023-11-21 10:29:50.841047;94
0.0;129.6663360595703;c1;63;2023-11-21 10:29:50.841047;94
0.0;107.76692962646484;c0;64;2023-11-21 10:29:50.841047;94
0.0;103.38995361328125;c1;64;2023-11-21 10:29:50.841047;94
0.0;88.3658676147461;c0;65;2023-11-21 10:29:50.841047;94
0.0;88.26261138916016;c1;65;2023-11-21 10:29:50.841047;94
38.68608093261719;79.59064483642578;c0;66;2023-11-21 10:29:50.841759;94
38.6685676574707;79.09477233886719;c1;66;2023-11-21 10:29:50.841759;94
59.52774429321289;76.08697509765625;c0;67;2023-11-21 10:29:50.865601;95
60.63917541503906;74.6472396850586;c1;67;2023-11-21 10:29:50.865601;95
63.71943664550781;72.024658203125;c0;68;2023-11-21 10:29:50.865601;95
63.67325210571289;72.88230895996094;c1;68;2023-11-21 10:29:50.865601;95
79.8984375;68.19246673583984;c0;69;2023-11-21 10:29:50.865601;95
80.3045883178711;68.85768127441406;c1;69;2023-11-21 10:29:50.865601;95
81.90377807617188;73.6697006225586;c0;70;2023-11-21 10:29:50.866603;95
85.03357696533203;74.31497955322266;c1;70;2023-11-21 10:29:50.866603;95
90.8221664428711;69.83470916748047;c0;71;2023-11-21 10:29:50.866603;95
93.2578353881836;70.97567749023438;c1;71;2023-11-21 10:29:50.889260;96
102.76910400390625;72.3648452758789;c0;72;2023-11-21 10:29:50.889260;96
102.0965576171875;72.57829284667969;c1;72;2023-11-21 10:29:50.889260;96
106.78772735595703;75.91653442382812;c0;73;2023-11-21 10:29:50.889260;96
108.50663757324219;76.63675689697266;c1;73;2023-11-21 10:29:50.889260;96
108.26115417480469;79.32765197753906;c0;74;2023-11-21 10:29:50.889260;96
107.49365234375;80.39725494384766;c1;74;2023-11-21 10:29:50.889260;96
113.1681900024414;81.63207244873047;c0;75;2023-11-21 10:29:50.889260;96
111.22758483886719;82.41239929199219;c1;75;2023-11-21 10:29:50.889260;96
121.52637481689453;85.18558502197266;c0;76;2023-11-21 10:29:50.914269;97
118.93126678466797;86.21005249023438;c1;76;2023-11-21 10:29:50.914269;97
116.51356506347656;89.73131561279297;c0;77;2023-11-21 10:29:50.914269;97
115.24520874023438;88.71956634521484;c1;77;2023-11-21 10:29:50.914269;97
116.2593765258789;89.84062957763672;c0;78;2023-11-21 10:29:50.914269;97
116.04869842529297;90.36676025390625;c1;78;2023-11-21 10:29:50.914269;97
101.90487670898438;82.85137939453125;c0;79;2023-11-21 10:29:50.914269;97
106.6797103881836;87.30123901367188;c1;79;2023-11-21 10:29:50.914269;97
115.18338775634766;81.28233337402344;c0;80;2023-11-21 10:29:50.914269;97
116.53829956054688;80.90049743652344;c1;80;2023-11-21 10:29:50.939055;98
134.12408447265625;78.5575942993164;c0;81;2023-11-21 10:29:50.939055;98
136.81520080566406;76.63945770263672;c1;81;2023-11-21 10:29:50.939055;98
114.26156616210938;42.6282958984375;c0;82;2023-11-21 10:29:50.939055;98
114.05965423583984;41.021121978759766;c1;82;2023-11-21 10:29:50.939055;98
58.25249481201172;-5.262550354003906;c0;83;2023-11-21 10:29:50.939055;98
76.69505310058594;-8.955754280090332;c1;83;2023-11-21 10:29:50.939055;98
inf;74.86861419677734;c0;84;2023-11-21 10:29:50.939055;98
inf;75.05375671386719;c1;84;2023-11-21 10:29:50.939055;98
inf;164.55642700195312;c0;85;2023-11-21 10:29:50.965635;99
inf;164.4984588623047;c1;85;2023-11-21 10:29:50.965635;99
inf;140.6643829345703;c0;86;2023-11-21 10:29:50.965635;99
inf;138.7623748779297;c1;86;2023-11-21 10:29:50.965635;99
0.0;111.35453796386719;c0;87;2023-11-21 10:29:50.965635;99
0.0;113.76380920410156;c1;87;2023-11-21 10:29:50.965635;99
0.0;105.29634857177734;c0;88;2023-11-21 10:29:50.965635;99
0.0;102.21270751953125;c1;88;2023-11-21 10:29:50.965635;99
0.0;92.96039581298828;c0;89;2023-11-21 10:29:50.965635;99
0.0;95.51660919189453;c1;89;2023-11-21 10:29:50.993072;100
0.0;83.82738494873047;c0;90;2023-11-21 10:29:50.993072;100
0.0;86.02760314941406;c1;90;2023-11-21 10:29:50.993072;100
24.04144859313965;82.89276123046875;c0;91;2023-11-21 10:29:50.993072;100
25.91765785217285;84.25259399414062;c1;91;2023-11-21 10:29:50.993072;100
42.33168029785156;78.83257293701172;c0;92;2023-11-21 10:29:50.993072;100
45.450294494628906;80.29923248291016;c1;92;2023-11-21 10:29:50.993072;100
52.32798385620117;78.19705963134766;c0;93;2023-11-21 10:29:50.993072;100
54.11698913574219;75.31056213378906;c1;93;2023-11-21 10:29:50.993072;100
62.279541015625;76.15534973144531;c0;94;2023-11-21 10:29:51.020857;101
62.8087158203125;75.6578369140625;c1;94;2023-11-21 10:29:51.020857;101
72.56761169433594;73.46263122558594;c0;95;2023-11-21 10:29:51.020857;101
73.16767883300781;73.15959167480469;c1;95;2023-11-21 10:29:51.020857;101
87.67242431640625;73.700439453125;c0;96;2023-11-21 10:29:51.020857;101
86.32683563232422;73.91952514648438;c1;96;2023-11-21 10:29:51.020857;101
79.68228912353516;72.76203155517578;c0;97;2023-11-21 10:29:51.020857;101
86.01899719238281;72.91776275634766;c1;97;2023-11-21 10:29:51.020857;101
97.0423583984375;70.69642639160156;c0;98;2023-11-21 10:29:51.020857;101
95.75747680664062;71.62042236328125;c1;98;2023-11-21 10:29:51.048795;102
95.32479858398438;73.4224624633789;c0;99;2023-11-21 10:29:51.048795;102
93.3211898803711;73.62700653076172;c1;99;2023-11-21 10:29:51.048795;102
100.63823699951172;74.72151184082031;c0;100;2023-11-21 10:29:51.048795;102
101.26551055908203;75.01283264160156;c1;100;2023-11-21 10:29:51.048795;102
109.40154266357422;75.33710479736328;c0;101;2023-11-21 10:29:51.048795;102
110.26802825927734;75.23417663574219;c1;101;2023-11-21 10:29:51.048795;102
104.32184600830078;76.89051818847656;c0;102;2023-11-21 10:29:51.048795;102
103.1050796508789;77.36907958984375;c1;102;2023-11-21 10:29:51.048795;102
101.61214447021484;78.11841583251953;c0;103;2023-11-21 10:29:51.077565;103
103.36695098876953;80.14303588867188;c1;103;2023-11-21 10:29:51.077565;103
107.46711730957031;80.22533416748047;c0;104;2023-11-21 10:29:51.077565;103
109.23150634765625;82.95443725585938;c1;104;2023-11-21 10:29:51.077565;103
115.87052154541016;84.7789077758789;c0;105;2023-11-21 10:29:51.077565;103
116.79644012451172;85.65924835205078;c1;105;2023-11-21 10:29:51.077565;103
117.077880859375;83.6027603149414;c0;106;2023-11-21 10:29:51.077565;103
118.08121490478516;84.2730941772461;c1;106;2023-11-21 10:29:51.077565;103
119.94398498535156;85.58169555664062;c0;107;2023-11-21 10:29:51.077565;103
118.61389923095703;87.32183074951172;c1;107;2023-11-21 10:29:51.107681;104
117.0106430053711;87.9686508178711;c0;108;2023-11-21 10:29:51.107681;104
119.78241729736328;90.30449676513672;c1;108;2023-11-21 10:29:51.107681;104
117.9017333984375;87.4813003540039;c0;109;2023-11-21 10:29:51.107681;104
121.93804168701172;87.63433837890625;c1;109;2023-11-21 10:29:51.107681;104
119.77075958251953;92.12107849121094;c0;110;2023-11-21 10:29:51.107681;104
120.35682678222656;91.75308990478516;c1;110;2023-11-21 10:29:51.107681;104
114.56193542480469;86.36426544189453;c0;111;2023-11-21 10:29:51.107681;104
112.31222534179688;87.38854217529297;c1;111;2023-11-21 10:29:51.107681;104
124.46488952636719;89.09342956542969;c0;112;2023-11-21 10:29:51.138602;105
122.23294067382812;90.05867767333984;c1;112;2023-11-21 10:29:51.138602;105
122.9786605834961;91.5249252319336;c0;113;2023-11-21 10:29:51.138602;105
118.71714782714844;90.38483428955078;c1;113;2023-11-21 10:29:51.138602;105
124.52413177490234;88.11227416992188;c0;114;2023-11-21 10:29:51.138602;105
125.02008056640625;88.92972564697266;c1;114;2023-11-21 10:29:51.138602;105
117.87091827392578;83.40066528320312;c0;115;2023-11-21 10:29:51.138602;105
111.15493774414062;82.2975845336914;c1;115;2023-11-21 10:29:51.138602;105
111.9810791015625;81.43722534179688;c0;116;2023-11-21 10:29:51.138602;105
108.2938461303711;80.12644958496094;c1;116;2023-11-21 10:29:51.169762;106
133.34986877441406;77.3830795288086;c0;117;2023-11-21 10:29:51.169762;106
125.35164642333984;81.8896484375;c1;117;2023-11-21 10:29:51.169762;106
109.81248474121094;78.28926849365234;c0;118;2023-11-21 10:29:51.169762;106
112.55811309814453;74.50713348388672;c1;118;2023-11-21 10:29:51.169762;106
107.45030212402344;28.769989013671875;c0;119;2023-11-21 10:29:51.169762;106
91.34245300292969;30.551240921020508;c1;119;2023-11-21 10:29:51.169762;106
34.13139343261719;3.64123797416687;c0;120;2023-11-21 10:29:51.169762;106
55.19553756713867;-8.448577880859375;c1;120;2023-11-21 10:29:51.169762;106
inf;-428.45849609375;c0;121;2023-11-21 10:29:51.200878;107
inf;-350.40679931640625;c1;121;2023-11-21 10:29:51.201811;107
inf;298.4949951171875;c0;122;2023-11-21 10:29:51.201811;107
inf;299.2169189453125;c1;122;2023-11-21 10:29:51.201811;107
inf;176.5442352294922;c0;123;2023-11-21 10:29:51.201811;107
inf;165.3104705810547;c1;123;2023-11-21 10:29:51.201811;107
0.0;134.98583984375;c0;124;2023-11-21 10:29:51.201811;107
0.0;138.11073303222656;c1;124;2023-11-21 10:29:51.201811;107
0.0;116.77146911621094;c0;125;2023-11-21 10:29:51.201811;107
0.0;119.78905487060547;c1;125;2023-11-21 10:29:51.234723;108
0.0;108.59992218017578;c0;126;2023-11-21 10:29:51.234723;108
0.0;110.11570739746094;c1;126;2023-11-21 10:29:51.234723;108
0.0;106.0032730102539;c0;127;2023-11-21 10:29:51.234723;108
0.0;106.93771362304688;c1;127;2023-11-21 10:29:51.234723;108
0.0;107.00552368164062;c0;128;2023-11-21 10:29:51.234723;108
0.0;108.93524932861328;c1;128;2023-11-21 10:29:51.234723;108
0.0;99.94588470458984;c0;129;2023-11-21 10:29:51.234723;108
0.0;101.5836410522461;c1;129;2023-11-21 10:29:51.234723;108
0.0;91.74347686767578;c0;130;2023-11-21 10:29:51.267472;109
0.0;91.59332275390625;c1;130;2023-11-21 10:29:51.267472;109
0.0;89.77961730957031;c0;131;2023-11-21 10:29:51.267472;109
0.0;91.45884704589844;c1;131;2023-11-21 10:29:51.267472;109
0.0;89.33834838867188;c0;132;2023-11-21 10:29:51.267472;109
21.932449340820312;88.98738098144531;c1;132;2023-11-21 10:29:51.267472;109
0.0;84.20246887207031;c0;133;2023-11-21 10:29:51.267472;109
0.0;83.15069580078125;c1;133;2023-11-21 10:29:51.267472;109
21.29721450805664;82.74544525146484;c0;134;2023-11-21 10:29:51.267472;109
0.0;82.96809387207031;c1;134;2023-11-21 10:29:51.301067;110
26.66779327392578;84.26834869384766;c0;135;2023-11-21 10:29:51.301067;110
0.0;85.27428436279297;c1;135;2023-11-21 10:29:51.301067;110
29.354291915893555;84.00594329833984;c0;136;2023-11-21 10:29:51.301067;110
28.53487205505371;84.55696868896484;c1;136;2023-11-21 10:29:51.301067;110
44.08538055419922;78.67317199707031;c0;137;2023-11-21 10:29:51.301067;110
32.179996490478516;79.22764587402344;c1;137;2023-11-21 10:29:51.301067;110
55.13568878173828;80.54362487792969;c0;138;2023-11-21 10:29:51.301067;110
59.840824127197266;82.76480102539062;c1;138;2023-11-21 10:29:51.301067;110
53.57186508178711;78.1455078125;c0;139;2023-11-21 10:29:51.336635;111
58.30244827270508;79.673095703125;c1;139;2023-11-21 10:29:51.336635;111
68.8089599609375;82.94949340820312;c0;140;2023-11-21 10:29:51.336635;111
65.57405090332031;82.78242492675781;c1;140;2023-11-21 10:29:51.336635;111
66.83228302001953;78.55513000488281;c0;141;2023-11-21 10:29:51.336635;111
68.26347351074219;80.1196517944336;c1;141;2023-11-21 10:29:51.336635;111
74.811767578125;75.50289916992188;c0;142;2023-11-21 10:29:51.336635;111
72.13983917236328;77.52101135253906;c1;142;2023-11-21 10:29:51.336635;111
74.99531555175781;76.63737487792969;c0;143;2023-11-21 10:29:51.336635;111
76.83719635009766;77.27488708496094;c1;143;2023-11-21 10:29:51.370697;112
83.2209243774414;77.0508041381836;c0;144;2023-11-21 10:29:51.370697;112
82.62928009033203;77.3374252319336;c1;144;2023-11-21 10:29:51.370697;112
90.02656555175781;77.2160873413086;c0;145;2023-11-21 10:29:51.370697;112
89.23871612548828;78.30298614501953;c1;145;2023-11-21 10:29:51.370697;112
92.02641296386719;77.4571533203125;c0;146;2023-11-21 10:29:51.370697;112
90.93370056152344;78.17256927490234;c1;146;2023-11-21 10:29:51.370697;112
92.65276336669922;77.18762969970703;c0;147;2023-11-21 10:29:51.370697;112
90.77922821044922;77.49629974365234;c1;147;2023-11-21 10:29:51.370697;112
97.20970153808594;77.79850006103516;c0;148;2023-11-21 10:29:51.408087;113
98.3953857421875;78.1559829711914;c1;148;2023-11-21 10:29:51.408087;113
103.8726806640625;78.86653137207031;c0;149;2023-11-21 10:29:51.408087;113
105.25859832763672;78.73875427246094;c1;149;2023-11-21 10:29:51.408087;113
100.9295425415039;78.76020812988281;c0;150;2023-11-21 10:29:51.408087;113
101.00481414794922;79.7776107788086;c1;150;2023-11-21 10:29:51.408087;113
102.08161926269531;79.06881713867188;c0;151;2023-11-21 10:29:51.408087;113
101.87727355957031;79.05999755859375;c1;151;2023-11-21 10:29:51.408087;113
101.75698852539062;77.15357971191406;c0;152;2023-11-21 10:29:51.408087;113
101.43299865722656;77.54072570800781;c1;152;2023-11-21 10:29:51.444065;114
101.88128662109375;77.39797973632812;c0;153;2023-11-21 10:29:51.444065;114
102.02316284179688;76.61100006103516;c1;153;2023-11-21 10:29:51.444065;114
122.5582046508789;74.83753204345703;c0;154;2023-11-21 10:29:51.444065;114
124.0901107788086;75.99329376220703;c1;154;2023-11-21 10:29:51.444065;114
125.55242156982422;76.83810424804688;c0;155;2023-11-21 10:29:51.444065;114
126.69608306884766;77.8465347290039;c1;155;2023-11-21 10:29:51.444065;114
132.38063049316406;77.98643493652344;c0;156;2023-11-21 10:29:51.444065;114
132.1161651611328;78.74473571777344;c1;156;2023-11-21 10:29:51.444065;114
131.43247985839844;80.29851531982422;c0;157;2023-11-21 10:29:51.482156;115
134.56629943847656;80.59867095947266;c1;157;2023-11-21 10:29:51.482156;115
125.33929443359375;82.1278305053711;c0;158;2023-11-21 10:29:51.482156;115
122.57392120361328;82.71294403076172;c1;158;2023-11-21 10:29:51.482156;115
122.92486572265625;82.91553497314453;c0;159;2023-11-21 10:29:51.482156;115
122.53978729248047;83.76189422607422;c1;159;2023-11-21 10:29:51.482156;115
125.83831024169922;81.93252563476562;c0;160;2023-11-21 10:29:51.482156;115
123.27753448486328;80.92654418945312;c1;160;2023-11-21 10:29:51.482156;115
133.050048828125;84.78627014160156;c0;161;2023-11-21 10:29:51.482156;115
132.9773712158203;85.91204833984375;c1;161;2023-11-21 10:29:51.519858;116
138.3500518798828;83.05027770996094;c0;162;2023-11-21 10:29:51.519858;116
138.7027587890625;84.35472106933594;c1;162;2023-11-21 10:29:51.519858;116
133.7393341064453;85.75588989257812;c0;163;2023-11-21 10:29:51.519858;116
134.72006225585938;85.7254867553711;c1;163;2023-11-21 10:29:51.519858;116
129.60096740722656;88.3795394897461;c0;164;2023-11-21 10:29:51.519858;116
129.73309326171875;88.2339096069336;c1;164;2023-11-21 10:29:51.519858;116
126.20333862304688;88.08290100097656;c0;165;2023-11-21 10:29:51.519858;116
129.4708251953125;89.03089141845703;c1;165;2023-11-21 10:29:51.519858;116
132.1275634765625;84.95964050292969;c0;166;2023-11-21 10:29:51.558816;117
131.2240447998047;86.226318359375;c1;166;2023-11-21 10:29:51.558816;117
128.7870330810547;87.12973022460938;c0;167;2023-11-21 10:29:51.558816;117
131.1748046875;87.66783142089844;c1;167;2023-11-21 10:29:51.558816;117
132.34432983398438;87.95592498779297;c0;168;2023-11-21 10:29:51.558816;117
131.7392578125;88.64628601074219;c1;168;2023-11-21 10:29:51.558816;117
134.26927185058594;87.73255920410156;c0;169;2023-11-21 10:29:51.558816;117
132.96693420410156;87.408203125;c1;169;2023-11-21 10:29:51.558816;117
126.43133544921875;88.70394134521484;c0;170;2023-11-21 10:29:51.558816;117
135.8935089111328;90.5801010131836;c1;170;2023-11-21 10:29:51.598378;118
129.81898498535156;89.62844848632812;c0;171;2023-11-21 10:29:51.598378;118
129.81773376464844;91.30387878417969;c1;171;2023-11-21 10:29:51.598378;118
126.35501861572266;88.8829116821289;c0;172;2023-11-21 10:29:51.598378;118
127.31871795654297;91.81387329101562;c1;172;2023-11-21 10:29:51.598378;118
126.46353149414062;88.83354187011719;c0;173;2023-11-21 10:29:51.598378;118
126.72348022460938;89.59856414794922;c1;173;2023-11-21 10:29:51.598378;118
132.0432586669922;88.43942260742188;c0;174;2023-11-21 10:29:51.598378;118
133.40574645996094;88.34020233154297;c1;174;2023-11-21 10:29:51.599381;118
122.96623992919922;89.59504699707031;c0;175;2023-11-21 10:29:51.639912;119
117.544189453125;90.12183380126953;c1;175;2023-11-21 10:29:51.639912;119
121.01312255859375;91.34659576416016;c0;176;2023-11-21 10:29:51.639912;119
121.98470306396484;91.53240966796875;c1;176;2023-11-21 10:29:51.639912;119
133.117431640625;94.86993408203125;c0;177;2023-11-21 10:29:51.639912;119
131.0791015625;92.54583740234375;c1;177;2023-11-21 10:29:51.639912;119
121.57244110107422;94.2489013671875;c0;178;2023-11-21 10:29:51.639912;119
118.04740142822266;95.4051742553711;c1;178;2023-11-21 10:29:51.639912;119
131.8018798828125;92.44393920898438;c0;179;2023-11-21 10:29:51.639912;119
126.16322326660156;91.63066864013672;c1;179;2023-11-21 10:29:51.679584;120
138.0967559814453;92.9161376953125;c0;180;2023-11-21 10:29:51.679584;120
140.2751007080078;93.93500518798828;c1;180;2023-11-21 10:29:51.679584;120
133.83731079101562;86.01528930664062;c0;181;2023-11-21 10:29:51.680825;120
137.5997314453125;88.03145599365234;c1;181;2023-11-21 10:29:51.680825;120
134.32919311523438;82.33369445800781;c0;182;2023-11-21 10:29:51.680825;120
132.85128784179688;82.04188537597656;c1;182;2023-11-21 10:29:51.680825;120
134.40415954589844;83.09144592285156;c0;183;2023-11-21 10:29:51.680825;120
135.387451171875;81.84005737304688;c1;183;2023-11-21 10:29:51.680825;120
108.1826400756836;81.19700622558594;c0;184;2023-11-21 10:29:51.722502;121
113.75928497314453;78.43285369873047;c1;184;2023-11-21 10:29:51.722502;121
100.95893859863281;79.64978790283203;c0;185;2023-11-21 10:29:51.722502;121
111.16769409179688;81.13270568847656;c1;185;2023-11-21 10:29:51.722502;121
106.03563690185547;77.26695251464844;c0;186;2023-11-21 10:29:51.722502;121
86.74317932128906;78.745361328125;c1;186;2023-11-21 10:29:51.722502;121
109.22219848632812;73.58989715576172;c0;187;2023-11-21 10:29:51.722502;121
112.66170501708984;77.45552062988281;c1;187;2023-11-21 10:29:51.722502;121
134.7832489013672;81.57111358642578;c0;188;2023-11-21 10:29:51.722502;121
141.6328125;75.24834442138672;c1;188;2023-11-21 10:29:51.764063;122
131.70480346679688;73.3701171875;c0;189;2023-11-21 10:29:51.764063;122
109.54757690429688;72.28239440917969;c1;189;2023-11-21 10:29:51.764590;122
103.95893096923828;62.16706085205078;c0;190;2023-11-21 10:29:51.764590;122
117.54171752929688;65.29395294189453;c1;190;2023-11-21 10:29:51.764590;122
136.33438110351562;65.47323608398438;c0;191;2023-11-21 10:29:51.764590;122
136.5021209716797;63.07926559448242;c1;191;2023-11-21 10:29:51.764590;122
167.99978637695312;52.7099609375;c0;192;2023-11-21 10:29:51.764590;122
145.2769775390625;57.29977798461914;c1;192;2023-11-21 10:29:51.764590;122
75.17597198486328;39.988441467285156;c0;193;2023-11-21 10:29:51.807317;123
73.8663101196289;34.8867301940918;c1;193;2023-11-21 10:29:51.807317;123
77.56741333007812;-0.3435744345188141;c0;194;2023-11-21 10:29:51.807317;123
70.84358215332031;1.5605231523513794;c1;194;2023-11-21 10:29:51.807317;123
0.0;-152.55088806152344;c0;195;2023-11-21 10:29:51.807317;123
0.0;-130.35821533203125;c1;195;2023-11-21 10:29:51.807317;123
inf;-83.37388610839844;c0;196;2023-11-21 10:29:51.807317;123
inf;32.08281326293945;c1;196;2023-11-21 10:29:51.807317;123
inf;189.5636444091797;c0;197;2023-11-21 10:29:51.807317;123
inf;254.29209899902344;c1;197;2023-11-21 10:29:51.850640;124
inf;181.40907287597656;c0;198;2023-11-21 10:29:51.850640;124
inf;179.5219268798828;c1;198;2023-11-21 10:29:51.850640;124
0.0;145.14724731445312;c0;199;2023-11-21 10:29:51.851529;124
0.0;150.19512939453125;c1;199;2023-11-21 10:29:51.851529;124
0.0;148.58514404296875;c0;200;2023-11-21 10:29:51.851529;124
0.0;130.6213836669922;c1;200;2023-11-21 10:29:51.851529;124
0.0;124.75872802734375;c0;201;2023-11-21 10:29:51.851529;124
0.0;126.8536148071289;c1;201;2023-11-21 10:29:51.851529;124
0.0;112.97515869140625;c0;202;2023-11-21 10:29:51.896246;125
0.0;109.66156768798828;c1;202;2023-11-21 10:29:51.896246;125
0.0;125.66806030273438;c0;203;2023-11-21 10:29:51.896246;125
0.0;121.60835266113281;c1;203;2023-11-21 10:29:51.896246;125
0.0;107.9958724975586;c0;204;2023-11-21 10:29:51.896246;125
0.0;110.2448501586914;c1;204;2023-11-21 10:29:51.896246;125
0.0;117.53052520751953;c0;205;2023-11-21 10:29:51.896246;125
0.0;116.8189926147461;c1;205;2023-11-21 10:29:51.896246;125
0.0;106.50633239746094;c0;206;2023-11-21 10:29:51.896246;125
0.0;108.27680969238281;c1;206;2023-11-21 10:29:51.940568;126
0.0;113.11341857910156;c0;207;2023-11-21 10:29:51.940568;126
0.0;112.50474548339844;c1;207;2023-11-21 10:29:51.940568;126
0.0;94.66461944580078;c0;208;2023-11-21 10:29:51.940568;126
0.0;96.73725128173828;c1;208;2023-11-21 10:29:51.940568;126
0.0;101.95922088623047;c0;209;2023-11-21 10:29:51.940568;126
0.0;99.00180053710938;c1;209;2023-11-21 10:29:51.940568;126
0.0;100.21995544433594;c0;210;2023-11-21 10:29:51.941543;126
0.0;102.43508911132812;c1;210;2023-11-21 10:29:51.941543;126
0.0;103.6683120727539;c0;211;2023-11-21 10:29:51.986795;127
16.835033416748047;105.45966339111328;c1;211;2023-11-21 10:29:51.986795;127
0.0;101.13984680175781;c0;212;2023-11-21 10:29:51.986795;127
10.22766399383545;101.59060668945312;c1;212;2023-11-21 10:29:51.986795;127
0.0;98.75516510009766;c0;213;2023-11-21 10:29:51.986795;127
0.0;98.11105346679688;c1;213;2023-11-21 10:29:51.987368;127
0.0;95.0248794555664;c0;214;2023-11-21 10:29:51.987368;127
0.0;98.83416748046875;c1;214;2023-11-21 10:29:51.987368;127
0.0;95.8379898071289;c0;215;2023-11-21 10:29:51.987368;127
0.0;97.15318298339844;c1;215;2023-11-21 10:29:52.033854;128
26.893815994262695;95.96705627441406;c0;216;2023-11-21 10:29:52.033854;128
0.0;95.72465515136719;c1;216;2023-11-21 10:29:52.033854;128
46.51068115234375;88.51897430419922;c0;217;2023-11-21 10:29:52.033854;128
44.435482025146484;90.07933044433594;c1;217;2023-11-21 10:29:52.033854;128
0.0;92.63650512695312;c0;218;2023-11-21 10:29:52.033854;128
0.0;94.0142822265625;c1;218;2023-11-21 10:29:52.033854;128
41.24251937866211;93.74455261230469;c0;219;2023-11-21 10:29:52.033854;128
17.201913833618164;93.05718994140625;c1;219;2023-11-21 10:29:52.033854;128
0.0;93.20781707763672;c0;220;2023-11-21 10:29:52.081851;129
14.899681091308594;92.71398162841797;c1;220;2023-11-21 10:29:52.081851;129
40.527408599853516;90.01753234863281;c0;221;2023-11-21 10:29:52.081851;129
36.869197845458984;90.6236343383789;c1;221;2023-11-21 10:29:52.081851;129
31.15559196472168;89.90404510498047;c0;222;2023-11-21 10:29:52.081851;129
46.46122360229492;90.27477264404297;c1;222;2023-11-21 10:29:52.081851;129
0.0;87.88813781738281;c0;223;2023-11-21 10:29:52.081851;129
10.72047233581543;88.2636947631836;c1;223;2023-11-21 10:29:52.081851;129
51.06188201904297;90.4199447631836;c0;224;2023-11-21 10:29:52.081851;129
47.57017517089844;90.84624481201172;c1;224;2023-11-21 10:29:52.129907;130
41.75387954711914;87.68402862548828;c0;225;2023-11-21 10:29:52.129907;130
56.45564270019531;88.34777069091797;c1;225;2023-11-21 10:29:52.129907;130
40.878395080566406;88.54701232910156;c0;226;2023-11-21 10:29:52.129907;130
44.16899490356445;87.46526336669922;c1;226;2023-11-21 10:29:52.129907;130
39.07209014892578;89.04438781738281;c0;227;2023-11-21 10:29:52.129907;130
57.00895309448242;89.93477630615234;c1;227;2023-11-21 10:29:52.129907;130
50.185787200927734;89.53114318847656;c0;228;2023-11-21 10:29:52.129907;130
61.36052322387695;89.68841552734375;c1;228;2023-11-21 10:29:52.129907;130
inf;-26.941740036010742;c0;4;2023-11-21 10:29:52.142661;131
50.19160079956055;8.294087409973145;c1;4;2023-11-21 10:29:52.142661;131
90.09300231933594;48.56548309326172;c0;5;2023-11-21 10:29:52.142661;131
90.84934997558594;47.50737380981445;c1;5;2023-11-21 10:29:52.142661;131
102.45174407958984;57.1142692565918;c0;6;2023-11-21 10:29:52.142661;131
105.05018615722656;48.48832702636719;c1;6;2023-11-21 10:29:52.142661;131
102.9885482788086;73.88636016845703;c0;7;2023-11-21 10:29:52.142661;131
104.22606658935547;71.64541625976562;c1;7;2023-11-21 10:29:52.142661;131
93.55502319335938;194.5856475830078;c0;8;2023-11-21 10:29:52.142661;131
110.65301513671875;51.134578704833984;c1;8;2023-11-21 10:29:52.157940;132
101.25822448730469;16.116619110107422;c0;9;2023-11-21 10:29:52.157940;132
103.91060638427734;14.238541603088379;c1;9;2023-11-21 10:29:52.157940;132
92.12966918945312;66.60978698730469;c0;10;2023-11-21 10:29:52.157940;132
94.52943420410156;65.35333251953125;c1;10;2023-11-21 10:29:52.157940;132
88.81635284423828;58.48064422607422;c0;11;2023-11-21 10:29:52.157940;132
90.25162506103516;58.08254623413086;c1;11;2023-11-21 10:29:52.157940;132
124.3001708984375;109.63690948486328;c0;12;2023-11-21 10:29:52.157940;132
105.2527847290039;41.34372329711914;c1;12;2023-11-21 10:29:52.158741;132
24.93073844909668;149.4379119873047;c0;13;2023-11-21 10:29:52.173139;133
27.768041610717773;149.66127014160156;c1;13;2023-11-21 10:29:52.173139;133
86.78079986572266;46.967742919921875;c0;14;2023-11-21 10:29:52.173139;133
88.33512115478516;46.44248962402344;c1;14;2023-11-21 10:29:52.173139;133
93.76226043701172;63.32017135620117;c0;15;2023-11-21 10:29:52.173139;133
93.77364349365234;65.28874969482422;c1;15;2023-11-21 10:29:52.173139;133
120.67504119873047;173.25550842285156;c0;16;2023-11-21 10:29:52.173139;133
115.59427642822266;72.72940063476562;c1;16;2023-11-21 10:29:52.173139;133
inf;310.7014465332031;c0;17;2023-11-21 10:29:52.173685;133
inf;305.0552062988281;c1;17;2023-11-21 10:29:52.188548;134
85.60466766357422;52.72394561767578;c0;18;2023-11-21 10:29:52.188548;134
87.8700180053711;53.53949737548828;c1;18;2023-11-21 10:29:52.188548;134
88.16085052490234;58.72386932373047;c0;19;2023-11-21 10:29:52.188548;134
90.0917739868164;58.50294876098633;c1;19;2023-11-21 10:29:52.188548;134
80.28147888183594;239.7884979248047;c0;20;2023-11-21 10:29:52.188548;134
101.46931457519531;90.83258056640625;c1;20;2023-11-21 10:29:52.188548;134
119.94466400146484;35.505374908447266;c0;21;2023-11-21 10:29:52.188548;134
121.4531021118164;36.41736602783203;c1;21;2023-11-21 10:29:52.188548;134
inf;174.37037658691406;c0;22;2023-11-21 10:29:52.204515;135
inf;199.7941436767578;c1;22;2023-11-21 10:29:52.204515;135
85.10841369628906;69.98011016845703;c0;23;2023-11-21 10:29:52.204515;135
85.71215057373047;70.66258239746094;c1;23;2023-11-21 10:29:52.204515;135
86.49901580810547;57.48554992675781;c0;24;2023-11-21 10:29:52.204515;135
88.11327362060547;58.23381423950195;c1;24;2023-11-21 10:29:52.204515;135
89.71544647216797;67.46189880371094;c0;25;2023-11-21 10:29:52.204515;135
90.06649780273438;69.42743682861328;c1;25;2023-11-21 10:29:52.204515;135
97.08728790283203;91.10198974609375;c0;26;2023-11-21 10:29:52.204515;135
98.14907836914062;88.82101440429688;c1;26;2023-11-21 10:29:52.220557;136
84.48155975341797;59.850337982177734;c0;27;2023-11-21 10:29:52.220557;136
85.97615814208984;62.963016510009766;c1;27;2023-11-21 10:29:52.221730;136
inf;118.93177032470703;c0;28;2023-11-21 10:29:52.221730;136
inf;114.11409759521484;c1;28;2023-11-21 10:29:52.221730;136
0.0;99.57418060302734;c0;29;2023-11-21 10:29:52.221730;136
0.0;100.66439056396484;c1;29;2023-11-21 10:29:52.221730;136
65.73174285888672;61.309085845947266;c0;30;2023-11-21 10:29:52.221730;136
65.64633178710938;62.68217086791992;c1;30;2023-11-21 10:29:52.221730;136
81.4698486328125;59.97955322265625;c0;31;2023-11-21 10:29:52.239141;137
82.22836303710938;60.153629302978516;c1;31;2023-11-21 10:29:52.239141;137
95.96820831298828;67.25424194335938;c0;32;2023-11-21 10:29:52.239141;137
94.6517333984375;67.9712905883789;c1;32;2023-11-21 10:29:52.239141;137
102.98489379882812;79.697509765625;c0;33;2023-11-21 10:29:52.239141;137
103.45600891113281;81.00752258300781;c1;33;2023-11-21 10:29:52.239141;137
112.59480285644531;85.70430755615234;c0;34;2023-11-21 10:29:52.239141;137
112.23416900634766;85.86902618408203;c1;34;2023-11-21 10:29:52.239141;137
131.50389099121094;40.87110900878906;c0;35;2023-11-21 10:29:52.239141;137
136.93356323242188;39.548980712890625;c1;35;2023-11-21 10:29:52.258211;138
inf;-62.60478591918945;c0;36;2023-11-21 10:29:52.258211;138
inf;-29.842758178710938;c1;36;2023-11-21 10:29:52.258211;138
0.0;117.47406005859375;c0;37;2023-11-21 10:29:52.258211;138
0.0;123.16185760498047;c1;37;2023-11-21 10:29:52.258211;138
51.67094039916992;73.3048095703125;c0;38;2023-11-21 10:29:52.258211;138
51.65162658691406;74.88191223144531;c1;38;2023-11-21 10:29:52.258211;138
80.43094635009766;64.0794677734375;c0;39;2023-11-21 10:29:52.258211;138
81.29866027832031;65.36979675292969;c1;39;2023-11-21 10:29:52.258211;138
84.4762191772461;62.44673538208008;c0;40;2023-11-21 10:29:52.277462;139
86.54891204833984;62.50819778442383;c1;40;2023-11-21 10:29:52.277462;139
93.6622314453125;67.77112579345703;c0;41;2023-11-21 10:29:52.277462;139
95.41304779052734;68.709228515625;c1;41;2023-11-21 10:29:52.277462;139
106.49176788330078;73.76559448242188;c0;42;2023-11-21 10:29:52.277462;139
108.26924896240234;74.65487670898438;c1;42;2023-11-21 10:29:52.277462;139
106.6026840209961;88.0979995727539;c0;43;2023-11-21 10:29:52.277462;139
106.54857635498047;87.77828979492188;c1;43;2023-11-21 10:29:52.277462;139
106.45631408691406;82.44702911376953;c0;44;2023-11-21 10:29:52.277462;139
106.63070678710938;82.07123565673828;c1;44;2023-11-21 10:29:52.296712;140
112.0741195678711;72.53887939453125;c0;45;2023-11-21 10:29:52.296712;140
115.05120086669922;70.97472381591797;c1;45;2023-11-21 10:29:52.297586;140
70.37373352050781;9.815781593322754;c0;46;2023-11-21 10:29:52.297586;140
66.30004119873047;3.3153717517852783;c1;46;2023-11-21 10:29:52.297586;140
inf;367.05889892578125;c0;47;2023-11-21 10:29:52.297586;140
inf;394.99200439453125;c1;47;2023-11-21 10:29:52.297586;140
0.0;112.8786849975586;c0;48;2023-11-21 10:29:52.297586;140
0.0;114.20560455322266;c1;48;2023-11-21 10:29:52.297586;140
49.46916580200195;90.81535339355469;c0;49;2023-11-21 10:29:52.318441;141
48.709144592285156;93.97836303710938;c1;49;2023-11-21 10:29:52.318441;141
50.63078689575195;74.93321990966797;c0;50;2023-11-21 10:29:52.318441;141
54.39658737182617;75.31702423095703;c1;50;2023-11-21 10:29:52.318441;141
63.5865592956543;67.03175354003906;c0;51;2023-11-21 10:29:52.318441;141
61.65793991088867;67.76896667480469;c1;51;2023-11-21 10:29:52.318441;141
85.14833068847656;64.65413665771484;c0;52;2023-11-21 10:29:52.318941;141
82.1575698852539;66.6715087890625;c1;52;2023-11-21 10:29:52.318941;141
91.9181137084961;68.29816436767578;c0;53;2023-11-21 10:29:52.318941;141
94.45226287841797;69.0933609008789;c1;53;2023-11-21 10:29:52.339368;142
99.06465911865234;71.14138793945312;c0;54;2023-11-21 10:29:52.339368;142
99.75780487060547;72.18827056884766;c1;54;2023-11-21 10:29:52.339368;142
103.4053955078125;74.28667449951172;c0;55;2023-11-21 10:29:52.339368;142
105.20512390136719;75.1526870727539;c1;55;2023-11-21 10:29:52.339368;142
108.44883728027344;83.18338775634766;c0;56;2023-11-21 10:29:52.339368;142
110.46560668945312;83.95071411132812;c1;56;2023-11-21 10:29:52.339368;142
114.8486099243164;85.20612335205078;c0;57;2023-11-21 10:29:52.339368;142
114.4455795288086;88.06271362304688;c1;57;2023-11-21 10:29:52.339368;142
107.98884582519531;85.26205444335938;c0;58;2023-11-21 10:29:52.361237;143
107.33015441894531;86.48133850097656;c1;58;2023-11-21 10:29:52.361237;143
111.97417449951172;79.9027328491211;c0;59;2023-11-21 10:29:52.361237;143
113.16902160644531;79.41255950927734;c1;59;2023-11-21 10:29:52.361237;143
119.85689544677734;40.38978576660156;c0;60;2023-11-21 10:29:52.361237;143
120.52808380126953;40.11581802368164;c1;60;2023-11-21 10:29:52.361237;143
0.0;-57.00861358642578;c0;61;2023-11-21 10:29:52.361237;143
0.0;-49.4484748840332;c1;61;2023-11-21 10:29:52.361237;143
inf;408.1571960449219;c0;62;2023-11-21 10:29:52.361237;143
inf;430.8453369140625;c1;62;2023-11-21 10:29:52.384262;144
0.0;135.81687927246094;c0;63;2023-11-21 10:29:52.384262;144
0.0;135.70387268066406;c1;63;2023-11-21 10:29:52.384262;144
0.0;103.45867919921875;c0;64;2023-11-21 10:29:52.384262;144
0.0;103.96136474609375;c1;64;2023-11-21 10:29:52.384262;144
0.0;87.72661590576172;c0;65;2023-11-21 10:29:52.384262;144
0.0;88.93876647949219;c1;65;2023-11-21 10:29:52.384262;144
38.966243743896484;78.33751678466797;c0;66;2023-11-21 10:29:52.384262;144
41.12724304199219;79.23167419433594;c1;66;2023-11-21 10:29:52.384262;144
60.35920333862305;74.20992279052734;c0;67;2023-11-21 10:29:52.407158;145
58.75407409667969;75.38462829589844;c1;67;2023-11-21 10:29:52.408279;145
65.85698699951172;72.30113983154297;c0;68;2023-11-21 10:29:52.408279;145
64.33088684082031;72.59172821044922;c1;68;2023-11-21 10:29:52.408279;145
77.70350646972656;68.06314849853516;c0;69;2023-11-21 10:29:52.408279;145
80.48042297363281;68.86908721923828;c1;69;2023-11-21 10:29:52.408279;145
81.90634155273438;73.60476684570312;c0;70;2023-11-21 10:29:52.408279;145
83.0103759765625;74.9786376953125;c1;70;2023-11-21 10:29:52.408279;145
90.94551849365234;69.82621765136719;c0;71;2023-11-21 10:29:52.408279;145
92.7796630859375;70.619140625;c1;71;2023-11-21 10:29:52.431529;146
103.00366973876953;72.72118377685547;c0;72;2023-11-21 10:29:52.431529;146
102.29670715332031;71.97709655761719;c1;72;2023-11-21 10:29:52.431529;146
107.1439208984375;75.47168731689453;c0;73;2023-11-21 10:29:52.432531;146
107.8125991821289;76.13155364990234;c1;73;2023-11-21 10:29:52.432531;146
107.20333099365234;79.07324981689453;c0;74;2023-11-21 10:29:52.432531;146
110.23058319091797;79.26457214355469;c1;74;2023-11-21 10:29:52.432531;146
112.9974136352539;82.11013793945312;c0;75;2023-11-21 10:29:52.432531;146
112.05453491210938;82.31941223144531;c1;75;2023-11-21 10:29:52.432531;146
118.98662567138672;85.41932678222656;c0;76;2023-11-21 10:29:52.456357;147
120.85879516601562;86.61697387695312;c1;76;2023-11-21 10:29:52.456357;147
112.27223205566406;89.19428253173828;c0;77;2023-11-21 10:29:52.456357;147
114.50536346435547;90.52066802978516;c1;77;2023-11-21 10:29:52.457358;147
115.92601013183594;92.22038269042969;c0;78;2023-11-21 10:29:52.457358;147
118.30416107177734;89.8363037109375;c1;78;2023-11-21 10:29:52.457358;147
104.65194702148438;84.06818389892578;c0;79;2023-11-21 10:29:52.457358;147
106.41267395019531;85.21978759765625;c1;79;2023-11-21 10:29:52.457358;147
118.76092529296875;81.82415771484375;c0;80;2023-11-21 10:29:52.457665;147
117.8076171875;82.62882995605469;c1;80;2023-11-21 10:29:52.481935;148
131.4813232421875;77.5597915649414;c0;81;2023-11-21 10:29:52.481935;148
134.73477172851562;79.0970230102539;c1;81;2023-11-21 10:29:52.481935;148
105.22967529296875;42.389976501464844;c0;82;2023-11-21 10:29:52.481935;148
118.7131118774414;43.20769500732422;c1;82;2023-11-21 10:29:52.481935;148
67.23994445800781;3.4156875610351562;c0;83;2023-11-21 10:29:52.481935;148
71.40303802490234;-5.752491474151611;c1;83;2023-11-21 10:29:52.481935;148
inf;64.17936706542969;c0;84;2023-11-21 10:29:52.481935;148
inf;44.904876708984375;c1;84;2023-11-21 10:29:52.482939;148
inf;168.32620239257812;c0;85;2023-11-21 10:29:52.508966;149
inf;161.97918701171875;c1;85;2023-11-21 10:29:52.508966;149
inf;143.24607849121094;c0;86;2023-11-21 10:29:52.508966;149
inf;144.97096252441406;c1;86;2023-11-21 10:29:52.508966;149
0.0;114.65098571777344;c0;87;2023-11-21 10:29:52.508966;149
0.0;111.36861419677734;c1;87;2023-11-21 10:29:52.508966;149
0.0;103.43547821044922;c0;88;2023-11-21 10:29:52.508966;149
0.0;103.70243835449219;c1;88;2023-11-21 10:29:52.508966;149
0.0;93.08341979980469;c0;89;2023-11-21 10:29:52.508966;149
0.0;94.56842041015625;c1;89;2023-11-21 10:29:52.535913;150
0.0;85.31922149658203;c0;90;2023-11-21 10:29:52.535913;150
0.0;86.82994842529297;c1;90;2023-11-21 10:29:52.535913;150
23.1767578125;82.61642456054688;c0;91;2023-11-21 10:29:52.535913;150
24.974411010742188;83.20428466796875;c1;91;2023-11-21 10:29:52.535913;150
45.458900451660156;80.16910552978516;c0;92;2023-11-21 10:29:52.535913;150
44.04627227783203;80.00247955322266;c1;92;2023-11-21 10:29:52.535913;150
57.974708557128906;76.8906478881836;c0;93;2023-11-21 10:29:52.535913;150
53.74271774291992;77.79922485351562;c1;93;2023-11-21 10:29:52.535913;150
63.07760238647461;73.29302978515625;c0;94;2023-11-21 10:29:52.563290;151
66.2115249633789;75.72517395019531;c1;94;2023-11-21 10:29:52.563290;151
72.39447784423828;73.39270782470703;c0;95;2023-11-21 10:29:52.563290;151
73.51957702636719;72.69157409667969;c1;95;2023-11-21 10:29:52.563290;151
86.6979751586914;73.77930450439453;c0;96;2023-11-21 10:29:52.563290;151
84.62841796875;74.36949157714844;c1;96;2023-11-21 10:29:52.563290;151
83.96713256835938;72.26319885253906;c0;97;2023-11-21 10:29:52.564321;151
81.45929718017578;73.13959503173828;c1;97;2023-11-21 10:29:52.564321;151
95.5113296508789;71.07401275634766;c0;98;2023-11-21 10:29:52.564321;151
96.11312866210938;70.81925964355469;c1;98;2023-11-21 10:29:52.591567;152
93.85977935791016;72.331298828125;c0;99;2023-11-21 10:29:52.591567;152
96.11360168457031;73.60285186767578;c1;99;2023-11-21 10:29:52.591567;152
102.4731216430664;74.89378356933594;c0;100;2023-11-21 10:29:52.591567;152
102.33799743652344;74.888916015625;c1;100;2023-11-21 10:29:52.591567;152
111.93269348144531;74.64836883544922;c0;101;2023-11-21 10:29:52.591567;152
111.23954010009766;75.00675964355469;c1;101;2023-11-21 10:29:52.591567;152
105.36698150634766;76.4568862915039;c0;102;2023-11-21 10:29:52.591567;152
105.45372009277344;77.4817886352539;c1;102;2023-11-21 10:29:52.591567;152
102.94331359863281;78.49105834960938;c0;103;2023-11-21 10:29:52.620726;153
103.51338195800781;79.18376159667969;c1;103;2023-11-21 10:29:52.620726;153
110.6330337524414;81.1281509399414;c0;104;2023-11-21 10:29:52.620726;153
108.05781555175781;80.63687133789062;c1;104;2023-11-21 10:29:52.620726;153
114.35600280761719;85.1808853149414;c0;105;2023-11-21 10:29:52.620726;153
116.40393829345703;85.4669189453125;c1;105;2023-11-21 10:29:52.620726;153
116.40013122558594;83.38735961914062;c0;106;2023-11-21 10:29:52.620726;153
115.64567565917969;84.46907043457031;c1;106;2023-11-21 10:29:52.620726;153
120.52837371826172;87.0627670288086;c0;107;2023-11-21 10:29:52.620726;153
119.52545928955078;87.35111999511719;c1;107;2023-11-21 10:29:52.650781;154
119.30912780761719;87.54673767089844;c0;108;2023-11-21 10:29:52.650781;154
117.98690795898438;87.89800262451172;c1;108;2023-11-21 10:29:52.650781;154
119.89423370361328;86.46694946289062;c0;109;2023-11-21 10:29:52.650781;154
119.18124389648438;88.45133972167969;c1;109;2023-11-21 10:29:52.650781;154
118.86795043945312;91.3326644897461;c0;110;2023-11-21 10:29:52.650781;154
123.9738540649414;90.72164154052734;c1;110;2023-11-21 10:29:52.650781;154
110.77061462402344;87.92628479003906;c0;111;2023-11-21 10:29:52.650781;154
114.77799224853516;87.75677490234375;c1;111;2023-11-21 10:29:52.650781;154
123.66424560546875;90.36178588867188;c0;112;2023-11-21 10:29:52.681758;155
122.10619354248047;90.43362426757812;c1;112;2023-11-21 10:29:52.681973;155
120.94293975830078;90.10038757324219;c0;113;2023-11-21 10:29:52.681973;155
123.033935546875;90.76339721679688;c1;113;2023-11-21 10:29:52.681973;155
124.95333099365234;89.03861999511719;c0;114;2023-11-21 10:29:52.681973;155
122.97757720947266;87.95719909667969;c1;114;2023-11-21 10:29:52.681973;155
111.385498046875;84.77640533447266;c0;115;2023-11-21 10:29:52.681973;155
113.26202392578125;85.23954772949219;c1;115;2023-11-21 10:29:52.681973;155
106.06895446777344;81.68572235107422;c0;116;2023-11-21 10:29:52.681973;155
114.1064453125;82.02132415771484;c1;116;2023-11-21 10:29:52.712515;156
125.01765441894531;76.6363525390625;c0;117;2023-11-21 10:29:52.712515;156
128.15603637695312;76.68047332763672;c1;117;2023-11-21 10:29:52.712515;156
103.8118896484375;73.47640228271484;c0;118;2023-11-21 10:29:52.712515;156
108.1253433227539;75.05389404296875;c1;118;2023-11-21 10:29:52.712515;156
96.76477813720703;38.86247634887695;c0;119;2023-11-21 10:29:52.712515;156
102.5552978515625;29.106897354125977;c1;119;2023-11-21 10:29:52.712515;156
75.64241027832031;-5.758665084838867;c0;120;2023-11-21 10:29:52.712515;156
57.69658660888672;7.164210796356201;c1;120;2023-11-21 10:29:52.712515;156
inf;-279.20989990234375;c0;121;2023-11-21 10:29:52.744483;157
inf;-346.2393493652344;c1;121;2023-11-21 10:29:52.744483;157
inf;288.3777160644531;c0;122;2023-11-21 10:29:52.744483;157
inf;323.9068908691406;c1;122;2023-11-21 10:29:52.744483;157
inf;160.7158966064453;c0;123;2023-11-21 10:29:52.744483;157
inf;164.42417907714844;c1;123;2023-11-21 10:29:52.744483;157
inf;140.314697265625;c0;124;2023-11-21 10:29:52.744483;157
inf;146.42738342285156;c1;124;2023-11-21 10:29:52.744483;157
0.0;112.26387023925781;c0;125;2023-11-21 10:29:52.744483;157
0.0;119.40072631835938;c1;125;2023-11-21 10:29:52.777250;158
0.0;114.1311264038086;c0;126;2023-11-21 10:29:52.777250;158
0.0;111.20127868652344;c1;126;2023-11-21 10:29:52.777250;158
0.0;106.58686065673828;c0;127;2023-11-21 10:29:52.777250;158
0.0;108.48523712158203;c1;127;2023-11-21 10:29:52.777250;158
0.0;108.396728515625;c0;128;2023-11-21 10:29:52.777250;158
0.0;109.6296157836914;c1;128;2023-11-21 10:29:52.777250;158
0.0;101.29308319091797;c0;129;2023-11-21 10:29:52.777250;158
0.0;102.7542724609375;c1;129;2023-11-21 10:29:52.777250;158
0.0;90.45428466796875;c0;130;2023-11-21 10:29:52.810431;159
0.0;92.06885528564453;c1;130;2023-11-21 10:29:52.810431;159
0.0;90.12224578857422;c0;131;2023-11-21 10:29:52.810431;159
0.0;90.96917724609375;c1;131;2023-11-21 10:29:52.810431;159
0.0;89.92613983154297;c0;132;2023-11-21 10:29:52.810431;159
28.632104873657227;89.66736602783203;c1;132;2023-11-21 10:29:52.810431;159
0.0;83.66412353515625;c0;133;2023-11-21 10:29:52.810431;159
0.0;83.6454849243164;c1;133;2023-11-21 10:29:52.810431;159
0.0;82.05506896972656;c0;134;2023-11-21 10:29:52.810431;159
23.969030380249023;83.4543228149414;c1;134;2023-11-21 10:29:52.844213;160
27.071807861328125;84.3292007446289;c0;135;2023-11-21 10:29:52.844213;160
24.893030166625977;86.3316650390625;c1;135;2023-11-21 10:29:52.844213;160
29.376304626464844;82.55748748779297;c0;136;2023-11-21 10:29:52.844213;160
31.603336334228516;83.4526138305664;c1;136;2023-11-21 10:29:52.844213;160
35.64611053466797;77.99385833740234;c0;137;2023-11-21 10:29:52.844213;160
35.385040283203125;78.3505630493164;c1;137;2023-11-21 10:29:52.844213;160
59.00322341918945;80.81149291992188;c0;138;2023-11-21 10:29:52.844213;160
55.7612190246582;80.52925872802734;c1;138;2023-11-21 10:29:52.844213;160
55.353023529052734;77.5091323852539;c0;139;2023-11-21 10:29:52.879211;161
58.36243438720703;78.55530548095703;c1;139;2023-11-21 10:29:52.879211;161
67.83804321289062;83.2516098022461;c0;140;2023-11-21 10:29:52.879211;161
64.39973449707031;82.96619415283203;c1;140;2023-11-21 10:29:52.879211;161
68.31553649902344;78.1396255493164;c0;141;2023-11-21 10:29:52.879211;161
64.83073425292969;80.18488311767578;c1;141;2023-11-21 10:29:52.879211;161
74.29271697998047;77.73387908935547;c0;142;2023-11-21 10:29:52.879211;161
77.13276672363281;76.83241271972656;c1;142;2023-11-21 10:29:52.879211;161
78.83000946044922;76.5618896484375;c0;143;2023-11-21 10:29:52.879211;161
78.99005889892578;76.79000091552734;c1;143;2023-11-21 10:29:52.914209;162
80.9634780883789;76.38179016113281;c0;144;2023-11-21 10:29:52.914209;162
83.90379333496094;77.11341857910156;c1;144;2023-11-21 10:29:52.914209;162
90.48690032958984;77.03514099121094;c0;145;2023-11-21 10:29:52.914209;162
86.75911712646484;77.64566040039062;c1;145;2023-11-21 10:29:52.914209;162
90.21442413330078;78.6409683227539;c0;146;2023-11-21 10:29:52.914209;162
90.69845581054688;78.13813018798828;c1;146;2023-11-21 10:29:52.914209;162
91.1318130493164;76.26656341552734;c0;147;2023-11-21 10:29:52.914209;162
93.58605194091797;77.10631561279297;c1;147;2023-11-21 10:29:52.914209;162
93.01113891601562;76.93594360351562;c0;148;2023-11-21 10:29:52.950213;163
99.29641723632812;78.2076644897461;c1;148;2023-11-21 10:29:52.950213;163
101.72986602783203;77.74024200439453;c0;149;2023-11-21 10:29:52.950213;163
105.61267852783203;79.31597137451172;c1;149;2023-11-21 10:29:52.950213;163
101.00994873046875;78.76461029052734;c0;150;2023-11-21 10:29:52.950213;163
103.68047332763672;79.04802703857422;c1;150;2023-11-21 10:29:52.950213;163
101.45945739746094;78.240234375;c0;151;2023-11-21 10:29:52.950213;163
101.05752563476562;80.22211456298828;c1;151;2023-11-21 10:29:52.951249;163
101.05217742919922;76.78611755371094;c0;152;2023-11-21 10:29:52.951249;163
101.41510772705078;77.44739532470703;c1;152;2023-11-21 10:29:52.987209;164
102.42131042480469;77.24024963378906;c0;153;2023-11-21 10:29:52.987209;164
104.65556335449219;76.75239562988281;c1;153;2023-11-21 10:29:52.987209;164
125.84687042236328;74.34687805175781;c0;154;2023-11-21 10:29:52.987209;164
126.67459869384766;75.09130096435547;c1;154;2023-11-21 10:29:52.987209;164
125.70542907714844;76.28013610839844;c0;155;2023-11-21 10:29:52.987209;164
127.83185577392578;77.11607360839844;c1;155;2023-11-21 10:29:52.987209;164
132.55654907226562;77.63592529296875;c0;156;2023-11-21 10:29:52.987209;164
131.12559509277344;79.01451873779297;c1;156;2023-11-21 10:29:52.988210;164
132.15493774414062;79.6706771850586;c0;157;2023-11-21 10:29:53.024212;165
133.8010711669922;81.28793334960938;c1;157;2023-11-21 10:29:53.025210;165
123.9136962890625;82.2457046508789;c0;158;2023-11-21 10:29:53.025210;165
126.87667083740234;83.10419464111328;c1;158;2023-11-21 10:29:53.025210;165
122.50605773925781;83.12405395507812;c0;159;2023-11-21 10:29:53.025210;165
124.36821746826172;84.34673309326172;c1;159;2023-11-21 10:29:53.025210;165
126.21717834472656;80.09217834472656;c0;160;2023-11-21 10:29:53.025210;165
128.19300842285156;82.05767822265625;c1;160;2023-11-21 10:29:53.025918;165
133.32472229003906;84.92770385742188;c0;161;2023-11-21 10:29:53.025918;165
132.0362548828125;85.48987579345703;c1;161;2023-11-21 10:29:53.062295;166
138.52711486816406;82.41841888427734;c0;162;2023-11-21 10:29:53.063210;166
139.94793701171875;83.97721099853516;c1;162;2023-11-21 10:29:53.063210;166
135.90518188476562;86.03902435302734;c0;163;2023-11-21 10:29:53.063210;166
131.47975158691406;86.80328369140625;c1;163;2023-11-21 10:29:53.063210;166
129.455810546875;87.58673095703125;c0;164;2023-11-21 10:29:53.063210;166
132.6018829345703;89.21881103515625;c1;164;2023-11-21 10:29:53.063210;166
130.08457946777344;87.03714752197266;c0;165;2023-11-21 10:29:53.063210;166
127.447509765625;89.21104431152344;c1;165;2023-11-21 10:29:53.063210;166
133.52621459960938;85.54975128173828;c0;166;2023-11-21 10:29:53.101904;167
134.4971160888672;85.39835357666016;c1;166;2023-11-21 10:29:53.101904;167
127.99405670166016;87.03287506103516;c0;167;2023-11-21 10:29:53.101904;167
129.13526916503906;87.40447998046875;c1;167;2023-11-21 10:29:53.102723;167
133.57887268066406;87.42218780517578;c0;168;2023-11-21 10:29:53.102723;167
132.8907928466797;88.33790588378906;c1;168;2023-11-21 10:29:53.103328;167
132.6356964111328;88.54854583740234;c0;169;2023-11-21 10:29:53.103328;167
132.19140625;88.04784393310547;c1;169;2023-11-21 10:29:53.103722;167
127.39154815673828;90.01383209228516;c0;170;2023-11-21 10:29:53.103722;167
134.183349609375;88.4324951171875;c1;170;2023-11-21 10:29:53.141826;168
126.39598083496094;89.75782775878906;c0;171;2023-11-21 10:29:53.142722;168
127.83063507080078;91.58804321289062;c1;171;2023-11-21 10:29:53.144723;168
129.82447814941406;89.616943359375;c0;172;2023-11-21 10:29:53.145722;168
126.70014953613281;89.69410705566406;c1;172;2023-11-21 10:29:53.146722;168
128.26348876953125;88.14750671386719;c0;173;2023-11-21 10:29:53.147722;168
126.93104553222656;88.88922882080078;c1;173;2023-11-21 10:29:53.147722;168
131.4382781982422;89.14936828613281;c0;174;2023-11-21 10:29:53.147722;168
133.89547729492188;88.61492156982422;c1;174;2023-11-21 10:29:53.147722;168
122.14921569824219;90.1070556640625;c0;175;2023-11-21 10:29:53.182724;169
124.29182434082031;91.03952026367188;c1;175;2023-11-21 10:29:53.182724;169
113.17718505859375;90.02284240722656;c0;176;2023-11-21 10:29:53.182724;169
116.13462829589844;92.09911346435547;c1;176;2023-11-21 10:29:53.182724;169
125.09220886230469;93.40379333496094;c0;177;2023-11-21 10:29:53.182724;169
134.40191650390625;92.10589599609375;c1;177;2023-11-21 10:29:53.182724;169
118.14168548583984;94.1993408203125;c0;178;2023-11-21 10:29:53.182724;169
120.64015197753906;95.70079803466797;c1;178;2023-11-21 10:29:53.182724;169
131.37252807617188;92.21575164794922;c0;179;2023-11-21 10:29:53.182724;169
130.48851013183594;91.71639251708984;c1;179;2023-11-21 10:29:53.222724;170
145.09988403320312;95.39398956298828;c0;180;2023-11-21 10:29:53.223723;170
139.43038940429688;92.95049285888672;c1;180;2023-11-21 10:29:53.223723;170
142.51849365234375;88.37052917480469;c0;181;2023-11-21 10:29:53.223723;170
136.33453369140625;87.36553192138672;c1;181;2023-11-21 10:29:53.223723;170
137.75314331054688;82.86709594726562;c0;182;2023-11-21 10:29:53.223723;170
132.18438720703125;83.12659454345703;c1;182;2023-11-21 10:29:53.223723;170
133.01084899902344;80.7577133178711;c0;183;2023-11-21 10:29:53.223723;170
140.64276123046875;82.44434356689453;c1;183;2023-11-21 10:29:53.223723;170
103.9356918334961;77.61758422851562;c0;184;2023-11-21 10:29:53.263723;171
109.51997375488281;80.47591400146484;c1;184;2023-11-21 10:29:53.264722;171
107.3602066040039;82.75518035888672;c0;185;2023-11-21 10:29:53.264722;171
111.6491470336914;78.33174133300781;c1;185;2023-11-21 10:29:53.264722;171
100.80726623535156;77.80638885498047;c0;186;2023-11-21 10:29:53.264938;171
90.32447052001953;79.25489807128906;c1;186;2023-11-21 10:29:53.264938;171
97.6729736328125;74.88331604003906;c0;187;2023-11-21 10:29:53.264938;171
107.10907745361328;78.8555908203125;c1;187;2023-11-21 10:29:53.264938;171
126.48670959472656;81.26575469970703;c0;188;2023-11-21 10:29:53.264938;171
150.78390502929688;80.9454116821289;c1;188;2023-11-21 10:29:53.306868;172
127.79962921142578;67.37879180908203;c0;189;2023-11-21 10:29:53.306868;172
107.7701187133789;72.30445861816406;c1;189;2023-11-21 10:29:53.306868;172
88.40617370605469;60.23332595825195;c0;190;2023-11-21 10:29:53.306868;172
80.06836700439453;66.40255737304688;c1;190;2023-11-21 10:29:53.306868;172
125.95868682861328;67.98638916015625;c0;191;2023-11-21 10:29:53.307866;172
130.0073699951172;61.32620620727539;c1;191;2023-11-21 10:29:53.307866;172
148.5418701171875;60.72597885131836;c0;192;2023-11-21 10:29:53.307866;172
149.3296356201172;56.033626556396484;c1;192;2023-11-21 10:29:53.307866;172
60.544776916503906;31.15726661682129;c0;193;2023-11-21 10:29:53.350365;173
40.37675476074219;24.092987060546875;c1;193;2023-11-21 10:29:53.350365;173
0.0;-22.47165298461914;c0;194;2023-11-21 10:29:53.350365;173
109.87373352050781;-2.7186102867126465;c1;194;2023-11-21 10:29:53.350365;173
0.0;-121.45614624023438;c0;195;2023-11-21 10:29:53.350365;173
inf;-131.66189575195312;c1;195;2023-11-21 10:29:53.350365;173
inf;-21.219173431396484;c0;196;2023-11-21 10:29:53.350365;173
inf;-130.66763305664062;c1;196;2023-11-21 10:29:53.350365;173
inf;242.14048767089844;c0;197;2023-11-21 10:29:53.350365;173
inf;221.74024963378906;c1;197;2023-11-21 10:29:53.393729;174
inf;177.10792541503906;c0;198;2023-11-21 10:29:53.393729;174
inf;175.77293395996094;c1;198;2023-11-21 10:29:53.393729;174
0.0;155.2955322265625;c0;199;2023-11-21 10:29:53.393729;174
0.0;158.29286193847656;c1;199;2023-11-21 10:29:53.393729;174
0.0;144.21397399902344;c0;200;2023-11-21 10:29:53.394692;174
0.0;143.36581420898438;c1;200;2023-11-21 10:29:53.394692;174
0.0;119.9028091430664;c0;201;2023-11-21 10:29:53.394866;174
0.0;116.86727142333984;c1;201;2023-11-21 10:29:53.394866;174
0.0;111.6902084350586;c0;202;2023-11-21 10:29:53.438870;175
0.0;111.80445098876953;c1;202;2023-11-21 10:29:53.438870;175
0.0;122.9399642944336;c0;203;2023-11-21 10:29:53.438870;175
0.0;119.71920013427734;c1;203;2023-11-21 10:29:53.438870;175
0.0;108.1592788696289;c0;204;2023-11-21 10:29:53.438870;175
0.0;110.71575927734375;c1;204;2023-11-21 10:29:53.438870;175
0.0;122.52130126953125;c0;205;2023-11-21 10:29:53.439694;175
0.0;116.926025390625;c1;205;2023-11-21 10:29:53.439694;175
0.0;106.5443344116211;c0;206;2023-11-21 10:29:53.439694;175
0.0;108.79444885253906;c1;206;2023-11-21 10:29:53.483695;176
0.0;111.4372787475586;c0;207;2023-11-21 10:29:53.483695;176
0.0;109.77320098876953;c1;207;2023-11-21 10:29:53.483695;176
0.0;94.96550750732422;c0;208;2023-11-21 10:29:53.483695;176
0.0;98.46974182128906;c1;208;2023-11-21 10:29:53.484698;176
0.0;95.9512939453125;c0;209;2023-11-21 10:29:53.484698;176
0.0;100.8262710571289;c1;209;2023-11-21 10:29:53.484698;176
0.0;100.52478790283203;c0;210;2023-11-21 10:29:53.484698;176
0.0;104.00513458251953;c1;210;2023-11-21 10:29:53.484698;176
29.78658676147461;101.14708709716797;c0;211;2023-11-21 10:29:53.529969;177
0.0;105.64673614501953;c1;211;2023-11-21 10:29:53.529969;177
37.878257751464844;100.53913116455078;c0;212;2023-11-21 10:29:53.529969;177
42.12539291381836;102.70479583740234;c1;212;2023-11-21 10:29:53.529969;177
0.0;97.87462615966797;c0;213;2023-11-21 10:29:53.529969;177
0.0;99.59105682373047;c1;213;2023-11-21 10:29:53.529969;177
0.0;95.94950866699219;c0;214;2023-11-21 10:29:53.529969;177
0.0;97.45391082763672;c1;214;2023-11-21 10:29:53.529969;177
0.0;95.10612487792969;c0;215;2023-11-21 10:29:53.529969;177
0.0;96.6559066772461;c1;215;2023-11-21 10:29:53.575995;178
0.0;94.08201599121094;c0;216;2023-11-21 10:29:53.576996;178
41.965476989746094;92.00125885009766;c1;216;2023-11-21 10:29:53.576996;178
45.80525207519531;88.94660186767578;c0;217;2023-11-21 10:29:53.576996;178
53.83388900756836;89.72007751464844;c1;217;2023-11-21 10:29:53.576996;178
0.0;92.2380599975586;c0;218;2023-11-21 10:29:53.576996;178
0.0;92.71813201904297;c1;218;2023-11-21 10:29:53.576996;178
32.93619155883789;93.98184204101562;c0;219;2023-11-21 10:29:53.576996;178
41.147125244140625;94.96471405029297;c1;219;2023-11-21 10:29:53.576996;178
0.0;92.66716766357422;c0;220;2023-11-21 10:29:53.623996;179
0.0;93.4565658569336;c1;220;2023-11-21 10:29:53.623996;179
49.73051452636719;90.77101135253906;c0;221;2023-11-21 10:29:53.623996;179
38.53246307373047;90.21207427978516;c1;221;2023-11-21 10:29:53.624996;179
52.12457275390625;90.50145721435547;c0;222;2023-11-21 10:29:53.624996;179
59.52044677734375;91.0752944946289;c1;222;2023-11-21 10:29:53.624996;179
42.461036682128906;88.1025619506836;c0;223;2023-11-21 10:29:53.625246;179
27.45383644104004;87.3262939453125;c1;223;2023-11-21 10:29:53.625246;179
50.0059700012207;89.41632080078125;c0;224;2023-11-21 10:29:53.625246;179
48.21204376220703;89.85747528076172;c1;224;2023-11-21 10:29:53.672232;180
41.22773361206055;87.12903594970703;c0;225;2023-11-21 10:29:53.672232;180
57.978031158447266;88.83963775634766;c1;225;2023-11-21 10:29:53.672232;180
39.00722122192383;86.15694427490234;c0;226;2023-11-21 10:29:53.672232;180
46.17841720581055;87.59534454345703;c1;226;2023-11-21 10:29:53.672232;180
52.517578125;89.92484283447266;c0;227;2023-11-21 10:29:53.672232;180
57.52366256713867;89.04281616210938;c1;227;2023-11-21 10:29:53.673195;180
49.883567810058594;89.95259094238281;c0;228;2023-11-21 10:29:53.673195;180
52.05032730102539;89.64500427246094;c1;228;2023-11-21 10:29:53.673338;180
inf;-32.86784362792969;c0;4;2023-11-21 10:29:53.685232;181
52.54319763183594;6.949465274810791;c1;4;2023-11-21 10:29:53.685232;181
90.44303894042969;45.673866271972656;c0;5;2023-11-21 10:29:53.685232;181
91.5628662109375;48.71438217163086;c1;5;2023-11-21 10:29:53.685232;181
103.62859344482422;47.87179946899414;c0;6;2023-11-21 10:29:53.685232;181
105.071533203125;47.432315826416016;c1;6;2023-11-21 10:29:53.685232;181
103.47590637207031;73.94957733154297;c0;7;2023-11-21 10:29:53.686195;181
103.91826629638672;76.8538818359375;c1;7;2023-11-21 10:29:53.686195;181
92.69933319091797;188.57186889648438;c0;8;2023-11-21 10:29:53.686195;181
110.36387634277344;51.81166458129883;c1;8;2023-11-21 10:29:53.700196;182
102.18539428710938;13.610198974609375;c0;9;2023-11-21 10:29:53.700196;182
100.75148010253906;13.956456184387207;c1;9;2023-11-21 10:29:53.700196;182
91.50814056396484;66.81509399414062;c0;10;2023-11-21 10:29:53.700196;182
93.27565002441406;65.75088500976562;c1;10;2023-11-21 10:29:53.700196;182
89.37626647949219;59.29884719848633;c0;11;2023-11-21 10:29:53.700196;182
89.68631744384766;57.646080017089844;c1;11;2023-11-21 10:29:53.700196;182
123.78228759765625;108.63184356689453;c0;12;2023-11-21 10:29:53.701196;182
104.4159164428711;41.58881759643555;c1;12;2023-11-21 10:29:53.701196;182
26.594951629638672;150.9020538330078;c0;13;2023-11-21 10:29:53.715195;183
25.087697982788086;159.04457092285156;c1;13;2023-11-21 10:29:53.715195;183
88.51934051513672;46.7151985168457;c0;14;2023-11-21 10:29:53.715195;183
87.96549224853516;47.69574737548828;c1;14;2023-11-21 10:29:53.716241;183
93.33026885986328;65.47135925292969;c0;15;2023-11-21 10:29:53.716241;183
94.07771301269531;64.7850341796875;c1;15;2023-11-21 10:29:53.716241;183
123.01869201660156;179.51895141601562;c0;16;2023-11-21 10:29:53.716241;183
115.48799133300781;72.37435150146484;c1;16;2023-11-21 10:29:53.716241;183
inf;293.3463439941406;c0;17;2023-11-21 10:29:53.716241;183
inf;295.2727355957031;c1;17;2023-11-21 10:29:53.731200;184
85.99698638916016;52.778743743896484;c0;18;2023-11-21 10:29:53.731200;184
86.09980010986328;53.394344329833984;c1;18;2023-11-21 10:29:53.731200;184
88.0595703125;58.48660659790039;c0;19;2023-11-21 10:29:53.731200;184
