337727;583759;2;0;2023-12-07 12:03:28.326287;1
763242;842311;4;0;2023-12-07 12:03:28.327284;1
800186;631797;6;0;2023-12-07 12:03:28.327284;1
358944;47921;8;0;2023-12-07 12:03:28.327284;1
39365;36332;10;0;2023-12-07 12:03:28.327284;1
39679;39423;12;0;2023-12-07 12:03:28.327284;1
39499;39428;14;0;2023-12-07 12:03:28.327284;1
39383;39286;0;0;2023-12-07 12:03:28.344366;2
337855;583979;2;0;2023-12-07 12:03:28.344366;2
763531;842629;4;0;2023-12-07 12:03:28.344366;2
800489;632036;6;0;2023-12-07 12:03:28.344366;2
359080;47939;8;0;2023-12-07 12:03:28.344366;2
39380;36345;10;0;2023-12-07 12:03:28.344366;2
39694;39438;12;0;2023-12-07 12:03:28.344366;2
39514;39443;14;0;2023-12-07 12:03:28.344366;2
39397;39301;0;0;2023-12-07 12:03:28.344930;2
337983;584200;2;0;2023-12-07 12:03:28.354933;3
763820;842948;4;0;2023-12-07 12:03:28.354933;3
800792;632276;6;0;2023-12-07 12:03:28.354933;3
359215;47958;8;0;2023-12-07 12:03:28.354933;3
39395;36359;10;0;2023-12-07 12:03:28.354933;3
39709;39452;12;0;2023-12-07 12:03:28.354933;3
39529;39458;14;0;2023-12-07 12:03:28.354933;3
39412;39315;0;0;2023-12-07 12:03:28.354933;3
338111;584421;2;0;2023-12-07 12:03:28.354933;3
764108;843267;4;0;2023-12-07 12:03:28.367950;4
801095;632515;6;0;2023-12-07 12:03:28.367950;4
359351;47976;8;0;2023-12-07 12:03:28.367950;4
39410;36373;10;0;2023-12-07 12:03:28.367950;4
39724;39467;12;0;2023-12-07 12:03:28.367950;4
39544;39473;14;0;2023-12-07 12:03:28.367950;4
39427;39330;0;0;2023-12-07 12:03:28.367950;4
338239;584642;2;0;2023-12-07 12:03:28.367950;4
764397;843586;4;0;2023-12-07 12:03:28.367950;4
801398;632755;6;0;2023-12-07 12:03:28.382530;5
359487;47994;8;0;2023-12-07 12:03:28.382562;5
39425;36386;10;0;2023-12-07 12:03:28.382562;5
39739;39482;12;0;2023-12-07 12:03:28.382562;5
39559;39487;14;0;2023-12-07 12:03:28.382562;5
39441;39345;0;0;2023-12-07 12:03:28.382562;5
338366;584862;2;0;2023-12-07 12:03:28.382827;5
764686;843905;4;0;2023-12-07 12:03:28.382906;5
801702;632995;6;0;2023-12-07 12:03:28.382906;5
359623;48013;8;0;2023-12-07 12:03:28.395767;6
39440;36400;10;0;2023-12-07 12:03:28.396899;6
39755;39497;12;0;2023-12-07 12:03:28.398765;6
39574;39502;14;0;2023-12-07 12:03:28.399763;6
39456;39360;0;0;2023-12-07 12:03:28.400765;6
338494;585083;2;0;2023-12-07 12:03:28.401798;6
764975;844224;4;0;2023-12-07 12:03:28.402360;6
802006;633234;6;0;2023-12-07 12:03:28.402763;6
359760;48032;8;0;2023-12-07 12:03:28.403751;6
39455;36414;10;0;2023-12-07 12:03:28.407757;7
39770;39512;12;0;2023-12-07 12:03:28.407757;7
39589;39517;14;0;2023-12-07 12:03:28.408871;7
39471;39375;0;0;2023-12-07 12:03:28.408871;7
338622;585304;2;0;2023-12-07 12:03:28.408871;7
765264;844543;4;0;2023-12-07 12:03:28.408871;7
802309;633473;6;0;2023-12-07 12:03:28.408871;7
359897;48050;8;0;2023-12-07 12:03:28.408871;7
39470;36428;10;0;2023-12-07 12:03:28.409757;7
39785;39527;12;0;2023-12-07 12:03:28.420745;8
39604;39532;14;0;2023-12-07 12:03:28.421369;8
39486;39390;0;0;2023-12-07 12:03:28.421369;8
338750;585525;2;0;2023-12-07 12:03:28.421369;8
765552;844861;4;0;2023-12-07 12:03:28.421744;8
802613;633712;6;0;2023-12-07 12:03:28.421744;8
360033;48068;8;0;2023-12-07 12:03:28.421744;8
39485;36442;10;0;2023-12-07 12:03:28.421744;8
39800;39542;12;0;2023-12-07 12:03:28.421744;8
39619;39547;14;0;2023-12-07 12:03:28.434128;9
39501;39405;0;0;2023-12-07 12:03:28.434128;9
338878;585746;2;0;2023-12-07 12:03:28.434128;9
765841;845181;4;0;2023-12-07 12:03:28.434128;9
802916;633951;6;0;2023-12-07 12:03:28.434128;9
360169;48086;8;0;2023-12-07 12:03:28.434128;9
39500;36456;10;0;2023-12-07 12:03:28.434128;9
39815;39557;12;0;2023-12-07 12:03:28.434128;9
39634;39562;14;0;2023-12-07 12:03:28.434128;9
39517;39420;0;0;2023-12-07 12:03:28.450090;10
339006;585966;2;0;2023-12-07 12:03:28.450090;10
766130;845500;4;0;2023-12-07 12:03:28.450090;10
803219;634191;6;0;2023-12-07 12:03:28.450090;10
360305;48103;8;0;2023-12-07 12:03:28.450090;10
39515;36470;10;0;2023-12-07 12:03:28.450090;10
39831;39572;12;0;2023-12-07 12:03:28.450090;10
39649;39577;14;0;2023-12-07 12:03:28.450090;10
39532;39435;0;0;2023-12-07 12:03:28.450090;10
339134;586187;2;0;2023-12-07 12:03:28.462744;11
766419;845819;4;0;2023-12-07 12:03:28.462744;11
803522;634430;6;0;2023-12-07 12:03:28.462744;11
360441;48121;8;0;2023-12-07 12:03:28.462744;11
39529;36484;10;0;2023-12-07 12:03:28.462744;11
39846;39586;12;0;2023-12-07 12:03:28.462744;11
39664;39592;14;0;2023-12-07 12:03:28.462744;11
39547;39450;0;0;2023-12-07 12:03:28.462744;11
339262;586408;2;0;2023-12-07 12:03:28.462744;11
766708;846138;4;0;2023-12-07 12:03:28.476036;12
803824;634669;6;0;2023-12-07 12:03:28.476036;12
360577;48139;8;0;2023-12-07 12:03:28.476036;12
39544;36498;10;0;2023-12-07 12:03:28.476036;12
39861;39601;12;0;2023-12-07 12:03:28.476036;12
39679;39607;14;0;2023-12-07 12:03:28.476036;12
39562;39465;0;0;2023-12-07 12:03:28.476036;12
339390;586629;2;0;2023-12-07 12:03:28.476036;12
766997;846457;4;0;2023-12-07 12:03:28.476036;12
804127;634909;6;0;2023-12-07 12:03:28.490155;13
360713;48157;8;0;2023-12-07 12:03:28.490155;13
39559;36512;10;0;2023-12-07 12:03:28.490155;13
39876;39616;12;0;2023-12-07 12:03:28.490155;13
39694;39622;14;0;2023-12-07 12:03:28.490155;13
39577;39480;0;0;2023-12-07 12:03:28.490155;13
339518;586850;2;0;2023-12-07 12:03:28.490155;13
767286;846776;4;0;2023-12-07 12:03:28.490155;13
804430;635148;6;0;2023-12-07 12:03:28.490155;13
360849;48176;8;0;2023-12-07 12:03:28.503214;14
39574;36526;10;0;2023-12-07 12:03:28.503332;14
39892;39631;12;0;2023-12-07 12:03:28.503332;14
39709;39637;14;0;2023-12-07 12:03:28.503332;14
39592;39495;0;0;2023-12-07 12:03:28.503332;14
339646;587071;2;0;2023-12-07 12:03:28.503332;14
767574;847095;4;0;2023-12-07 12:03:28.503332;14
804733;635387;6;0;2023-12-07 12:03:28.503332;14
360985;48194;8;0;2023-12-07 12:03:28.503332;14
39589;36540;10;0;2023-12-07 12:03:28.515331;15
39908;39646;12;0;2023-12-07 12:03:28.515331;15
39723;39652;14;0;2023-12-07 12:03:28.515331;15
39607;39510;0;0;2023-12-07 12:03:28.515331;15
339774;587292;2;0;2023-12-07 12:03:28.515331;15
767862;847413;4;0;2023-12-07 12:03:28.515331;15
805035;635626;6;0;2023-12-07 12:03:28.516329;15
361120;48212;8;0;2023-12-07 12:03:28.516329;15
39604;36553;10;0;2023-12-07 12:03:28.516329;15
39923;39661;12;0;2023-12-07 12:03:28.529178;16
39738;39667;14;0;2023-12-07 12:03:28.529332;16
39622;39525;0;0;2023-12-07 12:03:28.529332;16
339903;587514;2;0;2023-12-07 12:03:28.529332;16
768152;847732;4;0;2023-12-07 12:03:28.529332;16
805338;635865;6;0;2023-12-07 12:03:28.529332;16
361255;48230;8;0;2023-12-07 12:03:28.529332;16
39619;36567;10;0;2023-12-07 12:03:28.529332;16
39938;39676;12;0;2023-12-07 12:03:28.529332;16
39753;39682;14;0;2023-12-07 12:03:28.541430;17
39637;39540;0;0;2023-12-07 12:03:28.541430;17
340032;587735;2;0;2023-12-07 12:03:28.541430;17
768441;848050;4;0;2023-12-07 12:03:28.541430;17
805641;636104;6;0;2023-12-07 12:03:28.541430;17
361391;48249;8;0;2023-12-07 12:03:28.541430;17
39634;36581;10;0;2023-12-07 12:03:28.541430;17
39953;39691;12;0;2023-12-07 12:03:28.541430;17
39768;39696;14;0;2023-12-07 12:03:28.542332;17
39652;39555;0;0;2023-12-07 12:03:28.557536;18
340160;587956;2;0;2023-12-07 12:03:28.557536;18
768730;848368;4;0;2023-12-07 12:03:28.557536;18
805944;636343;6;0;2023-12-07 12:03:28.557536;18
361526;48268;8;0;2023-12-07 12:03:28.557536;18
39649;36595;10;0;2023-12-07 12:03:28.557536;18
39968;39706;12;0;2023-12-07 12:03:28.557536;18
39783;39710;14;0;2023-12-07 12:03:28.557536;18
39667;39570;0;0;2023-12-07 12:03:28.557536;18
340288;588176;2;0;2023-12-07 12:03:28.570942;19
769018;848687;4;0;2023-12-07 12:03:28.570942;19
806247;636582;6;0;2023-12-07 12:03:28.570942;19
361662;48286;8;0;2023-12-07 12:03:28.570942;19
39664;36608;10;0;2023-12-07 12:03:28.570942;19
39983;39721;12;0;2023-12-07 12:03:28.570942;19
39798;39725;14;0;2023-12-07 12:03:28.570942;19
39682;39585;0;0;2023-12-07 12:03:28.570942;19
340416;588396;2;0;2023-12-07 12:03:28.570942;19
769307;849005;4;0;2023-12-07 12:03:28.582942;20
806549;636820;6;0;2023-12-07 12:03:28.583941;20
361797;48305;8;0;2023-12-07 12:03:28.583941;20
39679;36622;10;0;2023-12-07 12:03:28.583941;20
39998;39736;12;0;2023-12-07 12:03:28.583941;20
39813;39740;14;0;2023-12-07 12:03:28.583941;20
39696;39600;0;0;2023-12-07 12:03:28.583941;20
340544;588617;2;0;2023-12-07 12:03:28.583941;20
769596;849324;4;0;2023-12-07 12:03:28.583941;20
806853;637059;6;0;2023-12-07 12:03:28.597946;21
361934;48324;8;0;2023-12-07 12:03:28.597946;21
39693;36635;10;0;2023-12-07 12:03:28.597946;21
40013;39751;12;0;2023-12-07 12:03:28.597946;21
39828;39755;14;0;2023-12-07 12:03:28.597946;21
39711;39614;0;0;2023-12-07 12:03:28.597946;21
340672;588838;2;0;2023-12-07 12:03:28.597946;21
769887;849643;4;0;2023-12-07 12:03:28.597946;21
807157;637299;6;0;2023-12-07 12:03:28.597946;21
362070;48342;8;0;2023-12-07 12:03:28.611075;22
39708;36648;10;0;2023-12-07 12:03:28.611075;22
40028;39766;12;0;2023-12-07 12:03:28.611075;22
39843;39770;14;0;2023-12-07 12:03:28.611075;22
39725;39629;0;0;2023-12-07 12:03:28.611075;22
340800;589058;2;0;2023-12-07 12:03:28.611075;22
770176;849962;4;0;2023-12-07 12:03:28.611075;22
807460;637538;6;0;2023-12-07 12:03:28.611075;22
362207;48361;8;0;2023-12-07 12:03:28.611075;22
39723;36661;10;0;2023-12-07 12:03:28.624094;23
40043;39781;12;0;2023-12-07 12:03:28.624094;23
39858;39785;14;0;2023-12-07 12:03:28.624094;23
39740;39644;0;0;2023-12-07 12:03:28.624094;23
340928;589279;2;0;2023-12-07 12:03:28.624094;23
770465;850281;4;0;2023-12-07 12:03:28.624094;23
807763;637778;6;0;2023-12-07 12:03:28.624094;23
362343;48379;8;0;2023-12-07 12:03:28.624094;23
39738;36674;10;0;2023-12-07 12:03:28.624094;23
40058;39796;12;0;2023-12-07 12:03:28.636989;24
39873;39800;14;0;2023-12-07 12:03:28.636989;24
39755;39659;0;0;2023-12-07 12:03:28.637290;24
341056;589500;2;0;2023-12-07 12:03:28.637290;24
770754;850600;4;0;2023-12-07 12:03:28.637290;24
808066;638017;6;0;2023-12-07 12:03:28.637290;24
362479;48398;8;0;2023-12-07 12:03:28.637290;24
39753;36688;10;0;2023-12-07 12:03:28.637290;24
40072;39811;12;0;2023-12-07 12:03:28.637290;24
39888;39815;14;0;2023-12-07 12:03:28.649598;25
39770;39673;0;0;2023-12-07 12:03:28.649598;25
341184;589721;2;0;2023-12-07 12:03:28.649598;25
771043;850919;4;0;2023-12-07 12:03:28.649598;25
808370;638257;6;0;2023-12-07 12:03:28.649598;25
362615;48416;8;0;2023-12-07 12:03:28.649598;25
39768;36702;10;0;2023-12-07 12:03:28.649598;25
40087;39826;12;0;2023-12-07 12:03:28.649598;25
39903;39829;14;0;2023-12-07 12:03:28.649598;25
39785;39688;0;0;2023-12-07 12:03:28.665601;26
341312;589942;2;0;2023-12-07 12:03:28.665601;26
771332;851238;4;0;2023-12-07 12:03:28.665601;26
808673;638496;6;0;2023-12-07 12:03:28.665601;26
362750;48434;8;0;2023-12-07 12:03:28.665601;26
39783;36715;10;0;2023-12-07 12:03:28.665601;26
40102;39841;12;0;2023-12-07 12:03:28.665601;26
39917;39844;14;0;2023-12-07 12:03:28.665601;26
39800;39703;0;0;2023-12-07 12:03:28.665601;26
341440;590163;2;0;2023-12-07 12:03:28.677690;27
771621;851557;4;0;2023-12-07 12:03:28.677690;27
808976;638735;6;0;2023-12-07 12:03:28.677690;27
362886;48452;8;0;2023-12-07 12:03:28.677690;27
39798;36728;10;0;2023-12-07 12:03:28.677690;27
40117;39855;12;0;2023-12-07 12:03:28.677690;27
39932;39859;14;0;2023-12-07 12:03:28.677690;27
39815;39718;0;0;2023-12-07 12:03:28.677690;27
341569;590384;2;0;2023-12-07 12:03:28.677690;27
771910;851876;4;0;2023-12-07 12:03:28.692692;28
809280;638974;6;0;2023-12-07 12:03:28.692692;28
363021;48470;8;0;2023-12-07 12:03:28.692692;28
39813;36742;10;0;2023-12-07 12:03:28.692692;28
40132;39870;12;0;2023-12-07 12:03:28.692692;28
39947;39874;14;0;2023-12-07 12:03:28.692692;28
39830;39733;0;0;2023-12-07 12:03:28.692692;28
341698;590606;2;0;2023-12-07 12:03:28.692692;28
772199;852195;4;0;2023-12-07 12:03:28.692692;28
809584;639214;6;0;2023-12-07 12:03:28.705988;29
363157;48488;8;0;2023-12-07 12:03:28.705988;29
39828;36756;10;0;2023-12-07 12:03:28.705988;29
40147;39885;12;0;2023-12-07 12:03:28.705988;29
39962;39888;14;0;2023-12-07 12:03:28.705988;29
39844;39748;0;0;2023-12-07 12:03:28.705988;29
341825;590826;2;0;2023-12-07 12:03:28.705988;29
772488;852513;4;0;2023-12-07 12:03:28.705988;29
809886;639452;6;0;2023-12-07 12:03:28.705988;29
363293;48506;8;0;2023-12-07 12:03:28.718305;30
39843;36769;10;0;2023-12-07 12:03:28.718305;30
40162;39900;12;0;2023-12-07 12:03:28.718305;30
39977;39904;14;0;2023-12-07 12:03:28.718305;30
39859;39763;0;0;2023-12-07 12:03:28.718305;30
341953;591047;2;0;2023-12-07 12:03:28.718305;30
772777;852832;4;0;2023-12-07 12:03:28.718305;30
810190;639692;6;0;2023-12-07 12:03:28.718305;30
363429;48525;8;0;2023-12-07 12:03:28.718305;30
39857;36783;10;0;2023-12-07 12:03:28.731152;31
40177;39915;12;0;2023-12-07 12:03:28.731152;31
39992;39919;14;0;2023-12-07 12:03:28.731152;31
39874;39778;0;0;2023-12-07 12:03:28.731152;31
342081;591268;2;0;2023-12-07 12:03:28.731152;31
773066;853151;4;0;2023-12-07 12:03:28.731152;31
810493;639932;6;0;2023-12-07 12:03:28.731152;31
363565;48543;8;0;2023-12-07 12:03:28.731152;31
39872;36797;10;0;2023-12-07 12:03:28.731152;31
40192;39930;12;0;2023-12-07 12:03:28.744928;32
40007;39934;14;0;2023-12-07 12:03:28.744928;32
39889;39793;0;0;2023-12-07 12:03:28.744928;32
342210;591489;2;0;2023-12-07 12:03:28.744928;32
773355;853471;4;0;2023-12-07 12:03:28.744928;32
810796;640171;6;0;2023-12-07 12:03:28.744928;32
363701;48561;8;0;2023-12-07 12:03:28.744928;32
39887;36810;10;0;2023-12-07 12:03:28.744928;32
40207;39944;12;0;2023-12-07 12:03:28.744928;32
40022;39949;14;0;2023-12-07 12:03:28.757579;33
39904;39807;0;0;2023-12-07 12:03:28.757579;33
342338;591710;2;0;2023-12-07 12:03:28.757579;33
773644;853790;4;0;2023-12-07 12:03:28.757579;33
811099;640411;6;0;2023-12-07 12:03:28.757579;33
363837;48579;8;0;2023-12-07 12:03:28.757579;33
39902;36824;10;0;2023-12-07 12:03:28.757579;33
40222;39959;12;0;2023-12-07 12:03:28.757579;33
40037;39963;14;0;2023-12-07 12:03:28.757579;33
39919;39821;0;0;2023-12-07 12:03:28.773557;34
342466;591931;2;0;2023-12-07 12:03:28.773717;34
773932;854109;4;0;2023-12-07 12:03:28.773717;34
811402;640650;6;0;2023-12-07 12:03:28.773888;34
363973;48597;8;0;2023-12-07 12:03:28.773888;34
39917;36838;10;0;2023-12-07 12:03:28.773888;34
40238;39974;12;0;2023-12-07 12:03:28.773888;34
40052;39978;14;0;2023-12-07 12:03:28.773888;34
39934;39836;0;0;2023-12-07 12:03:28.773888;34
342594;592152;2;0;2023-12-07 12:03:28.786557;35
774221;854427;4;0;2023-12-07 12:03:28.786557;35
811705;640889;6;0;2023-12-07 12:03:28.786557;35
364109;48615;8;0;2023-12-07 12:03:28.786557;35
39932;36852;10;0;2023-12-07 12:03:28.786557;35
40253;39989;12;0;2023-12-07 12:03:28.786557;35
40067;39993;14;0;2023-12-07 12:03:28.786557;35
39949;39851;0;0;2023-12-07 12:03:28.786557;35
342722;592373;2;0;2023-12-07 12:03:28.786557;35
774510;854746;4;0;2023-12-07 12:03:28.798559;36
812008;641129;6;0;2023-12-07 12:03:28.799557;36
364245;48633;8;0;2023-12-07 12:03:28.799557;36
39947;36865;10;0;2023-12-07 12:03:28.799557;36
40268;40004;12;0;2023-12-07 12:03:28.799557;36
40082;40008;14;0;2023-12-07 12:03:28.799557;36
39964;39866;0;0;2023-12-07 12:03:28.799557;36
342849;592593;2;0;2023-12-07 12:03:28.799557;36
774799;855065;4;0;2023-12-07 12:03:28.799557;36
812311;641369;6;0;2023-12-07 12:03:28.812959;37
364381;48652;8;0;2023-12-07 12:03:28.813558;37
39962;36879;10;0;2023-12-07 12:03:28.813558;37
40284;40018;12;0;2023-12-07 12:03:28.813558;37
40097;40023;14;0;2023-12-07 12:03:28.813558;37
39979;39881;0;0;2023-12-07 12:03:28.813558;37
342977;592814;2;0;2023-12-07 12:03:28.813558;37
775088;855384;4;0;2023-12-07 12:03:28.813558;37
812614;641609;6;0;2023-12-07 12:03:28.813558;37
364517;48670;8;0;2023-12-07 12:03:28.826558;38
39977;36893;10;0;2023-12-07 12:03:28.826558;38
40299;40032;12;0;2023-12-07 12:03:28.826558;38
40113;40038;14;0;2023-12-07 12:03:28.826558;38
39994;39896;0;0;2023-12-07 12:03:28.826558;38
343105;593035;2;0;2023-12-07 12:03:28.826558;38
775377;855703;4;0;2023-12-07 12:03:28.826558;38
812918;641848;6;0;2023-12-07 12:03:28.826558;38
364653;48688;8;0;2023-12-07 12:03:28.826558;38
39992;36906;10;0;2023-12-07 12:03:28.838561;39
40314;40047;12;0;2023-12-07 12:03:28.839558;39
40128;40053;14;0;2023-12-07 12:03:28.839558;39
40009;39910;0;0;2023-12-07 12:03:28.839558;39
343233;593256;2;0;2023-12-07 12:03:28.839558;39
775665;856021;4;0;2023-12-07 12:03:28.839558;39
813220;642086;6;0;2023-12-07 12:03:28.839558;39
364788;48706;8;0;2023-12-07 12:03:28.839558;39
40007;36920;10;0;2023-12-07 12:03:28.839558;39
40329;40062;12;0;2023-12-07 12:03:28.851846;40
40143;40068;14;0;2023-12-07 12:03:28.851846;40
40024;39925;0;0;2023-12-07 12:03:28.851846;40
343361;593477;2;0;2023-12-07 12:03:28.851846;40
775954;856340;4;0;2023-12-07 12:03:28.851846;40
813523;642325;6;0;2023-12-07 12:03:28.851846;40
364924;48724;8;0;2023-12-07 12:03:28.851846;40
40022;36933;10;0;2023-12-07 12:03:28.851846;40
40344;40077;12;0;2023-12-07 12:03:28.851846;40
40158;40083;14;0;2023-12-07 12:03:28.864848;41
40039;39940;0;0;2023-12-07 12:03:28.864848;41
343489;593698;2;0;2023-12-07 12:03:28.864848;41
776242;856659;4;0;2023-12-07 12:03:28.864848;41
813826;642564;6;0;2023-12-07 12:03:28.864848;41
365060;48742;8;0;2023-12-07 12:03:28.864848;41
40037;36946;10;0;2023-12-07 12:03:28.864848;41
40359;40092;12;0;2023-12-07 12:03:28.864848;41
40172;40098;14;0;2023-12-07 12:03:28.864848;41
40054;39955;0;0;2023-12-07 12:03:28.880799;42
343617;593919;2;0;2023-12-07 12:03:28.880799;42
776531;856978;4;0;2023-12-07 12:03:28.880799;42
814128;642803;6;0;2023-12-07 12:03:28.880799;42
365195;48760;8;0;2023-12-07 12:03:28.880799;42
40052;36960;10;0;2023-12-07 12:03:28.880799;42
40374;40106;12;0;2023-12-07 12:03:28.880799;42
40187;40114;14;0;2023-12-07 12:03:28.880799;42
40069;39970;0;0;2023-12-07 12:03:28.880799;42
343745;594140;2;0;2023-12-07 12:03:28.893799;43
776820;857296;4;0;2023-12-07 12:03:28.893799;43
814431;643042;6;0;2023-12-07 12:03:28.893799;43
365332;48778;8;0;2023-12-07 12:03:28.893799;43
40067;36973;10;0;2023-12-07 12:03:28.893799;43
40389;40121;12;0;2023-12-07 12:03:28.893799;43
40202;40129;14;0;2023-12-07 12:03:28.893799;43
40084;39985;0;0;2023-12-07 12:03:28.893799;43
343873;594361;2;0;2023-12-07 12:03:28.893799;43
777109;857614;4;0;2023-12-07 12:03:28.908836;44
814733;643280;6;0;2023-12-07 12:03:28.909287;44
365467;48796;8;0;2023-12-07 12:03:28.909287;44
40081;36986;10;0;2023-12-07 12:03:28.909287;44
40404;40136;12;0;2023-12-07 12:03:28.909287;44
40217;40144;14;0;2023-12-07 12:03:28.909812;44
40099;40000;0;0;2023-12-07 12:03:28.909812;44
344001;594581;2;0;2023-12-07 12:03:28.909812;44
777397;857933;4;0;2023-12-07 12:03:28.909812;44
815036;643520;6;0;2023-12-07 12:03:28.920820;45
365602;48814;8;0;2023-12-07 12:03:28.920820;45
40096;37000;10;0;2023-12-07 12:03:28.920820;45
40419;40150;12;0;2023-12-07 12:03:28.920820;45
40232;40159;14;0;2023-12-07 12:03:28.920820;45
40114;40015;0;0;2023-12-07 12:03:28.921803;45
344129;594802;2;0;2023-12-07 12:03:28.921803;45
777686;858252;4;0;2023-12-07 12:03:28.921803;45
815339;643760;6;0;2023-12-07 12:03:28.921803;45
365738;48833;8;0;2023-12-07 12:03:28.934167;46
40111;37014;10;0;2023-12-07 12:03:28.934167;46
40435;40165;12;0;2023-12-07 12:03:28.934167;46
40247;40174;14;0;2023-12-07 12:03:28.934167;46
40129;40030;0;0;2023-12-07 12:03:28.934167;46
344256;595023;2;0;2023-12-07 12:03:28.934167;46
777975;858571;4;0;2023-12-07 12:03:28.934167;46
815642;643999;6;0;2023-12-07 12:03:28.934167;46
365874;48851;8;0;2023-12-07 12:03:28.934801;46
40126;37028;10;0;2023-12-07 12:03:28.947122;47
40450;40180;12;0;2023-12-07 12:03:28.947122;47
40262;40189;14;0;2023-12-07 12:03:28.947122;47
40144;40046;0;0;2023-12-07 12:03:28.947122;47
344384;595243;2;0;2023-12-07 12:03:28.947122;47
778264;858890;4;0;2023-12-07 12:03:28.947122;47
815945;644239;6;0;2023-12-07 12:03:28.947122;47
366011;48869;8;0;2023-12-07 12:03:28.947122;47
40141;37042;10;0;2023-12-07 12:03:28.947826;47
40465;40195;12;0;2023-12-07 12:03:28.960107;48
40277;40204;14;0;2023-12-07 12:03:28.960107;48
40159;40061;0;0;2023-12-07 12:03:28.960107;48
344512;595464;2;0;2023-12-07 12:03:28.960107;48
778553;859209;4;0;2023-12-07 12:03:28.960107;48
816249;644479;6;0;2023-12-07 12:03:28.960107;48
366148;48888;8;0;2023-12-07 12:03:28.960107;48
40156;37056;10;0;2023-12-07 12:03:28.960107;48
40480;40210;12;0;2023-12-07 12:03:28.960107;48
40292;40219;14;0;2023-12-07 12:03:28.973109;49
40174;40076;0;0;2023-12-07 12:03:28.973109;49
344640;595685;2;0;2023-12-07 12:03:28.973109;49
778841;859528;4;0;2023-12-07 12:03:28.973109;49
816552;644718;6;0;2023-12-07 12:03:28.973109;49
366284;48906;8;0;2023-12-07 12:03:28.973109;49
40171;37070;10;0;2023-12-07 12:03:28.973109;49
40495;40225;12;0;2023-12-07 12:03:28.973109;49
40307;40234;14;0;2023-12-07 12:03:28.973109;49
40189;40091;0;0;2023-12-07 12:03:28.989055;50
344769;595907;2;0;2023-12-07 12:03:28.989055;50
779130;859847;4;0;2023-12-07 12:03:28.989232;50
816855;644957;6;0;2023-12-07 12:03:28.989232;50
366419;48924;8;0;2023-12-07 12:03:28.989232;50
40186;37083;10;0;2023-12-07 12:03:28.989232;50
40510;40240;12;0;2023-12-07 12:03:28.989232;50
40321;40249;14;0;2023-12-07 12:03:28.989232;50
40204;40105;0;0;2023-12-07 12:03:28.989232;50
344897;596128;2;0;2023-12-07 12:03:29.001266;51
779419;860165;4;0;2023-12-07 12:03:29.001266;51
817157;645196;6;0;2023-12-07 12:03:29.001266;51
366554;48942;8;0;2023-12-07 12:03:29.001266;51
40201;37097;10;0;2023-12-07 12:03:29.002266;51
40525;40255;12;0;2023-12-07 12:03:29.002266;51
40335;40264;14;0;2023-12-07 12:03:29.002266;51
40219;40120;0;0;2023-12-07 12:03:29.002266;51
345025;596349;2;0;2023-12-07 12:03:29.002266;51
779708;860483;4;0;2023-12-07 12:03:29.016250;52
817460;645435;6;0;2023-12-07 12:03:29.016250;52
366690;48960;8;0;2023-12-07 12:03:29.016250;52
40216;37110;10;0;2023-12-07 12:03:29.016250;52
40540;40269;12;0;2023-12-07 12:03:29.016250;52
40350;40279;14;0;2023-12-07 12:03:29.016250;52
40234;40135;0;0;2023-12-07 12:03:29.016250;52
345153;596569;2;0;2023-12-07 12:03:29.016250;52
779997;860801;4;0;2023-12-07 12:03:29.016250;52
817762;645674;6;0;2023-12-07 12:03:29.028715;53
366826;48979;8;0;2023-12-07 12:03:29.028715;53
40231;37123;10;0;2023-12-07 12:03:29.028715;53
40555;40283;12;0;2023-12-07 12:03:29.028715;53
40365;40293;14;0;2023-12-07 12:03:29.028715;53
40249;40150;0;0;2023-12-07 12:03:29.028715;53
345281;596790;2;0;2023-12-07 12:03:29.029561;53
780285;861120;4;0;2023-12-07 12:03:29.029561;53
818065;645913;6;0;2023-12-07 12:03:29.029561;53
366962;48997;8;0;2023-12-07 12:03:29.041723;54
40246;37136;10;0;2023-12-07 12:03:29.041723;54
40570;40298;12;0;2023-12-07 12:03:29.041723;54
40380;40308;14;0;2023-12-07 12:03:29.041723;54
40263;40164;0;0;2023-12-07 12:03:29.041723;54
345409;597011;2;0;2023-12-07 12:03:29.041723;54
780574;861439;4;0;2023-12-07 12:03:29.041723;54
818368;646152;6;0;2023-12-07 12:03:29.041723;54
367098;49015;8;0;2023-12-07 12:03:29.041723;54
40261;37150;10;0;2023-12-07 12:03:29.054545;55
40585;40313;12;0;2023-12-07 12:03:29.054545;55
40395;40323;14;0;2023-12-07 12:03:29.054545;55
40278;40178;0;0;2023-12-07 12:03:29.054545;55
345536;597231;2;0;2023-12-07 12:03:29.054545;55
780862;861757;4;0;2023-12-07 12:03:29.054545;55
818671;646390;6;0;2023-12-07 12:03:29.054545;55
367234;49034;8;0;2023-12-07 12:03:29.055467;55
40276;37164;10;0;2023-12-07 12:03:29.055467;55
40600;40327;12;0;2023-12-07 12:03:29.067944;56
40409;40337;14;0;2023-12-07 12:03:29.067944;56
40292;40193;0;0;2023-12-07 12:03:29.067944;56
345665;597452;2;0;2023-12-07 12:03:29.067944;56
781151;862076;4;0;2023-12-07 12:03:29.067944;56
818974;646628;6;0;2023-12-07 12:03:29.067944;56
367370;49053;8;0;2023-12-07 12:03:29.067944;56
40291;37178;10;0;2023-12-07 12:03:29.067944;56
40615;40342;12;0;2023-12-07 12:03:29.067944;56
40424;40351;14;0;2023-12-07 12:03:29.080467;57
40307;40208;0;0;2023-12-07 12:03:29.080467;57
345793;597674;2;0;2023-12-07 12:03:29.080467;57
781441;862396;4;0;2023-12-07 12:03:29.080467;57
819277;646869;6;0;2023-12-07 12:03:29.080467;57
367507;49071;8;0;2023-12-07 12:03:29.080467;57
40306;37191;10;0;2023-12-07 12:03:29.080467;57
40630;40356;12;0;2023-12-07 12:03:29.080467;57
40439;40366;14;0;2023-12-07 12:03:29.080467;57
40322;40223;0;0;2023-12-07 12:03:29.096622;58
345921;597895;2;0;2023-12-07 12:03:29.097485;58
781730;862714;4;0;2023-12-07 12:03:29.097485;58
819579;647108;6;0;2023-12-07 12:03:29.097485;58
367643;49089;8;0;2023-12-07 12:03:29.097485;58
40321;37205;10;0;2023-12-07 12:03:29.097485;58
40645;40371;12;0;2023-12-07 12:03:29.098471;58
40453;40381;14;0;2023-12-07 12:03:29.098471;58
40337;40237;0;0;2023-12-07 12:03:29.098471;58
346049;598117;2;0;2023-12-07 12:03:29.110502;59
782019;863033;4;0;2023-12-07 12:03:29.110502;59
819881;647348;6;0;2023-12-07 12:03:29.110502;59
367779;49107;8;0;2023-12-07 12:03:29.110502;59
40335;37219;10;0;2023-12-07 12:03:29.110502;59
40660;40386;12;0;2023-12-07 12:03:29.110502;59
40467;40396;14;0;2023-12-07 12:03:29.110502;59
40352;40251;0;0;2023-12-07 12:03:29.110502;59
346177;598338;2;0;2023-12-07 12:03:29.110502;59
782306;863351;4;0;2023-12-07 12:03:29.123895;60
820184;647587;6;0;2023-12-07 12:03:29.123895;60
367915;49126;8;0;2023-12-07 12:03:29.123895;60
40350;37233;10;0;2023-12-07 12:03:29.123895;60
40675;40401;12;0;2023-12-07 12:03:29.123895;60
40482;40411;14;0;2023-12-07 12:03:29.123895;60
40367;40265;0;0;2023-12-07 12:03:29.123895;60
346305;598559;2;0;2023-12-07 12:03:29.123895;60
782595;863670;4;0;2023-12-07 12:03:29.123895;60
820486;647826;6;0;2023-12-07 12:03:29.136742;61
368050;49144;8;0;2023-12-07 12:03:29.136904;61
40365;37247;10;0;2023-12-07 12:03:29.136904;61
40690;40416;12;0;2023-12-07 12:03:29.136904;61
40497;40426;14;0;2023-12-07 12:03:29.136904;61
40382;40280;0;0;2023-12-07 12:03:29.136904;61
346432;598780;2;0;2023-12-07 12:03:29.136904;61
782884;863988;4;0;2023-12-07 12:03:29.136904;61
820788;648065;6;0;2023-12-07 12:03:29.136904;61
368185;49162;8;0;2023-12-07 12:03:29.149734;62
40380;37260;10;0;2023-12-07 12:03:29.149734;62
40705;40431;12;0;2023-12-07 12:03:29.149734;62
40513;40441;14;0;2023-12-07 12:03:29.149734;62
40397;40294;0;0;2023-12-07 12:03:29.149734;62
346560;599001;2;0;2023-12-07 12:03:29.149734;62
783173;864307;4;0;2023-12-07 12:03:29.149734;62
821090;648304;6;0;2023-12-07 12:03:29.149734;62
368321;49180;8;0;2023-12-07 12:03:29.149734;62
40395;37274;10;0;2023-12-07 12:03:29.162232;63
40720;40446;12;0;2023-12-07 12:03:29.162232;63
40528;40456;14;0;2023-12-07 12:03:29.162232;63
40412;40309;0;0;2023-12-07 12:03:29.162232;63
346687;599222;2;0;2023-12-07 12:03:29.162232;63
783462;864625;4;0;2023-12-07 12:03:29.162232;63
821393;648543;6;0;2023-12-07 12:03:29.162232;63
368457;49198;8;0;2023-12-07 12:03:29.162232;63
40410;37287;10;0;2023-12-07 12:03:29.162232;63
40735;40460;12;0;2023-12-07 12:03:29.175621;64
40543;40471;14;0;2023-12-07 12:03:29.175621;64
40427;40323;0;0;2023-12-07 12:03:29.175621;64
346815;599443;2;0;2023-12-07 12:03:29.175621;64
783751;864944;4;0;2023-12-07 12:03:29.175621;64
821696;648782;6;0;2023-12-07 12:03:29.175621;64
368592;49216;8;0;2023-12-07 12:03:29.175621;64
40424;37301;10;0;2023-12-07 12:03:29.175621;64
40750;40475;12;0;2023-12-07 12:03:29.175621;64
40558;40486;14;0;2023-12-07 12:03:29.189249;65
40442;40338;0;0;2023-12-07 12:03:29.190243;65
346943;599664;2;0;2023-12-07 12:03:29.190243;65
784040;865262;4;0;2023-12-07 12:03:29.191358;65
821998;649020;6;0;2023-12-07 12:03:29.191918;65
368727;49234;8;0;2023-12-07 12:03:29.191918;65
40439;37315;10;0;2023-12-07 12:03:29.192238;65
40765;40490;12;0;2023-12-07 12:03:29.192238;65
40572;40501;14;0;2023-12-07 12:03:29.192238;65
40457;40352;0;0;2023-12-07 12:03:29.204652;66
347070;599885;2;0;2023-12-07 12:03:29.204652;66
784328;865580;4;0;2023-12-07 12:03:29.204652;66
822301;649259;6;0;2023-12-07 12:03:29.204652;66
368863;49253;8;0;2023-12-07 12:03:29.204652;66
40454;37329;10;0;2023-12-07 12:03:29.205287;66
40780;40505;12;0;2023-12-07 12:03:29.205287;66
40587;40515;14;0;2023-12-07 12:03:29.205287;66
40472;40368;0;0;2023-12-07 12:03:29.205287;66
347198;600106;2;0;2023-12-07 12:03:29.218629;67
784617;865899;4;0;2023-12-07 12:03:29.218629;67
822604;649498;6;0;2023-12-07 12:03:29.218629;67
368999;49272;8;0;2023-12-07 12:03:29.218629;67
40469;37342;10;0;2023-12-07 12:03:29.218629;67
40795;40520;12;0;2023-12-07 12:03:29.218629;67
40602;40530;14;0;2023-12-07 12:03:29.218629;67
40487;40383;0;0;2023-12-07 12:03:29.219235;67
347326;600326;2;0;2023-12-07 12:03:29.219235;67
784906;866217;4;0;2023-12-07 12:03:29.231371;68
822906;649736;6;0;2023-12-07 12:03:29.231371;68
369135;49290;8;0;2023-12-07 12:03:29.231371;68
40484;37356;10;0;2023-12-07 12:03:29.231371;68
40810;40535;12;0;2023-12-07 12:03:29.231371;68
40617;40545;14;0;2023-12-07 12:03:29.231371;68
40502;40398;0;0;2023-12-07 12:03:29.231371;68
347454;600547;2;0;2023-12-07 12:03:29.232233;68
785194;866535;4;0;2023-12-07 12:03:29.232233;68
823208;649974;6;0;2023-12-07 12:03:29.244026;69
369270;49308;8;0;2023-12-07 12:03:29.244026;69
40498;37369;10;0;2023-12-07 12:03:29.244026;69
40825;40550;12;0;2023-12-07 12:03:29.245039;69
40632;40560;14;0;2023-12-07 12:03:29.245039;69
40517;40413;0;0;2023-12-07 12:03:29.245039;69
347581;600768;2;0;2023-12-07 12:03:29.245039;69
785483;866853;4;0;2023-12-07 12:03:29.245039;69
823510;650212;6;0;2023-12-07 12:03:29.245039;69
369405;49325;8;0;2023-12-07 12:03:29.257196;70
40513;37383;10;0;2023-12-07 12:03:29.257196;70
40840;40565;12;0;2023-12-07 12:03:29.257196;70
40647;40575;14;0;2023-12-07 12:03:29.257196;70
40532;40428;0;0;2023-12-07 12:03:29.257196;70
347709;600989;2;0;2023-12-07 12:03:29.257196;70
785772;867172;4;0;2023-12-07 12:03:29.258036;70
823813;650451;6;0;2023-12-07 12:03:29.258036;70
369541;49343;8;0;2023-12-07 12:03:29.258036;70
40528;37397;10;0;2023-12-07 12:03:29.270065;71
40855;40580;12;0;2023-12-07 12:03:29.270065;71
40662;40590;14;0;2023-12-07 12:03:29.270065;71
40547;40443;0;0;2023-12-07 12:03:29.270065;71
347837;601210;2;0;2023-12-07 12:03:29.270065;71
786062;867491;4;0;2023-12-07 12:03:29.270065;71
824115;650690;6;0;2023-12-07 12:03:29.270065;71
369676;49361;8;0;2023-12-07 12:03:29.270065;71
40543;37411;10;0;2023-12-07 12:03:29.270065;71
40870;40595;12;0;2023-12-07 12:03:29.283037;72
40677;40605;14;0;2023-12-07 12:03:29.283037;72
40562;40457;0;0;2023-12-07 12:03:29.283037;72
347965;601430;2;0;2023-12-07 12:03:29.283037;72
786351;867809;4;0;2023-12-07 12:03:29.283037;72
824418;650929;6;0;2023-12-07 12:03:29.283037;72
369812;49379;8;0;2023-12-07 12:03:29.283037;72
40558;37425;10;0;2023-12-07 12:03:29.283037;72
40885;40610;12;0;2023-12-07 12:03:29.283037;72
40692;40620;14;0;2023-12-07 12:03:29.296070;73
40577;40472;0;0;2023-12-07 12:03:29.296070;73
348093;601651;2;0;2023-12-07 12:03:29.296070;73
786640;868128;4;0;2023-12-07 12:03:29.296070;73
824722;651168;6;0;2023-12-07 12:03:29.296070;73
369948;49398;8;0;2023-12-07 12:03:29.296070;73
40573;37439;10;0;2023-12-07 12:03:29.296070;73
40900;40625;12;0;2023-12-07 12:03:29.296070;73
40706;40635;14;0;2023-12-07 12:03:29.296070;73
40592;40487;0;0;2023-12-07 12:03:29.312027;74
348221;601872;2;0;2023-12-07 12:03:29.312453;74
786929;868446;4;0;2023-12-07 12:03:29.312453;74
825025;651407;6;0;2023-12-07 12:03:29.312453;74
370085;49417;8;0;2023-12-07 12:03:29.312453;74
40588;37453;10;0;2023-12-07 12:03:29.312453;74
40915;40640;12;0;2023-12-07 12:03:29.312453;74
40720;40650;14;0;2023-12-07 12:03:29.312453;74
40607;40502;0;0;2023-12-07 12:03:29.312453;74
348349;602093;2;0;2023-12-07 12:03:29.326320;75
787218;868765;4;0;2023-12-07 12:03:29.326320;75
825328;651647;6;0;2023-12-07 12:03:29.326320;75
370221;49435;8;0;2023-12-07 12:03:29.326320;75
40602;37467;10;0;2023-12-07 12:03:29.326320;75
40930;40655;12;0;2023-12-07 12:03:29.326320;75
40735;40665;14;0;2023-12-07 12:03:29.326320;75
40622;40517;0;0;2023-12-07 12:03:29.326320;75
348477;602314;2;0;2023-12-07 12:03:29.326320;75
787507;869084;4;0;2023-12-07 12:03:29.339941;76
825631;651886;6;0;2023-12-07 12:03:29.341085;76
370357;49453;8;0;2023-12-07 12:03:29.341969;76
40617;37481;10;0;2023-12-07 12:03:29.341969;76
40945;40670;12;0;2023-12-07 12:03:29.341969;76
40750;40680;14;0;2023-12-07 12:03:29.342924;76
40637;40532;0;0;2023-12-07 12:03:29.342924;76
348605;602535;2;0;2023-12-07 12:03:29.342924;76
787796;869404;4;0;2023-12-07 12:03:29.342924;76
825935;652126;6;0;2023-12-07 12:03:29.352093;77
370493;49471;8;0;2023-12-07 12:03:29.352093;77
40631;37495;10;0;2023-12-07 12:03:29.353112;77
40960;40684;12;0;2023-12-07 12:03:29.353112;77
40765;40695;14;0;2023-12-07 12:03:29.353112;77
40652;40547;0;0;2023-12-07 12:03:29.353624;77
348733;602756;2;0;2023-12-07 12:03:29.353815;77
788084;869722;4;0;2023-12-07 12:03:29.354110;77
826237;652365;6;0;2023-12-07 12:03:29.354274;77
370628;49489;8;0;2023-12-07 12:03:29.365108;78
40645;37508;10;0;2023-12-07 12:03:29.365108;78
40975;40699;12;0;2023-12-07 12:03:29.365108;78
40780;40710;14;0;2023-12-07 12:03:29.365108;78
40667;40562;0;0;2023-12-07 12:03:29.365108;78
348861;602978;2;0;2023-12-07 12:03:29.365108;78
788373;870040;4;0;2023-12-07 12:03:29.365108;78
826540;652604;6;0;2023-12-07 12:03:29.366180;78
370763;49506;8;0;2023-12-07 12:03:29.366180;78
40660;37522;10;0;2023-12-07 12:03:29.378216;79
40990;40714;12;0;2023-12-07 12:03:29.378216;79
40795;40725;14;0;2023-12-07 12:03:29.378216;79
40682;40577;0;0;2023-12-07 12:03:29.378216;79
348989;603199;2;0;2023-12-07 12:03:29.378216;79
788662;870359;4;0;2023-12-07 12:03:29.378216;79
826842;652843;6;0;2023-12-07 12:03:29.378216;79
370899;49524;8;0;2023-12-07 12:03:29.378216;79
40675;37535;10;0;2023-12-07 12:03:29.378216;79
41005;40729;12;0;2023-12-07 12:03:29.391188;80
40810;40739;14;0;2023-12-07 12:03:29.391188;80
40697;40592;0;0;2023-12-07 12:03:29.391188;80
349117;603420;2;0;2023-12-07 12:03:29.391188;80
788950;870678;4;0;2023-12-07 12:03:29.391188;80
827145;653082;6;0;2023-12-07 12:03:29.391188;80
371034;49543;8;0;2023-12-07 12:03:29.391188;80
40690;37549;10;0;2023-12-07 12:03:29.391188;80
41020;40744;12;0;2023-12-07 12:03:29.391188;80
40825;40754;14;0;2023-12-07 12:03:29.403791;81
40712;40607;0;0;2023-12-07 12:03:29.403791;81
349245;603641;2;0;2023-12-07 12:03:29.403791;81
789239;870997;4;0;2023-12-07 12:03:29.403791;81
827448;653321;6;0;2023-12-07 12:03:29.403791;81
371169;49561;8;0;2023-12-07 12:03:29.403791;81
40704;37563;10;0;2023-12-07 12:03:29.403791;81
41035;40759;12;0;2023-12-07 12:03:29.403791;81
40840;40769;14;0;2023-12-07 12:03:29.404792;81
40727;40622;0;0;2023-12-07 12:03:29.420157;82
349373;603862;2;0;2023-12-07 12:03:29.420157;82
789528;871316;4;0;2023-12-07 12:03:29.420157;82
827751;653560;6;0;2023-12-07 12:03:29.420157;82
371306;49580;8;0;2023-12-07 12:03:29.420157;82
40719;37577;10;0;2023-12-07 12:03:29.420157;82
41050;40774;12;0;2023-12-07 12:03:29.420157;82
40855;40784;14;0;2023-12-07 12:03:29.420157;82
40741;40637;0;0;2023-12-07 12:03:29.420157;82
349501;604082;2;0;2023-12-07 12:03:29.434722;83
789816;871635;4;0;2023-12-07 12:03:29.436032;83
828053;653799;6;0;2023-12-07 12:03:29.436784;83
371442;49598;8;0;2023-12-07 12:03:29.437800;83
40734;37591;10;0;2023-12-07 12:03:29.438720;83
41065;40789;12;0;2023-12-07 12:03:29.438720;83
40870;40799;14;0;2023-12-07 12:03:29.439723;83
40755;40652;0;0;2023-12-07 12:03:29.439723;83
349629;604303;2;0;2023-12-07 12:03:29.440359;83
790105;871954;4;0;2023-12-07 12:03:29.447425;84
828356;654038;6;0;2023-12-07 12:03:29.447425;84
371577;49616;8;0;2023-12-07 12:03:29.447425;84
40749;37605;10;0;2023-12-07 12:03:29.447425;84
41080;40804;12;0;2023-12-07 12:03:29.447425;84
40885;40814;14;0;2023-12-07 12:03:29.447425;84
40770;40667;0;0;2023-12-07 12:03:29.447425;84
349757;604523;2;0;2023-12-07 12:03:29.448428;84
790393;872272;4;0;2023-12-07 12:03:29.448428;84
828660;654277;6;0;2023-12-07 12:03:29.459463;85
371713;49634;8;0;2023-12-07 12:03:29.459463;85
40764;37619;10;0;2023-12-07 12:03:29.459463;85
41095;40819;12;0;2023-12-07 12:03:29.459463;85
40900;40829;14;0;2023-12-07 12:03:29.460423;85
40785;40682;0;0;2023-12-07 12:03:29.460423;85
349885;604743;2;0;2023-12-07 12:03:29.460423;85
790682;872591;4;0;2023-12-07 12:03:29.460423;85
828963;654516;6;0;2023-12-07 12:03:29.460423;85
371849;49652;8;0;2023-12-07 12:03:29.473148;86
40779;37632;10;0;2023-12-07 12:03:29.473148;86
41110;40834;12;0;2023-12-07 12:03:29.473148;86
40915;40844;14;0;2023-12-07 12:03:29.473423;86
40800;40696;0;0;2023-12-07 12:03:29.473423;86
350012;604964;2;0;2023-12-07 12:03:29.473423;86
790971;872910;4;0;2023-12-07 12:03:29.473423;86
829266;654756;6;0;2023-12-07 12:03:29.473423;86
371985;49670;8;0;2023-12-07 12:03:29.473423;86
40793;37647;10;0;2023-12-07 12:03:29.485452;87
41125;40849;12;0;2023-12-07 12:03:29.485452;87
40930;40859;14;0;2023-12-07 12:03:29.485452;87
40815;40710;0;0;2023-12-07 12:03:29.485452;87
350139;605185;2;0;2023-12-07 12:03:29.485452;87
791259;873229;4;0;2023-12-07 12:03:29.485452;87
829570;654995;6;0;2023-12-07 12:03:29.485452;87
372121;49688;8;0;2023-12-07 12:03:29.486455;87
40808;37661;10;0;2023-12-07 12:03:29.486455;87
41140;40864;12;0;2023-12-07 12:03:29.498420;88
40945;40874;14;0;2023-12-07 12:03:29.498420;88
40830;40725;0;0;2023-12-07 12:03:29.498420;88
350266;605406;2;0;2023-12-07 12:03:29.498420;88
791548;873547;4;0;2023-12-07 12:03:29.498420;88
829873;655234;6;0;2023-12-07 12:03:29.498420;88
372257;49707;8;0;2023-12-07 12:03:29.498420;88
40823;37675;10;0;2023-12-07 12:03:29.498420;88
41155;40879;12;0;2023-12-07 12:03:29.498420;88
40960;40889;14;0;2023-12-07 12:03:29.513073;89
40845;40740;0;0;2023-12-07 12:03:29.513073;89
350394;605627;2;0;2023-12-07 12:03:29.513073;89
791836;873867;4;0;2023-12-07 12:03:29.513073;89
830175;655473;6;0;2023-12-07 12:03:29.513073;89
372393;49725;8;0;2023-12-07 12:03:29.513073;89
40838;37689;10;0;2023-12-07 12:03:29.513073;89
41170;40894;12;0;2023-12-07 12:03:29.513073;89
40975;40904;14;0;2023-12-07 12:03:29.513073;89
40860;40755;0;0;2023-12-07 12:03:29.528578;90
350522;605848;2;0;2023-12-07 12:03:29.528578;90
792125;874185;4;0;2023-12-07 12:03:29.528578;90
830478;655712;6;0;2023-12-07 12:03:29.528578;90
372528;49743;8;0;2023-12-07 12:03:29.528578;90
40853;37702;10;0;2023-12-07 12:03:29.528578;90
41185;40909;12;0;2023-12-07 12:03:29.528578;90
40990;40919;14;0;2023-12-07 12:03:29.528578;90
40875;40769;0;0;2023-12-07 12:03:29.528578;90
350650;606069;2;0;2023-12-07 12:03:29.542061;91
792413;874502;4;0;2023-12-07 12:03:29.542061;91
830781;655950;6;0;2023-12-07 12:03:29.542061;91
372663;49761;8;0;2023-12-07 12:03:29.542061;91
40868;37715;10;0;2023-12-07 12:03:29.542061;91
41200;40924;12;0;2023-12-07 12:03:29.542061;91
41005;40934;14;0;2023-12-07 12:03:29.542061;91
40890;40784;0;0;2023-12-07 12:03:29.542061;91
350778;606290;2;0;2023-12-07 12:03:29.542061;91
792702;874820;4;0;2023-12-07 12:03:29.554921;92
831083;656189;6;0;2023-12-07 12:03:29.554921;92
372798;49779;8;0;2023-12-07 12:03:29.554921;92
40883;37729;10;0;2023-12-07 12:03:29.554921;92
41215;40938;12;0;2023-12-07 12:03:29.554921;92
41020;40949;14;0;2023-12-07 12:03:29.554921;92
40905;40799;0;0;2023-12-07 12:03:29.554921;92
350906;606511;2;0;2023-12-07 12:03:29.554921;92
792990;875138;4;0;2023-12-07 12:03:29.554921;92
831386;656428;6;0;2023-12-07 12:03:29.567869;93
372933;49797;8;0;2023-12-07 12:03:29.567869;93
40898;37743;10;0;2023-12-07 12:03:29.567869;93
41230;40953;12;0;2023-12-07 12:03:29.567869;93
41035;40964;14;0;2023-12-07 12:03:29.567869;93
40920;40814;0;0;2023-12-07 12:03:29.567869;93
351034;606732;2;0;2023-12-07 12:03:29.567869;93
793279;875457;4;0;2023-12-07 12:03:29.567869;93
831689;656667;6;0;2023-12-07 12:03:29.567869;93
373068;49815;8;0;2023-12-07 12:03:29.580835;94
40913;37756;10;0;2023-12-07 12:03:29.580835;94
41245;40968;12;0;2023-12-07 12:03:29.580835;94
41050;40979;14;0;2023-12-07 12:03:29.580835;94
40935;40829;0;0;2023-12-07 12:03:29.580835;94
351162;606953;2;0;2023-12-07 12:03:29.580835;94
793568;875776;4;0;2023-12-07 12:03:29.580835;94
831992;656906;6;0;2023-12-07 12:03:29.580835;94
373203;49833;8;0;2023-12-07 12:03:29.580835;94
40928;37769;10;0;2023-12-07 12:03:29.593833;95
41260;40983;12;0;2023-12-07 12:03:29.593833;95
41065;40993;14;0;2023-12-07 12:03:29.593833;95
40950;40844;0;0;2023-12-07 12:03:29.593833;95
351290;607173;2;0;2023-12-07 12:03:29.593833;95
793857;876095;4;0;2023-12-07 12:03:29.593833;95
832294;657145;6;0;2023-12-07 12:03:29.593833;95
373339;49850;8;0;2023-12-07 12:03:29.593833;95
40943;37782;10;0;2023-12-07 12:03:29.593833;95
41275;40998;12;0;2023-12-07 12:03:29.607783;96
41080;41008;14;0;2023-12-07 12:03:29.608204;96
40965;40859;0;0;2023-12-07 12:03:29.608798;96
351418;607393;2;0;2023-12-07 12:03:29.608798;96
794146;876413;4;0;2023-12-07 12:03:29.608798;96
832596;657384;6;0;2023-12-07 12:03:29.610173;96
373474;49868;8;0;2023-12-07 12:03:29.610173;96
40959;37796;10;0;2023-12-07 12:03:29.610778;96
41290;41013;12;0;2023-12-07 12:03:29.610778;96
41095;41023;14;0;2023-12-07 12:03:29.621031;97
40980;40874;0;0;2023-12-07 12:03:29.621031;97
351546;607614;2;0;2023-12-07 12:03:29.621031;97
794434;876732;4;0;2023-12-07 12:03:29.621031;97
832899;657623;6;0;2023-12-07 12:03:29.621031;97
373610;49886;8;0;2023-12-07 12:03:29.621817;97
40974;37810;10;0;2023-12-07 12:03:29.621817;97
41305;41028;12;0;2023-12-07 12:03:29.622051;97
41110;41038;14;0;2023-12-07 12:03:29.622051;97
40995;40889;0;0;2023-12-07 12:03:29.636084;98
351673;607835;2;0;2023-12-07 12:03:29.636084;98
794722;877052;4;0;2023-12-07 12:03:29.636084;98
833201;657862;6;0;2023-12-07 12:03:29.637097;98
373746;49904;8;0;2023-12-07 12:03:29.637097;98
40989;37824;10;0;2023-12-07 12:03:29.637097;98
41320;41043;12;0;2023-12-07 12:03:29.637097;98
41125;41053;14;0;2023-12-07 12:03:29.637097;98
41009;40904;0;0;2023-12-07 12:03:29.637097;98
351801;608055;2;0;2023-12-07 12:03:29.649706;99
795011;877371;4;0;2023-12-07 12:03:29.649706;99
833504;658101;6;0;2023-12-07 12:03:29.649706;99
373881;49922;8;0;2023-12-07 12:03:29.649706;99
41004;37838;10;0;2023-12-07 12:03:29.649706;99
41335;41058;12;0;2023-12-07 12:03:29.649706;99
41140;41068;14;0;2023-12-07 12:03:29.649706;99
41024;40919;0;0;2023-12-07 12:03:29.649706;99
351929;608276;2;0;2023-12-07 12:03:29.649706;99
795300;877690;4;0;2023-12-07 12:03:29.662902;100
833806;658339;6;0;2023-12-07 12:03:29.662902;100
374017;49940;8;0;2023-12-07 12:03:29.662902;100
41019;37852;10;0;2023-12-07 12:03:29.662902;100
41349;41072;12;0;2023-12-07 12:03:29.662902;100
41154;41083;14;0;2023-12-07 12:03:29.663358;100
41038;40934;0;0;2023-12-07 12:03:29.663358;100
352057;608498;2;0;2023-12-07 12:03:29.663358;100
795589;878010;4;0;2023-12-07 12:03:29.663358;100
834109;658578;6;0;2023-12-07 12:03:29.675779;101
374153;49958;8;0;2023-12-07 12:03:29.675779;101
41034;37865;10;0;2023-12-07 12:03:29.675779;101
41364;41087;12;0;2023-12-07 12:03:29.675779;101
41169;41098;14;0;2023-12-07 12:03:29.675779;101
41053;40949;0;0;2023-12-07 12:03:29.675779;101
352185;608719;2;0;2023-12-07 12:03:29.675779;101
795878;878329;4;0;2023-12-07 12:03:29.675779;101
834412;658817;6;0;2023-12-07 12:03:29.675779;101
374289;49976;8;0;2023-12-07 12:03:29.688614;102
41048;37879;10;0;2023-12-07 12:03:29.688614;102
41379;41102;12;0;2023-12-07 12:03:29.688614;102
41184;41113;14;0;2023-12-07 12:03:29.688614;102
41068;40964;0;0;2023-12-07 12:03:29.688614;102
352312;608940;2;0;2023-12-07 12:03:29.688614;102
796167;878648;4;0;2023-12-07 12:03:29.688614;102
834714;659056;6;0;2023-12-07 12:03:29.688614;102
374425;49994;8;0;2023-12-07 12:03:29.688614;102
41063;37893;10;0;2023-12-07 12:03:29.701614;103
41394;41117;12;0;2023-12-07 12:03:29.701614;103
41199;41129;14;0;2023-12-07 12:03:29.701614;103
41082;40979;0;0;2023-12-07 12:03:29.701614;103
352440;609161;2;0;2023-12-07 12:03:29.701614;103
796456;878967;4;0;2023-12-07 12:03:29.701614;103
835017;659295;6;0;2023-12-07 12:03:29.701614;103
374561;50012;8;0;2023-12-07 12:03:29.701614;103
41078;37906;10;0;2023-12-07 12:03:29.701614;103
41409;41132;12;0;2023-12-07 12:03:29.714613;104
41214;41144;14;0;2023-12-07 12:03:29.714613;104
41097;40993;0;0;2023-12-07 12:03:29.714613;104
352567;609382;2;0;2023-12-07 12:03:29.714613;104
796745;879286;4;0;2023-12-07 12:03:29.714613;104
835320;659535;6;0;2023-12-07 12:03:29.714613;104
374698;50031;8;0;2023-12-07 12:03:29.714613;104
41093;37920;10;0;2023-12-07 12:03:29.714613;104
41424;41147;12;0;2023-12-07 12:03:29.714613;104
41229;41159;14;0;2023-12-07 12:03:29.728702;105
41112;41007;0;0;2023-12-07 12:03:29.728702;105
352695;609603;2;0;2023-12-07 12:03:29.728702;105
797034;879605;4;0;2023-12-07 12:03:29.728702;105
835624;659773;6;0;2023-12-07 12:03:29.728702;105
374834;50049;8;0;2023-12-07 12:03:29.728702;105
41108;37934;10;0;2023-12-07 12:03:29.728702;105
41440;41162;12;0;2023-12-07 12:03:29.728702;105
41244;41174;14;0;2023-12-07 12:03:29.728702;105
41127;41022;0;0;2023-12-07 12:03:29.744660;106
352822;609824;2;0;2023-12-07 12:03:29.744660;106
797324;879924;4;0;2023-12-07 12:03:29.744660;106
835927;660012;6;0;2023-12-07 12:03:29.744660;106
374970;50067;8;0;2023-12-07 12:03:29.744660;106
41123;37948;10;0;2023-12-07 12:03:29.744660;106
41455;41177;12;0;2023-12-07 12:03:29.744660;106
41259;41189;14;0;2023-12-07 12:03:29.744660;106
41142;41037;0;0;2023-12-07 12:03:29.744660;106
352949;610045;2;0;2023-12-07 12:03:29.757412;107
797613;880242;4;0;2023-12-07 12:03:29.757412;107
836230;660251;6;0;2023-12-07 12:03:29.757412;107
375106;50085;8;0;2023-12-07 12:03:29.757412;107
41138;37961;10;0;2023-12-07 12:03:29.757412;107
41470;41192;12;0;2023-12-07 12:03:29.757412;107
41274;41204;14;0;2023-12-07 12:03:29.757412;107
41157;41052;0;0;2023-12-07 12:03:29.757412;107
353077;610266;2;0;2023-12-07 12:03:29.757412;107
797902;880561;4;0;2023-12-07 12:03:29.770370;108
836533;660490;6;0;2023-12-07 12:03:29.770370;108
375242;50103;8;0;2023-12-07 12:03:29.770370;108
41153;37974;10;0;2023-12-07 12:03:29.770370;108
41485;41207;12;0;2023-12-07 12:03:29.770370;108
41289;41218;14;0;2023-12-07 12:03:29.770370;108
41171;41067;0;0;2023-12-07 12:03:29.770370;108
353204;610487;2;0;2023-12-07 12:03:29.770370;108
798191;880879;4;0;2023-12-07 12:03:29.770370;108
836837;660729;6;0;2023-12-07 12:03:29.783182;109
375379;50121;8;0;2023-12-07 12:03:29.783182;109
41167;37988;10;0;2023-12-07 12:03:29.783182;109
41500;41222;12;0;2023-12-07 12:03:29.783182;109
41305;41233;14;0;2023-12-07 12:03:29.783182;109
41186;41082;0;0;2023-12-07 12:03:29.783182;109
353332;610708;2;0;2023-12-07 12:03:29.783182;109
798480;881198;4;0;2023-12-07 12:03:29.783182;109
837141;660969;6;0;2023-12-07 12:03:29.783182;109
375515;50139;8;0;2023-12-07 12:03:29.796348;110
41182;38001;10;0;2023-12-07 12:03:29.796348;110
41515;41237;12;0;2023-12-07 12:03:29.796348;110
41320;41248;14;0;2023-12-07 12:03:29.796348;110
41201;41097;0;0;2023-12-07 12:03:29.796348;110
353460;610929;2;0;2023-12-07 12:03:29.796348;110
798768;881517;4;0;2023-12-07 12:03:29.796348;110
837444;661208;6;0;2023-12-07 12:03:29.796348;110
375651;50157;8;0;2023-12-07 12:03:29.796348;110
41197;38014;10;0;2023-12-07 12:03:29.809364;111
41530;41252;12;0;2023-12-07 12:03:29.809364;111
41335;41263;14;0;2023-12-07 12:03:29.809364;111
41216;41111;0;0;2023-12-07 12:03:29.809364;111
353587;611150;2;0;2023-12-07 12:03:29.809364;111
799058;881836;4;0;2023-12-07 12:03:29.809364;111
837747;661447;6;0;2023-12-07 12:03:29.809364;111
375787;50175;8;0;2023-12-07 12:03:29.809364;111
41212;38028;10;0;2023-12-07 12:03:29.809364;111
41545;41267;12;0;2023-12-07 12:03:29.822285;112
41350;41278;14;0;2023-12-07 12:03:29.822285;112
41231;41125;0;0;2023-12-07 12:03:29.822285;112
353714;611371;2;0;2023-12-07 12:03:29.822285;112
799347;882155;4;0;2023-12-07 12:03:29.822285;112
838050;661687;6;0;2023-12-07 12:03:29.822285;112
375923;50193;8;0;2023-12-07 12:03:29.822285;112
41227;38041;10;0;2023-12-07 12:03:29.822285;112
41560;41282;12;0;2023-12-07 12:03:29.822285;112
41365;41293;14;0;2023-12-07 12:03:29.836504;113
41245;41140;0;0;2023-12-07 12:03:29.836504;113
353841;611591;2;0;2023-12-07 12:03:29.836504;113
799637;882474;4;0;2023-12-07 12:03:29.836504;113
838353;661925;6;0;2023-12-07 12:03:29.836504;113
376058;50211;8;0;2023-12-07 12:03:29.836504;113
41241;38054;10;0;2023-12-07 12:03:29.836504;113
41575;41297;12;0;2023-12-07 12:03:29.836504;113
41380;41308;14;0;2023-12-07 12:03:29.836504;113
41260;41155;0;0;2023-12-07 12:03:29.852645;114
353969;611811;2;0;2023-12-07 12:03:29.852645;114
799926;882792;4;0;2023-12-07 12:03:29.852645;114
838655;662164;6;0;2023-12-07 12:03:29.852645;114
376194;50229;8;0;2023-12-07 12:03:29.852645;114
41255;38068;10;0;2023-12-07 12:03:29.852645;114
41591;41312;12;0;2023-12-07 12:03:29.852645;114
41395;41323;14;0;2023-12-07 12:03:29.852645;114
41275;41170;0;0;2023-12-07 12:03:29.852645;114
354097;612032;2;0;2023-12-07 12:03:29.865050;115
800214;883111;4;0;2023-12-07 12:03:29.865050;115
838959;662403;6;0;2023-12-07 12:03:29.865050;115
376330;50248;8;0;2023-12-07 12:03:29.865658;115
41269;38081;10;0;2023-12-07 12:03:29.865658;115
41606;41327;12;0;2023-12-07 12:03:29.865658;115
41410;41338;14;0;2023-12-07 12:03:29.865658;115
41290;41185;0;0;2023-12-07 12:03:29.865658;115
354225;612254;2;0;2023-12-07 12:03:29.865658;115
800503;883430;4;0;2023-12-07 12:03:29.878653;116
839262;662643;6;0;2023-12-07 12:03:29.878653;116
376466;50266;8;0;2023-12-07 12:03:29.878653;116
41284;38095;10;0;2023-12-07 12:03:29.878653;116
41621;41342;12;0;2023-12-07 12:03:29.878653;116
41425;41353;14;0;2023-12-07 12:03:29.878653;116
41305;41200;0;0;2023-12-07 12:03:29.878653;116
354353;612474;2;0;2023-12-07 12:03:29.878653;116
800791;883748;4;0;2023-12-07 12:03:29.878653;116
839564;662881;6;0;2023-12-07 12:03:29.891629;117
376601;50284;8;0;2023-12-07 12:03:29.891629;117
41299;38109;10;0;2023-12-07 12:03:29.891629;117
41636;41357;12;0;2023-12-07 12:03:29.891629;117
41440;41368;14;0;2023-12-07 12:03:29.891629;117
41320;41215;0;0;2023-12-07 12:03:29.891629;117
354481;612696;2;0;2023-12-07 12:03:29.891629;117
801080;884067;4;0;2023-12-07 12:03:29.891629;117
839868;663120;6;0;2023-12-07 12:03:29.891629;117
376736;50302;8;0;2023-12-07 12:03:29.905424;118
41314;38122;10;0;2023-12-07 12:03:29.905606;118
41651;41372;12;0;2023-12-07 12:03:29.906609;118
41454;41383;14;0;2023-12-07 12:03:29.906609;118
41335;41230;0;0;2023-12-07 12:03:29.907605;118
354609;612917;2;0;2023-12-07 12:03:29.907605;118
801369;884386;4;0;2023-12-07 12:03:29.908633;118
840171;663359;6;0;2023-12-07 12:03:29.908633;118
376873;50321;8;0;2023-12-07 12:03:29.909627;118
41329;38135;10;0;2023-12-07 12:03:29.916602;119
41666;41386;12;0;2023-12-07 12:03:29.916602;119
41469;41398;14;0;2023-12-07 12:03:29.917599;119
41350;41245;0;0;2023-12-07 12:03:29.917599;119
354737;613138;2;0;2023-12-07 12:03:29.917599;119
801658;884705;4;0;2023-12-07 12:03:29.917599;119
840474;663598;6;0;2023-12-07 12:03:29.917599;119
377009;50339;8;0;2023-12-07 12:03:29.917599;119
41344;38149;10;0;2023-12-07 12:03:29.917599;119
41680;41401;12;0;2023-12-07 12:03:29.930150;120
41484;41413;14;0;2023-12-07 12:03:29.930150;120
41366;41260;0;0;2023-12-07 12:03:29.930150;120
354865;613358;2;0;2023-12-07 12:03:29.930150;120
801946;885024;4;0;2023-12-07 12:03:29.930598;120
840776;663837;6;0;2023-12-07 12:03:29.930598;120
377144;50357;8;0;2023-12-07 12:03:29.930598;120
41359;38163;10;0;2023-12-07 12:03:29.930598;120
41695;41415;12;0;2023-12-07 12:03:29.930598;120
41499;41428;14;0;2023-12-07 12:03:29.944326;121
41381;41275;0;0;2023-12-07 12:03:29.944326;121
354992;613579;2;0;2023-12-07 12:03:29.944326;121
802235;885342;4;0;2023-12-07 12:03:29.944326;121
841079;664076;6;0;2023-12-07 12:03:29.944326;121
377279;50375;8;0;2023-12-07 12:03:29.944326;121
41374;38177;10;0;2023-12-07 12:03:29.944326;121
41710;41430;12;0;2023-12-07 12:03:29.944869;121
41514;41443;14;0;2023-12-07 12:03:29.944869;121
41396;41290;0;0;2023-12-07 12:03:29.960144;122
355120;613800;2;0;2023-12-07 12:03:29.960144;122
802524;885662;4;0;2023-12-07 12:03:29.960144;122
841382;664315;6;0;2023-12-07 12:03:29.960144;122
377414;50393;8;0;2023-12-07 12:03:29.960144;122
41389;38191;10;0;2023-12-07 12:03:29.960144;122
41725;41445;12;0;2023-12-07 12:03:29.960144;122
41529;41458;14;0;2023-12-07 12:03:29.960144;122
41411;41305;0;0;2023-12-07 12:03:29.960144;122
355248;614021;2;0;2023-12-07 12:03:29.973056;123
802813;885982;4;0;2023-12-07 12:03:29.973056;123
841685;664555;6;0;2023-12-07 12:03:29.973056;123
377550;50411;8;0;2023-12-07 12:03:29.973056;123
41404;38205;10;0;2023-12-07 12:03:29.973056;123
41740;41459;12;0;2023-12-07 12:03:29.973056;123
41544;41473;14;0;2023-12-07 12:03:29.973056;123
41426;41320;0;0;2023-12-07 12:03:29.973056;123
355376;614242;2;0;2023-12-07 12:03:29.973056;123
803102;886301;4;0;2023-12-07 12:03:29.986364;124
841988;664794;6;0;2023-12-07 12:03:29.986364;124
377686;50429;8;0;2023-12-07 12:03:29.986364;124
41419;38219;10;0;2023-12-07 12:03:29.986364;124
41754;41474;12;0;2023-12-07 12:03:29.986364;124
41559;41488;14;0;2023-12-07 12:03:29.986364;124
41441;41335;0;0;2023-12-07 12:03:29.986364;124
355504;614463;2;0;2023-12-07 12:03:29.986364;124
803391;886620;4;0;2023-12-07 12:03:29.986364;124
842292;665033;6;0;2023-12-07 12:03:29.999008;125
377822;50447;8;0;2023-12-07 12:03:29.999008;125
41434;38233;10;0;2023-12-07 12:03:29.999008;125
41769;41489;12;0;2023-12-07 12:03:29.999326;125
41574;41504;14;0;2023-12-07 12:03:29.999326;125
41456;41350;0;0;2023-12-07 12:03:29.999326;125
355632;614685;2;0;2023-12-07 12:03:29.999326;125
803680;886939;4;0;2023-12-07 12:03:29.999326;125
842597;665272;6;0;2023-12-07 12:03:29.999326;125
377958;50465;8;0;2023-12-07 12:03:30.011957;126
41449;38247;10;0;2023-12-07 12:03:30.011957;126
41784;41504;12;0;2023-12-07 12:03:30.011957;126
41589;41519;14;0;2023-12-07 12:03:30.011957;126
41471;41365;0;0;2023-12-07 12:03:30.011957;126
355760;614907;2;0;2023-12-07 12:03:30.011957;126
803969;887258;4;0;2023-12-07 12:03:30.011957;126
842900;665511;6;0;2023-12-07 12:03:30.011957;126
378094;50483;8;0;2023-12-07 12:03:30.012359;126
41464;38261;10;0;2023-12-07 12:03:30.024505;127
41799;41519;12;0;2023-12-07 12:03:30.024505;127
41604;41534;14;0;2023-12-07 12:03:30.024505;127
41486;41380;0;0;2023-12-07 12:03:30.024505;127
355888;615127;2;0;2023-12-07 12:03:30.024505;127
804258;887577;4;0;2023-12-07 12:03:30.024505;127
843202;665751;6;0;2023-12-07 12:03:30.024505;127
378230;50502;8;0;2023-12-07 12:03:30.024505;127
41479;38274;10;0;2023-12-07 12:03:30.024505;127
41814;41534;12;0;2023-12-07 12:03:30.037941;128
41618;41549;14;0;2023-12-07 12:03:30.037941;128
41501;41395;0;0;2023-12-07 12:03:30.037941;128
356016;615347;2;0;2023-12-07 12:03:30.037941;128
804547;887896;4;0;2023-12-07 12:03:30.037941;128
843505;665991;6;0;2023-12-07 12:03:30.037941;128
378366;50520;8;0;2023-12-07 12:03:30.037941;128
41494;38288;10;0;2023-12-07 12:03:30.037941;128
41829;41549;12;0;2023-12-07 12:03:30.037941;128
41633;41564;14;0;2023-12-07 12:03:30.051476;129
41516;41409;0;0;2023-12-07 12:03:30.051476;129
356144;615568;2;0;2023-12-07 12:03:30.051476;129
804836;888215;4;0;2023-12-07 12:03:30.051476;129
843807;666230;6;0;2023-12-07 12:03:30.051476;129
378503;50539;8;0;2023-12-07 12:03:30.051476;129
41509;38302;10;0;2023-12-07 12:03:30.051476;129
41844;41564;12;0;2023-12-07 12:03:30.051476;129
41648;41579;14;0;2023-12-07 12:03:30.051476;129
41531;41424;0;0;2023-12-07 12:03:30.067478;130
356271;615788;2;0;2023-12-07 12:03:30.067478;130
805124;888534;4;0;2023-12-07 12:03:30.067478;130
844109;666468;6;0;2023-12-07 12:03:30.067478;130
378639;50557;8;0;2023-12-07 12:03:30.067478;130
41524;38315;10;0;2023-12-07 12:03:30.067478;130
41859;41579;12;0;2023-12-07 12:03:30.067478;130
41663;41594;14;0;2023-12-07 12:03:30.067478;130
41546;41439;0;0;2023-12-07 12:03:30.067478;130
356398;616009;2;0;2023-12-07 12:03:30.080907;131
805412;888853;4;0;2023-12-07 12:03:30.080907;131
844411;666707;6;0;2023-12-07 12:03:30.080907;131
378775;50575;8;0;2023-12-07 12:03:30.080907;131
41539;38328;10;0;2023-12-07 12:03:30.080907;131
41874;41594;12;0;2023-12-07 12:03:30.080907;131
41678;41609;14;0;2023-12-07 12:03:30.080907;131
41561;41454;0;0;2023-12-07 12:03:30.080907;131
356526;616230;2;0;2023-12-07 12:03:30.080907;131
805701;889172;4;0;2023-12-07 12:03:30.094143;132
844714;666947;6;0;2023-12-07 12:03:30.094143;132
378911;50593;8;0;2023-12-07 12:03:30.094143;132
41553;38342;10;0;2023-12-07 12:03:30.094143;132
41889;41609;12;0;2023-12-07 12:03:30.094143;132
41693;41624;14;0;2023-12-07 12:03:30.094143;132
41576;41469;0;0;2023-12-07 12:03:30.094143;132
356654;616451;2;0;2023-12-07 12:03:30.094143;132
805990;889490;4;0;2023-12-07 12:03:30.094143;132
845017;667186;6;0;2023-12-07 12:03:30.106790;133
379047;50612;8;0;2023-12-07 12:03:30.106790;133
41568;38356;10;0;2023-12-07 12:03:30.106790;133
41904;41623;12;0;2023-12-07 12:03:30.106790;133
41708;41638;14;0;2023-12-07 12:03:30.106790;133
41591;41484;0;0;2023-12-07 12:03:30.106790;133
356781;616672;2;0;2023-12-07 12:03:30.107140;133
806279;889810;4;0;2023-12-07 12:03:30.107140;133
845320;667425;6;0;2023-12-07 12:03:30.107140;133
379183;50630;8;0;2023-12-07 12:03:30.119738;134
41583;38370;10;0;2023-12-07 12:03:30.119738;134
41919;41638;12;0;2023-12-07 12:03:30.119738;134
41724;41653;14;0;2023-12-07 12:03:30.119738;134
41606;41499;0;0;2023-12-07 12:03:30.119738;134
356909;616893;2;0;2023-12-07 12:03:30.119738;134
806568;890130;4;0;2023-12-07 12:03:30.119738;134
845623;667665;6;0;2023-12-07 12:03:30.119738;134
379319;50648;8;0;2023-12-07 12:03:30.120139;134
41597;38384;10;0;2023-12-07 12:03:30.132137;135
41935;41653;12;0;2023-12-07 12:03:30.132137;135
41739;41667;14;0;2023-12-07 12:03:30.132137;135
41621;41514;0;0;2023-12-07 12:03:30.132137;135
357037;617115;2;0;2023-12-07 12:03:30.132137;135
806857;890449;4;0;2023-12-07 12:03:30.132137;135
845927;667905;6;0;2023-12-07 12:03:30.133104;135
379455;50667;8;0;2023-12-07 12:03:30.133104;135
41611;38398;10;0;2023-12-07 12:03:30.133104;135
41950;41668;12;0;2023-12-07 12:03:30.146105;136
41754;41682;14;0;2023-12-07 12:03:30.146105;136
41635;41529;0;0;2023-12-07 12:03:30.146105;136
357165;617336;2;0;2023-12-07 12:03:30.146105;136
807144;890768;4;0;2023-12-07 12:03:30.146105;136
846230;668144;6;0;2023-12-07 12:03:30.146105;136
379591;50685;8;0;2023-12-07 12:03:30.146105;136
41626;38412;10;0;2023-12-07 12:03:30.147138;136
41964;41683;12;0;2023-12-07 12:03:30.147138;136
41769;41697;14;0;2023-12-07 12:03:30.160106;137
41650;41544;0;0;2023-12-07 12:03:30.160106;137
357293;617557;2;0;2023-12-07 12:03:30.160106;137
807433;891086;4;0;2023-12-07 12:03:30.160106;137
846534;668384;6;0;2023-12-07 12:03:30.160106;137
379727;50703;8;0;2023-12-07 12:03:30.160106;137
41641;38426;10;0;2023-12-07 12:03:30.160106;137
41979;41697;12;0;2023-12-07 12:03:30.160106;137
41784;41712;14;0;2023-12-07 12:03:30.160106;137
41665;41559;0;0;2023-12-07 12:03:30.176016;138
357421;617778;2;0;2023-12-07 12:03:30.176016;138
807722;891405;4;0;2023-12-07 12:03:30.176016;138
846837;668624;6;0;2023-12-07 12:03:30.176016;138
379863;50721;8;0;2023-12-07 12:03:30.176016;138
41656;38440;10;0;2023-12-07 12:03:30.176016;138
41994;41712;12;0;2023-12-07 12:03:30.176016;138
41799;41727;14;0;2023-12-07 12:03:30.176016;138
41679;41574;0;0;2023-12-07 12:03:30.176016;138
357549;617999;2;0;2023-12-07 12:03:30.188999;139
808012;891724;4;0;2023-12-07 12:03:30.188999;139
847141;668864;6;0;2023-12-07 12:03:30.188999;139
380000;50739;8;0;2023-12-07 12:03:30.188999;139
41670;38454;10;0;2023-12-07 12:03:30.188999;139
42009;41727;12;0;2023-12-07 12:03:30.188999;139
41814;41742;14;0;2023-12-07 12:03:30.188999;139
41694;41588;0;0;2023-12-07 12:03:30.188999;139
357677;618220;2;0;2023-12-07 12:03:30.188999;139
808301;892044;4;0;2023-12-07 12:03:30.201742;140
847444;669104;6;0;2023-12-07 12:03:30.201742;140
380135;50758;8;0;2023-12-07 12:03:30.201742;140
41685;38468;10;0;2023-12-07 12:03:30.201742;140
42023;41742;12;0;2023-12-07 12:03:30.201742;140
41829;41757;14;0;2023-12-07 12:03:30.201742;140
41709;41603;0;0;2023-12-07 12:03:30.201742;140
357805;618441;2;0;2023-12-07 12:03:30.201742;140
808589;892363;4;0;2023-12-07 12:03:30.201742;140
847747;669344;6;0;2023-12-07 12:03:30.214560;141
380272;50777;8;0;2023-12-07 12:03:30.214560;141
41700;38482;10;0;2023-12-07 12:03:30.214706;141
42038;41757;12;0;2023-12-07 12:03:30.214706;141
41844;41772;14;0;2023-12-07 12:03:30.214706;141
41724;41617;0;0;2023-12-07 12:03:30.214706;141
357932;618662;2;0;2023-12-07 12:03:30.214706;141
808878;892682;4;0;2023-12-07 12:03:30.214706;141
848050;669584;6;0;2023-12-07 12:03:30.214706;141
380408;50795;8;0;2023-12-07 12:03:30.227554;142
41715;38496;10;0;2023-12-07 12:03:30.227704;142
42053;41772;12;0;2023-12-07 12:03:30.227704;142
41859;41787;14;0;2023-12-07 12:03:30.227704;142
41739;41632;0;0;2023-12-07 12:03:30.227704;142
358061;618883;2;0;2023-12-07 12:03:30.227704;142
809167;893001;4;0;2023-12-07 12:03:30.227704;142
848352;669824;6;0;2023-12-07 12:03:30.227704;142
380544;50813;8;0;2023-12-07 12:03:30.227704;142
41730;38510;10;0;2023-12-07 12:03:30.239704;143
42069;41787;12;0;2023-12-07 12:03:30.239704;143
41874;41801;14;0;2023-12-07 12:03:30.240705;143
41753;41647;0;0;2023-12-07 12:03:30.240705;143
358189;619104;2;0;2023-12-07 12:03:30.240705;143
809455;893320;4;0;2023-12-07 12:03:30.240705;143
848655;670063;6;0;2023-12-07 12:03:30.240705;143
380680;50831;8;0;2023-12-07 12:03:30.240705;143
41745;38523;10;0;2023-12-07 12:03:30.240705;143
42084;41802;12;0;2023-12-07 12:03:30.254548;144
41889;41816;14;0;2023-12-07 12:03:30.254548;144
41768;41662;0;0;2023-12-07 12:03:30.254548;144
358317;619324;2;0;2023-12-07 12:03:30.254548;144
809743;893639;4;0;2023-12-07 12:03:30.254548;144
848957;670302;6;0;2023-12-07 12:03:30.254548;144
380815;50848;8;0;2023-12-07 12:03:30.254548;144
41761;38537;10;0;2023-12-07 12:03:30.254548;144
42099;41817;12;0;2023-12-07 12:03:30.254548;144
41903;41831;14;0;2023-12-07 12:03:30.267547;145
41783;41677;0;0;2023-12-07 12:03:30.267547;145
358445;619545;2;0;2023-12-07 12:03:30.267547;145
810032;893959;4;0;2023-12-07 12:03:30.267547;145
849261;670541;6;0;2023-12-07 12:03:30.267547;145
380951;50867;8;0;2023-12-07 12:03:30.267547;145
41776;38551;10;0;2023-12-07 12:03:30.267547;145
42114;41832;12;0;2023-12-07 12:03:30.267547;145
41918;41846;14;0;2023-12-07 12:03:30.267547;145
41798;41692;0;0;2023-12-07 12:03:30.282570;146
358572;619766;2;0;2023-12-07 12:03:30.283515;146
810322;894278;4;0;2023-12-07 12:03:30.283515;146
849564;670780;6;0;2023-12-07 12:03:30.283515;146
381087;50885;8;0;2023-12-07 12:03:30.283515;146
41791;38565;10;0;2023-12-07 12:03:30.283515;146
42129;41847;12;0;2023-12-07 12:03:30.283515;146
41933;41861;14;0;2023-12-07 12:03:30.283515;146
41813;41706;0;0;2023-12-07 12:03:30.283515;146
358700;619987;2;0;2023-12-07 12:03:30.296817;147
810611;894597;4;0;2023-12-07 12:03:30.296817;147
849868;671020;6;0;2023-12-07 12:03:30.296817;147
381223;50904;8;0;2023-12-07 12:03:30.296817;147
41806;38579;10;0;2023-12-07 12:03:30.296817;147
42144;41862;12;0;2023-12-07 12:03:30.296817;147
41948;41876;14;0;2023-12-07 12:03:30.296817;147
41827;41720;0;0;2023-12-07 12:03:30.296817;147
358828;620208;2;0;2023-12-07 12:03:30.296817;147
810900;894916;4;0;2023-12-07 12:03:30.309804;148
850171;671260;6;0;2023-12-07 12:03:30.310789;148
381359;50922;8;0;2023-12-07 12:03:30.310789;148
41821;38593;10;0;2023-12-07 12:03:30.310789;148
42159;41877;12;0;2023-12-07 12:03:30.310789;148
41963;41891;14;0;2023-12-07 12:03:30.311484;148
41842;41735;0;0;2023-12-07 12:03:30.311484;148
358956;620429;2;0;2023-12-07 12:03:30.311785;148
811189;895236;4;0;2023-12-07 12:03:30.311785;148
850474;671499;6;0;2023-12-07 12:03:30.321825;149
381495;50940;8;0;2023-12-07 12:03:30.321825;149
41836;38607;10;0;2023-12-07 12:03:30.321825;149
42174;41892;12;0;2023-12-07 12:03:30.322816;149
41978;41906;14;0;2023-12-07 12:03:30.322816;149
41857;41750;0;0;2023-12-07 12:03:30.322816;149
359084;620650;2;0;2023-12-07 12:03:30.322816;149
811479;895555;4;0;2023-12-07 12:03:30.322816;149
850778;671739;6;0;2023-12-07 12:03:30.322816;149
381631;50958;8;0;2023-12-07 12:03:30.334818;150
41851;38621;10;0;2023-12-07 12:03:30.334818;150
42189;41908;12;0;2023-12-07 12:03:30.334818;150
41993;41922;14;0;2023-12-07 12:03:30.334818;150
41872;41765;0;0;2023-12-07 12:03:30.334818;150
359212;620872;2;0;2023-12-07 12:03:30.335819;150
811768;895875;4;0;2023-12-07 12:03:30.335819;150
851082;671978;6;0;2023-12-07 12:03:30.335819;150
381767;50976;8;0;2023-12-07 12:03:30.335819;150
41866;38635;10;0;2023-12-07 12:03:30.347950;151
42204;41922;12;0;2023-12-07 12:03:30.347950;151
42009;41936;14;0;2023-12-07 12:03:30.347950;151
41887;41780;0;0;2023-12-07 12:03:30.347950;151
359339;621093;2;0;2023-12-07 12:03:30.347950;151
812058;896193;4;0;2023-12-07 12:03:30.347950;151
851385;672217;6;0;2023-12-07 12:03:30.347950;151
381903;50994;8;0;2023-12-07 12:03:30.347950;151
41881;38649;10;0;2023-12-07 12:03:30.347950;151
42219;41937;12;0;2023-12-07 12:03:30.362306;152
42024;41951;14;0;2023-12-07 12:03:30.362306;152
41902;41795;0;0;2023-12-07 12:03:30.362306;152
359467;621314;2;0;2023-12-07 12:03:30.362306;152
812347;896512;4;0;2023-12-07 12:03:30.362306;152
851688;672456;6;0;2023-12-07 12:03:30.362306;152
382039;51012;8;0;2023-12-07 12:03:30.362306;152
41896;38663;10;0;2023-12-07 12:03:30.362306;152
42234;41952;12;0;2023-12-07 12:03:30.362306;152
42039;41966;14;0;2023-12-07 12:03:30.375071;153
41917;41810;0;0;2023-12-07 12:03:30.375071;153
359595;621536;2;0;2023-12-07 12:03:30.375071;153
812636;896832;4;0;2023-12-07 12:03:30.375071;153
851991;672696;6;0;2023-12-07 12:03:30.375071;153
382175;51030;8;0;2023-12-07 12:03:30.375071;153
41911;38677;10;0;2023-12-07 12:03:30.375071;153
42249;41967;12;0;2023-12-07 12:03:30.375071;153
42053;41981;14;0;2023-12-07 12:03:30.375071;153
41931;41825;0;0;2023-12-07 12:03:30.391197;154
359723;621756;2;0;2023-12-07 12:03:30.391197;154
812925;897150;4;0;2023-12-07 12:03:30.391197;154
852293;672935;6;0;2023-12-07 12:03:30.391197;154
382311;51048;8;0;2023-12-07 12:03:30.391197;154
41926;38690;10;0;2023-12-07 12:03:30.391197;154
42265;41982;12;0;2023-12-07 12:03:30.391197;154
42068;41996;14;0;2023-12-07 12:03:30.391197;154
41946;41840;0;0;2023-12-07 12:03:30.391197;154
359851;621977;2;0;2023-12-07 12:03:30.404620;155
813214;897469;4;0;2023-12-07 12:03:30.404620;155
852595;673174;6;0;2023-12-07 12:03:30.404620;155
382447;51066;8;0;2023-12-07 12:03:30.404620;155
41941;38704;10;0;2023-12-07 12:03:30.404620;155
42280;41997;12;0;2023-12-07 12:03:30.404620;155
42083;42011;14;0;2023-12-07 12:03:30.404620;155
41961;41855;0;0;2023-12-07 12:03:30.404620;155
359979;622198;2;0;2023-12-07 12:03:30.404620;155
813503;897788;4;0;2023-12-07 12:03:30.416629;156
852898;673414;6;0;2023-12-07 12:03:30.416629;156
382583;51084;8;0;2023-12-07 12:03:30.416629;156
41956;38717;10;0;2023-12-07 12:03:30.416629;156
42295;42012;12;0;2023-12-07 12:03:30.416629;156
42099;42026;14;0;2023-12-07 12:03:30.416629;156
41975;41870;0;0;2023-12-07 12:03:30.416629;156
360107;622419;2;0;2023-12-07 12:03:30.416629;156
813792;898106;4;0;2023-12-07 12:03:30.416629;156
853200;673653;6;0;2023-12-07 12:03:30.430112;157
382719;51102;8;0;2023-12-07 12:03:30.430112;157
41971;38731;10;0;2023-12-07 12:03:30.430112;157
42310;42027;12;0;2023-12-07 12:03:30.430112;157
42114;42041;14;0;2023-12-07 12:03:30.430112;157
41989;41885;0;0;2023-12-07 12:03:30.430112;157
360234;622640;2;0;2023-12-07 12:03:30.430112;157
814081;898425;4;0;2023-12-07 12:03:30.430112;157
853502;673891;6;0;2023-12-07 12:03:30.430112;157
382855;51120;8;0;2023-12-07 12:03:30.443088;158
41986;38745;10;0;2023-12-07 12:03:30.443088;158
42325;42043;12;0;2023-12-07 12:03:30.443088;158
42129;42056;14;0;2023-12-07 12:03:30.443088;158
42004;41900;0;0;2023-12-07 12:03:30.443088;158
360362;622861;2;0;2023-12-07 12:03:30.443088;158
814370;898744;4;0;2023-12-07 12:03:30.443088;158
853806;674131;6;0;2023-12-07 12:03:30.443088;158
382991;51139;8;0;2023-12-07 12:03:30.443088;158
42001;38759;10;0;2023-12-07 12:03:30.455662;159
42340;42058;12;0;2023-12-07 12:03:30.455662;159
42144;42071;14;0;2023-12-07 12:03:30.455662;159
42019;41915;0;0;2023-12-07 12:03:30.455662;159
360490;623082;2;0;2023-12-07 12:03:30.455662;159
814659;899063;4;0;2023-12-07 12:03:30.455662;159
854110;674370;6;0;2023-12-07 12:03:30.455662;159
383127;51157;8;0;2023-12-07 12:03:30.455662;159
42016;38773;10;0;2023-12-07 12:03:30.455662;159
42355;42073;12;0;2023-12-07 12:03:30.469893;160
42159;42085;14;0;2023-12-07 12:03:30.469893;160
42034;41930;0;0;2023-12-07 12:03:30.469893;160
360618;623303;2;0;2023-12-07 12:03:30.469893;160
814948;899381;4;0;2023-12-07 12:03:30.469893;160
854414;674610;6;0;2023-12-07 12:03:30.470631;160
383263;51175;8;0;2023-12-07 12:03:30.470631;160
42031;38787;10;0;2023-12-07 12:03:30.470631;160
42370;42088;12;0;2023-12-07 12:03:30.470631;160
42174;42100;14;0;2023-12-07 12:03:30.482767;161
42049;41945;0;0;2023-12-07 12:03:30.482767;161
360746;623525;2;0;2023-12-07 12:03:30.482767;161
815238;899700;4;0;2023-12-07 12:03:30.482767;161
854718;674850;6;0;2023-12-07 12:03:30.482767;161
383400;51193;8;0;2023-12-07 12:03:30.482767;161
42046;38801;10;0;2023-12-07 12:03:30.482767;161
42385;42103;12;0;2023-12-07 12:03:30.482767;161
42189;42115;14;0;2023-12-07 12:03:30.482767;161
42064;41960;0;0;2023-12-07 12:03:30.498783;162
360874;623746;2;0;2023-12-07 12:03:30.498783;162
815527;900020;4;0;2023-12-07 12:03:30.498783;162
855021;675090;6;0;2023-12-07 12:03:30.499299;162
383536;51212;8;0;2023-12-07 12:03:30.499299;162
42060;38815;10;0;2023-12-07 12:03:30.499299;162
42400;42118;12;0;2023-12-07 12:03:30.499299;162
42204;42130;14;0;2023-12-07 12:03:30.499299;162
42078;41975;0;0;2023-12-07 12:03:30.499628;162
361002;623967;2;0;2023-12-07 12:03:30.511998;163
815815;900340;4;0;2023-12-07 12:03:30.511998;163
855324;675330;6;0;2023-12-07 12:03:30.511998;163
383672;51230;8;0;2023-12-07 12:03:30.511998;163
42075;38829;10;0;2023-12-07 12:03:30.511998;163
42415;42133;12;0;2023-12-07 12:03:30.511998;163
42219;42145;14;0;2023-12-07 12:03:30.511998;163
42093;41990;0;0;2023-12-07 12:03:30.511998;163
361130;624188;2;0;2023-12-07 12:03:30.511998;163
816104;900659;4;0;2023-12-07 12:03:30.525054;164
855627;675570;6;0;2023-12-07 12:03:30.525054;164
383808;51248;8;0;2023-12-07 12:03:30.525054;164
42090;38843;10;0;2023-12-07 12:03:30.525054;164
42430;42148;12;0;2023-12-07 12:03:30.525054;164
42234;42160;14;0;2023-12-07 12:03:30.525054;164
42108;42005;0;0;2023-12-07 12:03:30.525054;164
361257;624409;2;0;2023-12-07 12:03:30.525054;164
816393;900978;4;0;2023-12-07 12:03:30.525054;164
855930;675810;6;0;2023-12-07 12:03:30.537938;165
383944;51266;8;0;2023-12-07 12:03:30.537938;165
42104;38857;10;0;2023-12-07 12:03:30.537938;165
42445;42162;12;0;2023-12-07 12:03:30.537938;165
42249;42175;14;0;2023-12-07 12:03:30.537938;165
42122;42020;0;0;2023-12-07 12:03:30.537938;165
361384;624629;2;0;2023-12-07 12:03:30.537938;165
816681;901298;4;0;2023-12-07 12:03:30.537938;165
856234;676050;6;0;2023-12-07 12:03:30.537938;165
384080;51284;8;0;2023-12-07 12:03:30.549940;166
42119;38871;10;0;2023-12-07 12:03:30.550938;166
42460;42177;12;0;2023-12-07 12:03:30.550938;166
42264;42190;14;0;2023-12-07 12:03:30.550938;166
42137;42034;0;0;2023-12-07 12:03:30.550938;166
361512;624851;2;0;2023-12-07 12:03:30.550938;166
816970;901617;4;0;2023-12-07 12:03:30.550938;166
856538;676289;6;0;2023-12-07 12:03:30.550938;166
384216;51303;8;0;2023-12-07 12:03:30.550938;166
42134;38885;10;0;2023-12-07 12:03:30.564232;167
42476;42192;12;0;2023-12-07 12:03:30.564232;167
42279;42205;14;0;2023-12-07 12:03:30.564232;167
42152;42049;0;0;2023-12-07 12:03:30.565234;167
361640;625072;2;0;2023-12-07 12:03:30.565234;167
817259;901936;4;0;2023-12-07 12:03:30.565234;167
856842;676528;6;0;2023-12-07 12:03:30.565234;167
384352;51321;8;0;2023-12-07 12:03:30.565494;167
42149;38899;10;0;2023-12-07 12:03:30.565494;167
42491;42207;12;0;2023-12-07 12:03:30.575796;168
42294;42220;14;0;2023-12-07 12:03:30.575796;168
42167;42064;0;0;2023-12-07 12:03:30.575796;168
361768;625293;2;0;2023-12-07 12:03:30.575796;168
817548;902254;4;0;2023-12-07 12:03:30.575796;168
857145;676767;6;0;2023-12-07 12:03:30.575796;168
384489;51339;8;0;2023-12-07 12:03:30.575796;168
42163;38912;10;0;2023-12-07 12:03:30.575796;168
42506;42222;12;0;2023-12-07 12:03:30.575796;168
42309;42235;14;0;2023-12-07 12:03:30.590972;169
42182;42079;0;0;2023-12-07 12:03:30.590972;169
361896;625515;2;0;2023-12-07 12:03:30.590972;169
817837;902573;4;0;2023-12-07 12:03:30.590972;169
857448;677006;6;0;2023-12-07 12:03:30.590972;169
384624;51357;8;0;2023-12-07 12:03:30.590972;169
42178;38926;10;0;2023-12-07 12:03:30.590972;169
42521;42237;12;0;2023-12-07 12:03:30.590972;169
42323;42250;14;0;2023-12-07 12:03:30.590972;169
42197;42094;0;0;2023-12-07 12:03:30.606962;170
362024;625736;2;0;2023-12-07 12:03:30.606962;170
818126;902892;4;0;2023-12-07 12:03:30.606962;170
857750;677246;6;0;2023-12-07 12:03:30.606962;170
384760;51375;8;0;2023-12-07 12:03:30.606962;170
42193;38940;10;0;2023-12-07 12:03:30.606962;170
42536;42252;12;0;2023-12-07 12:03:30.606962;170
42338;42265;14;0;2023-12-07 12:03:30.606962;170
42212;42109;0;0;2023-12-07 12:03:30.606962;170
362152;625957;2;0;2023-12-07 12:03:30.619764;171
818415;903211;4;0;2023-12-07 12:03:30.619764;171
858054;677485;6;0;2023-12-07 12:03:30.619764;171
384896;51394;8;0;2023-12-07 12:03:30.619764;171
42208;38953;10;0;2023-12-07 12:03:30.619764;171
42551;42267;12;0;2023-12-07 12:03:30.619764;171
42353;42280;14;0;2023-12-07 12:03:30.619764;171
42227;42124;0;0;2023-12-07 12:03:30.619764;171
362279;626177;2;0;2023-12-07 12:03:30.619764;171
818703;903530;4;0;2023-12-07 12:03:30.632782;172
858357;677724;6;0;2023-12-07 12:03:30.632782;172
385033;51412;8;0;2023-12-07 12:03:30.632782;172
42224;38966;10;0;2023-12-07 12:03:30.632782;172
42565;42282;12;0;2023-12-07 12:03:30.632782;172
42367;42295;14;0;2023-12-07 12:03:30.632782;172
42242;42139;0;0;2023-12-07 12:03:30.632782;172
362407;626399;2;0;2023-12-07 12:03:30.632782;172
818992;903849;4;0;2023-12-07 12:03:30.632782;172
858660;677964;6;0;2023-12-07 12:03:30.645728;173
385169;51431;8;0;2023-12-07 12:03:30.645728;173
42239;38979;10;0;2023-12-07 12:03:30.645728;173
42581;42297;12;0;2023-12-07 12:03:30.645728;173
42382;42310;14;0;2023-12-07 12:03:30.645728;173
42258;42154;0;0;2023-12-07 12:03:30.645728;173
362534;626620;2;0;2023-12-07 12:03:30.645728;173
819280;904168;4;0;2023-12-07 12:03:30.645728;173
858962;678203;6;0;2023-12-07 12:03:30.645728;173
385305;51449;8;0;2023-12-07 12:03:30.657648;174
42254;38993;10;0;2023-12-07 12:03:30.657648;174
42596;42312;12;0;2023-12-07 12:03:30.657648;174
42397;42325;14;0;2023-12-07 12:03:30.657648;174
42273;42169;0;0;2023-12-07 12:03:30.657648;174
362662;626842;2;0;2023-12-07 12:03:30.657648;174
819569;904488;4;0;2023-12-07 12:03:30.657648;174
859266;678442;6;0;2023-12-07 12:03:30.657648;174
385441;51468;8;0;2023-12-07 12:03:30.657648;174
42269;39007;10;0;2023-12-07 12:03:30.672633;175
42611;42326;12;0;2023-12-07 12:03:30.672633;175
42412;42340;14;0;2023-12-07 12:03:30.672633;175
42288;42184;0;0;2023-12-07 12:03:30.672633;175
362790;627063;2;0;2023-12-07 12:03:30.672633;175
819857;904806;4;0;2023-12-07 12:03:30.672633;175
859569;678682;6;0;2023-12-07 12:03:30.672633;175
385578;51486;8;0;2023-12-07 12:03:30.672633;175
42284;39021;10;0;2023-12-07 12:03:30.672633;175
42626;42341;12;0;2023-12-07 12:03:30.685708;176
42427;42355;14;0;2023-12-07 12:03:30.685708;176
42303;42199;0;0;2023-12-07 12:03:30.685708;176
362918;627284;2;0;2023-12-07 12:03:30.685708;176
820146;905125;4;0;2023-12-07 12:03:30.685708;176
859871;678920;6;0;2023-12-07 12:03:30.685708;176
385714;51504;8;0;2023-12-07 12:03:30.685708;176
42299;39035;10;0;2023-12-07 12:03:30.685708;176
42640;42356;12;0;2023-12-07 12:03:30.685708;176
42442;42370;14;0;2023-12-07 12:03:30.698643;177
42318;42214;0;0;2023-12-07 12:03:30.698643;177
363046;627505;2;0;2023-12-07 12:03:30.698643;177
820436;905444;4;0;2023-12-07 12:03:30.698643;177
860175;679159;6;0;2023-12-07 12:03:30.698643;177
385850;51523;8;0;2023-12-07 12:03:30.698643;177
42314;39049;10;0;2023-12-07 12:03:30.698643;177
42655;42371;12;0;2023-12-07 12:03:30.698643;177
42457;42385;14;0;2023-12-07 12:03:30.698643;177
42333;42228;0;0;2023-12-07 12:03:30.714640;178
363174;627726;2;0;2023-12-07 12:03:30.715645;178
820725;905763;4;0;2023-12-07 12:03:30.715645;178
860478;679398;6;0;2023-12-07 12:03:30.717048;178
385986;51541;8;0;2023-12-07 12:03:30.717048;178
42329;39062;10;0;2023-12-07 12:03:30.717048;178
42671;42386;12;0;2023-12-07 12:03:30.719687;178
42472;42400;14;0;2023-12-07 12:03:30.719687;178
42348;42243;0;0;2023-12-07 12:03:30.719687;178
363302;627947;2;0;2023-12-07 12:03:30.727574;179
821014;906081;4;0;2023-12-07 12:03:30.727574;179
860781;679637;6;0;2023-12-07 12:03:30.727574;179
386122;51559;8;0;2023-12-07 12:03:30.727574;179
42343;39076;10;0;2023-12-07 12:03:30.727574;179
42686;42401;12;0;2023-12-07 12:03:30.727574;179
42487;42415;14;0;2023-12-07 12:03:30.727574;179
42363;42258;0;0;2023-12-07 12:03:30.728540;179
363430;628168;2;0;2023-12-07 12:03:30.728540;179
821303;906400;4;0;2023-12-07 12:03:30.740505;180
861084;679876;6;0;2023-12-07 12:03:30.740505;180
386257;51577;8;0;2023-12-07 12:03:30.740505;180
42358;39089;10;0;2023-12-07 12:03:30.740505;180
42701;42416;12;0;2023-12-07 12:03:30.740505;180
42502;42430;14;0;2023-12-07 12:03:30.740505;180
42378;42273;0;0;2023-12-07 12:03:30.740505;180
363558;628389;2;0;2023-12-07 12:03:30.740505;180
821593;906719;4;0;2023-12-07 12:03:30.740505;180
861387;680115;6;0;2023-12-07 12:03:30.752442;181
386393;51595;8;0;2023-12-07 12:03:30.752442;181
42373;39103;10;0;2023-12-07 12:03:30.752442;181
42716;42431;12;0;2023-12-07 12:03:30.752442;181
42517;42445;14;0;2023-12-07 12:03:30.752442;181
42392;42287;0;0;2023-12-07 12:03:30.752442;181
363685;628610;2;0;2023-12-07 12:03:30.752442;181
821882;907038;4;0;2023-12-07 12:03:30.752442;181
861690;680354;6;0;2023-12-07 12:03:30.752442;181
386528;51613;8;0;2023-12-07 12:03:30.766334;182
42388;39117;10;0;2023-12-07 12:03:30.766334;182
42731;42446;12;0;2023-12-07 12:03:30.766334;182
42532;42460;14;0;2023-12-07 12:03:30.766334;182
42407;42302;0;0;2023-12-07 12:03:30.766334;182
363813;628830;2;0;2023-12-07 12:03:30.766334;182
822171;907358;4;0;2023-12-07 12:03:30.766334;182
861993;680594;6;0;2023-12-07 12:03:30.766334;182
386664;51631;8;0;2023-12-07 12:03:30.766334;182
42403;39131;10;0;2023-12-07 12:03:30.778475;183
42746;42461;12;0;2023-12-07 12:03:30.778475;183
42547;42474;14;0;2023-12-07 12:03:30.778475;183
42422;42317;0;0;2023-12-07 12:03:30.778475;183
363941;629051;2;0;2023-12-07 12:03:30.778475;183
822460;907677;4;0;2023-12-07 12:03:30.778475;183
862296;680834;6;0;2023-12-07 12:03:30.778475;183
386801;51649;8;0;2023-12-07 12:03:30.778475;183
42417;39145;10;0;2023-12-07 12:03:30.778475;183
42761;42476;12;0;2023-12-07 12:03:30.793544;184
42562;42489;14;0;2023-12-07 12:03:30.793544;184
42437;42331;0;0;2023-12-07 12:03:30.793544;184
364068;629272;2;0;2023-12-07 12:03:30.793544;184
822749;907996;4;0;2023-12-07 12:03:30.793544;184
862598;681073;6;0;2023-12-07 12:03:30.793544;184
386937;51667;8;0;2023-12-07 12:03:30.793544;184
42431;39159;10;0;2023-12-07 12:03:30.793544;184
42777;42491;12;0;2023-12-07 12:03:30.793544;184
42577;42504;14;0;2023-12-07 12:03:30.806547;185
42452;42346;0;0;2023-12-07 12:03:30.806547;185
364196;629494;2;0;2023-12-07 12:03:30.806547;185
823038;908314;4;0;2023-12-07 12:03:30.806547;185
862901;681312;6;0;2023-12-07 12:03:30.806547;185
387073;51685;8;0;2023-12-07 12:03:30.806547;185
42446;39173;10;0;2023-12-07 12:03:30.806547;185
42792;42506;12;0;2023-12-07 12:03:30.806547;185
42592;42518;14;0;2023-12-07 12:03:30.806547;185
42467;42361;0;0;2023-12-07 12:03:30.822289;186
364324;629716;2;0;2023-12-07 12:03:30.822289;186
823328;908634;4;0;2023-12-07 12:03:30.822289;186
863205;681552;6;0;2023-12-07 12:03:30.822289;186
387210;51703;8;0;2023-12-07 12:03:30.822289;186
42461;39187;10;0;2023-12-07 12:03:30.822289;186
42807;42520;12;0;2023-12-07 12:03:30.822289;186
42607;42533;14;0;2023-12-07 12:03:30.822289;186
42482;42376;0;0;2023-12-07 12:03:30.822289;186
364452;629937;2;0;2023-12-07 12:03:30.835281;187
823617;908953;4;0;2023-12-07 12:03:30.835281;187
863507;681791;6;0;2023-12-07 12:03:30.835281;187
387346;51721;8;0;2023-12-07 12:03:30.835281;187
42476;39201;10;0;2023-12-07 12:03:30.835281;187
42822;42534;12;0;2023-12-07 12:03:30.835281;187
42622;42548;14;0;2023-12-07 12:03:30.835281;187
42497;42391;0;0;2023-12-07 12:03:30.835281;187
364580;630158;2;0;2023-12-07 12:03:30.835281;187
823906;909272;4;0;2023-12-07 12:03:30.847220;188
863811;682030;6;0;2023-12-07 12:03:30.847220;188
387482;51740;8;0;2023-12-07 12:03:30.847220;188
42490;39215;10;0;2023-12-07 12:03:30.847220;188
42837;42549;12;0;2023-12-07 12:03:30.847220;188
42637;42563;14;0;2023-12-07 12:03:30.847220;188
42512;42406;0;0;2023-12-07 12:03:30.847220;188
364707;630378;2;0;2023-12-07 12:03:30.847220;188
824195;909591;4;0;2023-12-07 12:03:30.847220;188
864115;682269;6;0;2023-12-07 12:03:30.861175;189
387618;51758;8;0;2023-12-07 12:03:30.861175;189
42505;39229;10;0;2023-12-07 12:03:30.861175;189
42852;42564;12;0;2023-12-07 12:03:30.861175;189
42653;42578;14;0;2023-12-07 12:03:30.861175;189
42527;42420;0;0;2023-12-07 12:03:30.861175;189
364835;630599;2;0;2023-12-07 12:03:30.861175;189
824484;909909;4;0;2023-12-07 12:03:30.861175;189
864419;682509;6;0;2023-12-07 12:03:30.861175;189
387755;51776;8;0;2023-12-07 12:03:30.875280;190
42520;39243;10;0;2023-12-07 12:03:30.875280;190
42867;42579;12;0;2023-12-07 12:03:30.875280;190
42668;42593;14;0;2023-12-07 12:03:30.875280;190
42542;42435;0;0;2023-12-07 12:03:30.875280;190
364963;630820;2;0;2023-12-07 12:03:30.875280;190
824774;910229;4;0;2023-12-07 12:03:30.875280;190
864722;682749;6;0;2023-12-07 12:03:30.876280;190
387892;51794;8;0;2023-12-07 12:03:30.876280;190
42535;39257;10;0;2023-12-07 12:03:30.888177;191
42882;42594;12;0;2023-12-07 12:03:30.888177;191
42682;42608;14;0;2023-12-07 12:03:30.888177;191
42557;42450;0;0;2023-12-07 12:03:30.888177;191
365090;631041;2;0;2023-12-07 12:03:30.888177;191
825063;910548;4;0;2023-12-07 12:03:30.888177;191
865025;682989;6;0;2023-12-07 12:03:30.888177;191
388028;51812;8;0;2023-12-07 12:03:30.888177;191
42549;39271;10;0;2023-12-07 12:03:30.889166;191
42897;42609;12;0;2023-12-07 12:03:30.901113;192
42697;42623;14;0;2023-12-07 12:03:30.901113;192
42572;42465;0;0;2023-12-07 12:03:30.901113;192
365218;631262;2;0;2023-12-07 12:03:30.901113;192
825351;910867;4;0;2023-12-07 12:03:30.901113;192
865328;683228;6;0;2023-12-07 12:03:30.901113;192
388164;51831;8;0;2023-12-07 12:03:30.901113;192
42564;39285;10;0;2023-12-07 12:03:30.901113;192
42912;42624;12;0;2023-12-07 12:03:30.901113;192
42712;42638;14;0;2023-12-07 12:03:30.914106;193
42587;42480;0;0;2023-12-07 12:03:30.914106;193
365346;631483;2;0;2023-12-07 12:03:30.914106;193
825640;911186;4;0;2023-12-07 12:03:30.914106;193
865631;683468;6;0;2023-12-07 12:03:30.914106;193
388300;51849;8;0;2023-12-07 12:03:30.914106;193
42578;39298;10;0;2023-12-07 12:03:30.914106;193
42927;42639;12;0;2023-12-07 12:03:30.914106;193
42727;42654;14;0;2023-12-07 12:03:30.914106;193
42602;42494;0;0;2023-12-07 12:03:30.930046;194
365474;631705;2;0;2023-12-07 12:03:30.930046;194
825930;911505;4;0;2023-12-07 12:03:30.930046;194
865934;683707;6;0;2023-12-07 12:03:30.930046;194
388435;51867;8;0;2023-12-07 12:03:30.930046;194
42593;39311;10;0;2023-12-07 12:03:30.930046;194
42942;42654;12;0;2023-12-07 12:03:30.930046;194
42742;42669;14;0;2023-12-07 12:03:30.930046;194
42617;42509;0;0;2023-12-07 12:03:30.930046;194
365602;631926;2;0;2023-12-07 12:03:30.942266;195
826219;911824;4;0;2023-12-07 12:03:30.942266;195
866237;683945;6;0;2023-12-07 12:03:30.942266;195
388570;51885;8;0;2023-12-07 12:03:30.942266;195
42608;39324;10;0;2023-12-07 12:03:30.942266;195
42957;42669;12;0;2023-12-07 12:03:30.942266;195
42757;42683;14;0;2023-12-07 12:03:30.943267;195
42632;42524;0;0;2023-12-07 12:03:30.943267;195
365730;632147;2;0;2023-12-07 12:03:30.943267;195
826508;912143;4;0;2023-12-07 12:03:30.956115;196
866541;684185;6;0;2023-12-07 12:03:30.956115;196
388706;51903;8;0;2023-12-07 12:03:30.956115;196
42623;39338;10;0;2023-12-07 12:03:30.956115;196
42972;42684;12;0;2023-12-07 12:03:30.956115;196
42772;42698;14;0;2023-12-07 12:03:30.956115;196
42647;42539;0;0;2023-12-07 12:03:30.956115;196
365858;632368;2;0;2023-12-07 12:03:30.956115;196
826797;912462;4;0;2023-12-07 12:03:30.956115;196
866843;684425;6;0;2023-12-07 12:03:30.968827;197
388842;51921;8;0;2023-12-07 12:03:30.968827;197
42638;39352;10;0;2023-12-07 12:03:30.968827;197
42987;42699;12;0;2023-12-07 12:03:30.968827;197
42787;42713;14;0;2023-12-07 12:03:30.968827;197
42662;42553;0;0;2023-12-07 12:03:30.968827;197
365985;632589;2;0;2023-12-07 12:03:30.968827;197
827086;912781;4;0;2023-12-07 12:03:30.968827;197
867145;684666;6;0;2023-12-07 12:03:30.968827;197
388979;51939;8;0;2023-12-07 12:03:30.982805;198
42653;39365;10;0;2023-12-07 12:03:30.983803;198
43002;42714;12;0;2023-12-07 12:03:30.983803;198
42802;42728;14;0;2023-12-07 12:03:30.983803;198
42677;42568;0;0;2023-12-07 12:03:30.984797;198
366113;632811;2;0;2023-12-07 12:03:30.984797;198
827375;913100;4;0;2023-12-07 12:03:30.984797;198
867448;684905;6;0;2023-12-07 12:03:30.984797;198
389115;51958;8;0;2023-12-07 12:03:30.984797;198
42668;39379;10;0;2023-12-07 12:03:30.995548;199
43017;42729;12;0;2023-12-07 12:03:30.995548;199
42817;42743;14;0;2023-12-07 12:03:30.995548;199
42692;42583;0;0;2023-12-07 12:03:30.995548;199
366241;633032;2;0;2023-12-07 12:03:30.995548;199
827665;913419;4;0;2023-12-07 12:03:30.995548;199
867751;685145;6;0;2023-12-07 12:03:30.996548;199
389252;51977;8;0;2023-12-07 12:03:30.996630;199
42683;39393;10;0;2023-12-07 12:03:30.996630;199
43032;42744;12;0;2023-12-07 12:03:31.008918;200
42832;42758;14;0;2023-12-07 12:03:31.008918;200
42707;42598;0;0;2023-12-07 12:03:31.008918;200
366368;633253;2;0;2023-12-07 12:03:31.008918;200
827955;913738;4;0;2023-12-07 12:03:31.008918;200
868055;685384;6;0;2023-12-07 12:03:31.008918;200
389388;51996;8;0;2023-12-07 12:03:31.008918;200
42698;39407;10;0;2023-12-07 12:03:31.008918;200
43047;42759;12;0;2023-12-07 12:03:31.008918;200
42846;42773;14;0;2023-12-07 12:03:31.021139;201
42722;42613;0;0;2023-12-07 12:03:31.021139;201
366496;633474;2;0;2023-12-07 12:03:31.021139;201
828244;914057;4;0;2023-12-07 12:03:31.021139;201
868358;685623;6;0;2023-12-07 12:03:31.021139;201
389523;52014;8;0;2023-12-07 12:03:31.022138;201
42713;39421;10;0;2023-12-07 12:03:31.022138;201
43062;42774;12;0;2023-12-07 12:03:31.022138;201
42862;42788;14;0;2023-12-07 12:03:31.022138;201
42737;42628;0;0;2023-12-07 12:03:31.037480;202
366624;633695;2;0;2023-12-07 12:03:31.038145;202
828533;914376;4;0;2023-12-07 12:03:31.038145;202
868661;685862;6;0;2023-12-07 12:03:31.038145;202
389659;52032;8;0;2023-12-07 12:03:31.038145;202
42728;39435;10;0;2023-12-07 12:03:31.039143;202
43077;42789;12;0;2023-12-07 12:03:31.039143;202
42877;42803;14;0;2023-12-07 12:03:31.039756;202
42752;42642;0;0;2023-12-07 12:03:31.039756;202
366752;633916;2;0;2023-12-07 12:03:31.050680;203
828823;914695;4;0;2023-12-07 12:03:31.050680;203
868964;686101;6;0;2023-12-07 12:03:31.050680;203
389795;52050;8;0;2023-12-07 12:03:31.050680;203
42743;39449;10;0;2023-12-07 12:03:31.050680;203
43093;42804;12;0;2023-12-07 12:03:31.050680;203
42892;42817;14;0;2023-12-07 12:03:31.050680;203
42767;42656;0;0;2023-12-07 12:03:31.051679;203
366880;634136;2;0;2023-12-07 12:03:31.051754;203
829112;915014;4;0;2023-12-07 12:03:31.063624;204
869267;686340;6;0;2023-12-07 12:03:31.063624;204
389931;52068;8;0;2023-12-07 12:03:31.063624;204
42758;39463;10;0;2023-12-07 12:03:31.063624;204
43108;42819;12;0;2023-12-07 12:03:31.063624;204
42907;42832;14;0;2023-12-07 12:03:31.063624;204
42782;42671;0;0;2023-12-07 12:03:31.063624;204
367008;634357;2;0;2023-12-07 12:03:31.063624;204
829401;915333;4;0;2023-12-07 12:03:31.063624;204
869571;686580;6;0;2023-12-07 12:03:31.076696;205
390067;52086;8;0;2023-12-07 12:03:31.076696;205
42773;39478;10;0;2023-12-07 12:03:31.076696;205
43123;42834;12;0;2023-12-07 12:03:31.076696;205
42922;42847;14;0;2023-12-07 12:03:31.076696;205
42797;42686;0;0;2023-12-07 12:03:31.076696;205
367135;634578;2;0;2023-12-07 12:03:31.076696;205
829690;915652;4;0;2023-12-07 12:03:31.076696;205
869875;686819;6;0;2023-12-07 12:03:31.076696;205
390204;52105;8;0;2023-12-07 12:03:31.090923;206
42788;39492;10;0;2023-12-07 12:03:31.090923;206
43138;42849;12;0;2023-12-07 12:03:31.090923;206
42936;42862;14;0;2023-12-07 12:03:31.091767;206
42812;42701;0;0;2023-12-07 12:03:31.091767;206
367263;634799;2;0;2023-12-07 12:03:31.091767;206
829980;915971;4;0;2023-12-07 12:03:31.091767;206
870178;687058;6;0;2023-12-07 12:03:31.091767;206
390340;52124;8;0;2023-12-07 12:03:31.091767;206
42803;39505;10;0;2023-12-07 12:03:31.103550;207
43153;42864;12;0;2023-12-07 12:03:31.103550;207
42951;42877;14;0;2023-12-07 12:03:31.103550;207
42826;42716;0;0;2023-12-07 12:03:31.103550;207
367391;635020;2;0;2023-12-07 12:03:31.103550;207
830270;916290;4;0;2023-12-07 12:03:31.103550;207
870481;687297;6;0;2023-12-07 12:03:31.103550;207
390476;52142;8;0;2023-12-07 12:03:31.103550;207
42818;39519;10;0;2023-12-07 12:03:31.103550;207
43169;42878;12;0;2023-12-07 12:03:31.116007;208
42966;42892;14;0;2023-12-07 12:03:31.116007;208
42841;42731;0;0;2023-12-07 12:03:31.116007;208
367519;635241;2;0;2023-12-07 12:03:31.117009;208
830559;916609;4;0;2023-12-07 12:03:31.117009;208
870784;687537;6;0;2023-12-07 12:03:31.117009;208
390613;52160;8;0;2023-12-07 12:03:31.117009;208
42833;39533;10;0;2023-12-07 12:03:31.117009;208
43184;42893;12;0;2023-12-07 12:03:31.117009;208
42981;42907;14;0;2023-12-07 12:03:31.129235;209
42855;42746;0;0;2023-12-07 12:03:31.129235;209
367646;635462;2;0;2023-12-07 12:03:31.129235;209
830849;916928;4;0;2023-12-07 12:03:31.129235;209
871088;687776;6;0;2023-12-07 12:03:31.129235;209
390749;52178;8;0;2023-12-07 12:03:31.129235;209
42848;39547;10;0;2023-12-07 12:03:31.129235;209
43199;42908;12;0;2023-12-07 12:03:31.129235;209
42996;42922;14;0;2023-12-07 12:03:31.129235;209
42870;42761;0;0;2023-12-07 12:03:31.145282;210
367774;635684;2;0;2023-12-07 12:03:31.145282;210
831139;917247;4;0;2023-12-07 12:03:31.145282;210
871391;688015;6;0;2023-12-07 12:03:31.145282;210
390885;52196;8;0;2023-12-07 12:03:31.145282;210
42863;39561;10;0;2023-12-07 12:03:31.145282;210
43214;42923;12;0;2023-12-07 12:03:31.145282;210
43011;42937;14;0;2023-12-07 12:03:31.145282;210
42885;42776;0;0;2023-12-07 12:03:31.145282;210
367902;635904;2;0;2023-12-07 12:03:31.158067;211
831427;917566;4;0;2023-12-07 12:03:31.158067;211
871693;688254;6;0;2023-12-07 12:03:31.158067;211
391021;52214;8;0;2023-12-07 12:03:31.158067;211
42878;39575;10;0;2023-12-07 12:03:31.158067;211
43229;42938;12;0;2023-12-07 12:03:31.158067;211
43026;42951;14;0;2023-12-07 12:03:31.158067;211
42900;42791;0;0;2023-12-07 12:03:31.158067;211
368030;636125;2;0;2023-12-07 12:03:31.158067;211
831716;917884;4;0;2023-12-07 12:03:31.171514;212
871996;688493;6;0;2023-12-07 12:03:31.171514;212
391157;52232;8;0;2023-12-07 12:03:31.171514;212
42893;39589;10;0;2023-12-07 12:03:31.171514;212
43244;42953;12;0;2023-12-07 12:03:31.171514;212
43040;42966;14;0;2023-12-07 12:03:31.171514;212
42915;42806;0;0;2023-12-07 12:03:31.171514;212
368158;636346;2;0;2023-12-07 12:03:31.171514;212
832005;918203;4;0;2023-12-07 12:03:31.171514;212
872299;688733;6;0;2023-12-07 12:03:31.184533;213
391292;52250;8;0;2023-12-07 12:03:31.184533;213
42908;39603;10;0;2023-12-07 12:03:31.184533;213
43259;42968;12;0;2023-12-07 12:03:31.184533;213
43055;42981;14;0;2023-12-07 12:03:31.184533;213
42929;42821;0;0;2023-12-07 12:03:31.184533;213
368286;636567;2;0;2023-12-07 12:03:31.184533;213
832294;918522;4;0;2023-12-07 12:03:31.184533;213
872602;688973;6;0;2023-12-07 12:03:31.184533;213
391429;52268;8;0;2023-12-07 12:03:31.198677;214
42923;39617;10;0;2023-12-07 12:03:31.198677;214
43274;42984;12;0;2023-12-07 12:03:31.198677;214
43070;42996;14;0;2023-12-07 12:03:31.198677;214
42944;42836;0;0;2023-12-07 12:03:31.198677;214
368414;636787;2;0;2023-12-07 12:03:31.198677;214
832583;918841;4;0;2023-12-07 12:03:31.198677;214
872906;689212;6;0;2023-12-07 12:03:31.198677;214
391565;52286;8;0;2023-12-07 12:03:31.198677;214
42938;39631;10;0;2023-12-07 12:03:31.211567;215
43289;42999;12;0;2023-12-07 12:03:31.211567;215
43085;43011;14;0;2023-12-07 12:03:31.211567;215
42959;42851;0;0;2023-12-07 12:03:31.211567;215
368542;637008;2;0;2023-12-07 12:03:31.211567;215
832872;919160;4;0;2023-12-07 12:03:31.211567;215
873210;689451;6;0;2023-12-07 12:03:31.211567;215
391702;52304;8;0;2023-12-07 12:03:31.211567;215
42953;39645;10;0;2023-12-07 12:03:31.211567;215
43304;43014;12;0;2023-12-07 12:03:31.224595;216
43101;43026;14;0;2023-12-07 12:03:31.224595;216
42973;42866;0;0;2023-12-07 12:03:31.224595;216
368670;637229;2;0;2023-12-07 12:03:31.224595;216
833161;919479;4;0;2023-12-07 12:03:31.224595;216
873513;689690;6;0;2023-12-07 12:03:31.224595;216
391838;52322;8;0;2023-12-07 12:03:31.224595;216
42968;39659;10;0;2023-12-07 12:03:31.224595;216
43319;43029;12;0;2023-12-07 12:03:31.224595;216
43116;43041;14;0;2023-12-07 12:03:31.236428;217
42988;42881;0;0;2023-12-07 12:03:31.236428;217
368798;637449;2;0;2023-12-07 12:03:31.236428;217
833450;919798;4;0;2023-12-07 12:03:31.236428;217
873816;689929;6;0;2023-12-07 12:03:31.236428;217
391973;52340;8;0;2023-12-07 12:03:31.236428;217
42983;39673;10;0;2023-12-07 12:03:31.236428;217
43334;43044;12;0;2023-12-07 12:03:31.236428;217
43131;43056;14;0;2023-12-07 12:03:31.236428;217
43003;42896;0;0;2023-12-07 12:03:31.253454;218
368926;637670;2;0;2023-12-07 12:03:31.253454;218
833739;920117;4;0;2023-12-07 12:03:31.253454;218
874119;690168;6;0;2023-12-07 12:03:31.253454;218
392109;52358;8;0;2023-12-07 12:03:31.253454;218
42998;39686;10;0;2023-12-07 12:03:31.253454;218
43349;43059;12;0;2023-12-07 12:03:31.253454;218
43146;43071;14;0;2023-12-07 12:03:31.253454;218
43018;42910;0;0;2023-12-07 12:03:31.253454;218
369054;637890;2;0;2023-12-07 12:03:31.266352;219
834027;920435;4;0;2023-12-07 12:03:31.266452;219
874421;690407;6;0;2023-12-07 12:03:31.266452;219
392244;52376;8;0;2023-12-07 12:03:31.266452;219
43013;39700;10;0;2023-12-07 12:03:31.266452;219
43364;43074;12;0;2023-12-07 12:03:31.266452;219
43160;43085;14;0;2023-12-07 12:03:31.266452;219
43033;42925;0;0;2023-12-07 12:03:31.266452;219
369182;638111;2;0;2023-12-07 12:03:31.266452;219
834316;920753;4;0;2023-12-07 12:03:31.278452;220
874724;690647;6;0;2023-12-07 12:03:31.279452;220
392379;52394;8;0;2023-12-07 12:03:31.279452;220
43027;39714;10;0;2023-12-07 12:03:31.279452;220
43379;43089;12;0;2023-12-07 12:03:31.279452;220
43175;43100;14;0;2023-12-07 12:03:31.279452;220
43048;42940;0;0;2023-12-07 12:03:31.279452;220
369310;638332;2;0;2023-12-07 12:03:31.279452;220
834604;921071;4;0;2023-12-07 12:03:31.279452;220
875027;690886;6;0;2023-12-07 12:03:31.293452;221
392515;52412;8;0;2023-12-07 12:03:31.293560;221
43042;39728;10;0;2023-12-07 12:03:31.293560;221
43394;43104;12;0;2023-12-07 12:03:31.293560;221
43190;43115;14;0;2023-12-07 12:03:31.293560;221
43063;42955;0;0;2023-12-07 12:03:31.293560;221
369438;638553;2;0;2023-12-07 12:03:31.293560;221
834892;921389;4;0;2023-12-07 12:03:31.293560;221
875329;691125;6;0;2023-12-07 12:03:31.293560;221
392651;52431;8;0;2023-12-07 12:03:31.306424;222
43056;39742;10;0;2023-12-07 12:03:31.306424;222
43408;43119;12;0;2023-12-07 12:03:31.306424;222
43205;43130;14;0;2023-12-07 12:03:31.306424;222
43078;42970;0;0;2023-12-07 12:03:31.306424;222
369565;638774;2;0;2023-12-07 12:03:31.306424;222
835180;921707;4;0;2023-12-07 12:03:31.307424;222
875631;691364;6;0;2023-12-07 12:03:31.307424;222
392787;52449;8;0;2023-12-07 12:03:31.307424;222
43071;39755;10;0;2023-12-07 12:03:31.319336;223
43423;43134;12;0;2023-12-07 12:03:31.319336;223
43220;43146;14;0;2023-12-07 12:03:31.319336;223
43093;42985;0;0;2023-12-07 12:03:31.319336;223
369693;638995;2;0;2023-12-07 12:03:31.319336;223
835468;922024;4;0;2023-12-07 12:03:31.319336;223
875933;691602;6;0;2023-12-07 12:03:31.319336;223
392922;52467;8;0;2023-12-07 12:03:31.320334;223
43086;39769;10;0;2023-12-07 12:03:31.320334;223
43438;43149;12;0;2023-12-07 12:03:31.332246;224
43235;43161;14;0;2023-12-07 12:03:31.332246;224
43108;43000;0;0;2023-12-07 12:03:31.332246;224
369821;639215;2;0;2023-12-07 12:03:31.332246;224
835757;922342;4;0;2023-12-07 12:03:31.332246;224
