27276.9140625;2270.087890625;0;25417;2023-12-07 09:22:47.750295;1
27275.548828125;2428.454833984375;1;25417;2023-12-07 09:22:47.750295;1
27274.494140625;2269.489501953125;0;25418;2023-12-07 09:22:47.750295;1
27275.919921875;2425.2900390625;1;25418;2023-12-07 09:22:47.750295;1
27279.029296875;2270.633544921875;0;25419;2023-12-07 09:22:47.751296;1
27277.44921875;2428.343017578125;1;25419;2023-12-07 09:22:47.751296;1
27275.896484375;2269.03955078125;0;25420;2023-12-07 09:22:47.751296;1
27275.904296875;2428.691650390625;1;25420;2023-12-07 09:22:47.774490;2
27277.40625;2263.0625;0;25421;2023-12-07 09:22:47.774490;2
27288.306640625;2427.0224609375;1;25421;2023-12-07 09:22:47.774490;2
27280.03515625;2272.201904296875;0;25422;2023-12-07 09:22:47.774490;2
27279.0546875;2426.08349609375;1;25422;2023-12-07 09:22:47.774490;2
27280.38671875;2268.718017578125;0;25423;2023-12-07 09:22:47.774490;2
27282.22265625;2428.5009765625;1;25423;2023-12-07 09:22:47.774490;2
27280.712890625;2268.079833984375;0;25424;2023-12-07 09:22:47.774490;2
27277.998046875;2424.716064453125;1;25424;2023-12-07 09:22:47.774490;2
27280.314453125;2273.3984375;0;25425;2023-12-07 09:22:47.792293;3
27273.310546875;2428.21337890625;1;25425;2023-12-07 09:22:47.792293;3
27274.462890625;2271.87841796875;0;25426;2023-12-07 09:22:47.792293;3
27275.41015625;2427.72998046875;1;25426;2023-12-07 09:22:47.792293;3
27279.990234375;2267.256103515625;0;25427;2023-12-07 09:22:47.792293;3
27274.119140625;2426.041748046875;1;25427;2023-12-07 09:22:47.792293;3
27271.244140625;2271.00634765625;0;25428;2023-12-07 09:22:47.792293;3
27268.294921875;2428.927734375;1;25428;2023-12-07 09:22:47.792293;3
27271.84765625;2271.880615234375;0;25429;2023-12-07 09:22:47.792293;3
27274.509765625;2427.870361328125;1;25429;2023-12-07 09:22:47.812309;4
27277.529296875;2268.113037109375;0;25430;2023-12-07 09:22:47.812700;4
27278.07421875;2429.223876953125;1;25430;2023-12-07 09:22:47.812700;4
27275.837890625;2265.725830078125;0;25431;2023-12-07 09:22:47.812700;4
27276.83203125;2427.56591796875;1;25431;2023-12-07 09:22:47.812700;4
27279.6875;2265.821044921875;0;25432;2023-12-07 09:22:47.812700;4
27276.712890625;2427.52490234375;1;25432;2023-12-07 09:22:47.812700;4
27269.98828125;2269.417724609375;0;25433;2023-12-07 09:22:47.812700;4
27274.400390625;2426.9599609375;1;25433;2023-12-07 09:22:47.812700;4
27275.20703125;2267.788818359375;0;25434;2023-12-07 09:22:47.833481;5
27277.099609375;2428.038330078125;1;25434;2023-12-07 09:22:47.833481;5
27272.76953125;2269.592529296875;0;25435;2023-12-07 09:22:47.833481;5
27270.0546875;2425.49658203125;1;25435;2023-12-07 09:22:47.834112;5
27273.3671875;2268.76806640625;0;25436;2023-12-07 09:22:47.834112;5
27277.7734375;2428.9150390625;1;25436;2023-12-07 09:22:47.834112;5
27277.544921875;2271.34228515625;0;25437;2023-12-07 09:22:47.834405;5
27277.65234375;2423.679443359375;1;25437;2023-12-07 09:22:47.834405;5
27264.794921875;2271.87060546875;0;25438;2023-12-07 09:22:47.834405;5
27269.568359375;2425.77978515625;1;25438;2023-12-07 09:22:47.853377;6
27277.7578125;2268.99755859375;0;25439;2023-12-07 09:22:47.853377;6
27276.08203125;2423.455078125;1;25439;2023-12-07 09:22:47.853377;6
27273.248046875;2268.79541015625;0;25440;2023-12-07 09:22:47.853377;6
27278.3046875;2428.142578125;1;25440;2023-12-07 09:22:47.853377;6
27269.609375;2270.220458984375;0;25441;2023-12-07 09:22:47.853377;6
27273.875;2427.5107421875;1;25441;2023-12-07 09:22:47.853377;6
27274.4140625;2273.373046875;0;25442;2023-12-07 09:22:47.853377;6
27278.49609375;2429.90380859375;1;25442;2023-12-07 09:22:47.853377;6
27275.51953125;2272.89892578125;0;25443;2023-12-07 09:22:47.875377;7
27274.4921875;2426.682373046875;1;25443;2023-12-07 09:22:47.875377;7
27276.39453125;2266.6044921875;0;25444;2023-12-07 09:22:47.875377;7
27276.8671875;2427.376708984375;1;25444;2023-12-07 09:22:47.875377;7
27274.16796875;2269.224609375;0;25445;2023-12-07 09:22:47.875377;7
27275.810546875;2429.311279296875;1;25445;2023-12-07 09:22:47.875377;7
27277.818359375;2269.407470703125;0;25446;2023-12-07 09:22:47.875377;7
27282.283203125;2430.01513671875;1;25446;2023-12-07 09:22:47.875377;7
27284.302734375;2271.3544921875;0;25447;2023-12-07 09:22:47.875377;7
27286.666015625;2427.504638671875;1;25447;2023-12-07 09:22:47.894745;8
27279.615234375;2271.79638671875;0;25448;2023-12-07 09:22:47.895376;8
27275.39453125;2423.802001953125;1;25448;2023-12-07 09:22:47.895376;8
27286.9140625;2271.172607421875;0;25449;2023-12-07 09:22:47.895376;8
27276.513671875;2425.418701171875;1;25449;2023-12-07 09:22:47.895376;8
27282.55859375;2269.2060546875;0;25450;2023-12-07 09:22:47.895376;8
27280.62109375;2429.020751953125;1;25450;2023-12-07 09:22:47.895376;8
27283.931640625;2269.939697265625;0;25451;2023-12-07 09:22:47.895376;8
27286.7890625;2428.382568359375;1;25451;2023-12-07 09:22:47.895376;8
27283.763671875;2271.907470703125;0;25452;2023-12-07 09:22:47.915792;9
27282.31640625;2425.343505859375;1;25452;2023-12-07 09:22:47.915792;9
27277.208984375;2265.57080078125;0;25453;2023-12-07 09:22:47.915792;9
27270.896484375;2426.124755859375;1;25453;2023-12-07 09:22:47.915792;9
27277.798828125;2271.48828125;0;25454;2023-12-07 09:22:47.915792;9
27273.044921875;2424.481689453125;1;25454;2023-12-07 09:22:47.915792;9
27285.08203125;2271.18212890625;0;25455;2023-12-07 09:22:47.915792;9
27281.587890625;2431.00830078125;1;25455;2023-12-07 09:22:47.915792;9
27271.849609375;2268.95458984375;0;25456;2023-12-07 09:22:47.915792;9
27273.02734375;2427.195068359375;1;25456;2023-12-07 09:22:47.936191;10
27278.0078125;2268.61669921875;0;25457;2023-12-07 09:22:47.936191;10
27271.669921875;2426.9248046875;1;25457;2023-12-07 09:22:47.936191;10
27266.09765625;2269.70849609375;0;25458;2023-12-07 09:22:47.936191;10
27270.568359375;2425.0205078125;1;25458;2023-12-07 09:22:47.936191;10
27274.931640625;2272.433837890625;0;25459;2023-12-07 09:22:47.936191;10
27277.275390625;2427.898681640625;1;25459;2023-12-07 09:22:47.936191;10
27276.787109375;2271.9912109375;0;25460;2023-12-07 09:22:47.936191;10
27272.91015625;2429.38232421875;1;25460;2023-12-07 09:22:47.936191;10
27273.841796875;2272.60693359375;0;25461;2023-12-07 09:22:47.958185;11
27274.35546875;2428.07421875;1;25461;2023-12-07 09:22:47.958185;11
27273.400390625;2270.3271484375;0;25462;2023-12-07 09:22:47.958185;11
27275.380859375;2425.91162109375;1;25462;2023-12-07 09:22:47.958185;11
27281.845703125;2271.89892578125;0;25463;2023-12-07 09:22:47.958185;11
27285.416015625;2429.210693359375;1;25463;2023-12-07 09:22:47.958185;11
27282.611328125;2273.823974609375;0;25464;2023-12-07 09:22:47.958185;11
27279.935546875;2432.328369140625;1;25464;2023-12-07 09:22:47.958185;11
27279.18359375;2269.583984375;0;25465;2023-12-07 09:22:47.958683;11
27279.328125;2428.455078125;1;25465;2023-12-07 09:22:47.977327;12
27284.353515625;2269.915283203125;0;25466;2023-12-07 09:22:47.977327;12
27277.962890625;2426.653564453125;1;25466;2023-12-07 09:22:47.977327;12
27281.34375;2270.09814453125;0;25467;2023-12-07 09:22:47.977327;12
27281.0625;2423.539306640625;1;25467;2023-12-07 09:22:47.977327;12
27282.455078125;2273.71337890625;0;25468;2023-12-07 09:22:47.977327;12
27282.3984375;2429.97900390625;1;25468;2023-12-07 09:22:47.977327;12
27279.2421875;2272.08447265625;0;25469;2023-12-07 09:22:47.977327;12
27281.994140625;2428.499755859375;1;25469;2023-12-07 09:22:47.977327;12
27280.27734375;2270.5966796875;0;25470;2023-12-07 09:22:47.999100;13
27283.458984375;2427.76806640625;1;25470;2023-12-07 09:22:47.999100;13
27277.15625;2269.47998046875;0;25471;2023-12-07 09:22:47.999100;13
27280.91015625;2421.560546875;1;25471;2023-12-07 09:22:47.999100;13
27282.3359375;2271.611572265625;0;25472;2023-12-07 09:22:47.999100;13
27277.337890625;2429.393310546875;1;25472;2023-12-07 09:22:47.999100;13
27289.82421875;2270.669677734375;0;25473;2023-12-07 09:22:47.999100;13
27285.529296875;2427.958251953125;1;25473;2023-12-07 09:22:47.999100;13
27273.7734375;2271.977783203125;0;25474;2023-12-07 09:22:47.999100;13
27278.259765625;2427.2001953125;1;25474;2023-12-07 09:22:48.019123;14
27289.48046875;2269.24072265625;0;25475;2023-12-07 09:22:48.019123;14
27287.560546875;2427.353759765625;1;25475;2023-12-07 09:22:48.019123;14
27276.40234375;2269.349853515625;0;25476;2023-12-07 09:22:48.019123;14
27278.921875;2425.676513671875;1;25476;2023-12-07 09:22:48.019123;14
27281.1328125;2266.853759765625;0;25477;2023-12-07 09:22:48.019123;14
27287.412109375;2428.40625;1;25477;2023-12-07 09:22:48.019123;14
27284.822265625;2270.90087890625;0;25478;2023-12-07 09:22:48.019123;14
27280.451171875;2422.780029296875;1;25478;2023-12-07 09:22:48.019123;14
27282.50390625;2267.655517578125;0;25479;2023-12-07 09:22:48.040128;15
27276.921875;2426.267822265625;1;25479;2023-12-07 09:22:48.041128;15
27289.185546875;2272.1728515625;0;25480;2023-12-07 09:22:48.041128;15
27281.001953125;2428.994384765625;1;25480;2023-12-07 09:22:48.041128;15
27285.26171875;2271.155029296875;0;25481;2023-12-07 09:22:48.041128;15
27288.021484375;2431.861572265625;1;25481;2023-12-07 09:22:48.041128;15
27288.541015625;2273.197509765625;0;25482;2023-12-07 09:22:48.041128;15
27289.91015625;2425.293212890625;1;25482;2023-12-07 09:22:48.041128;15
27291.173828125;2269.043212890625;0;25483;2023-12-07 09:22:48.041128;15
27284.37109375;2424.50634765625;1;25483;2023-12-07 09:22:48.061181;16
27281.326171875;2272.209228515625;0;25484;2023-12-07 09:22:48.061181;16
27278.126953125;2426.47607421875;1;25484;2023-12-07 09:22:48.061181;16
27278.31640625;2271.165283203125;0;25485;2023-12-07 09:22:48.061181;16
27272.08203125;2427.955810546875;1;25485;2023-12-07 09:22:48.061181;16
27283.5546875;2269.43017578125;0;25486;2023-12-07 09:22:48.061181;16
27283.751953125;2431.690185546875;1;25486;2023-12-07 09:22:48.061181;16
27279.10546875;2270.59619140625;0;25487;2023-12-07 09:22:48.061181;16
27278.484375;2427.030029296875;1;25487;2023-12-07 09:22:48.061181;16
27282.62890625;2268.080810546875;0;25488;2023-12-07 09:22:48.081919;17
27282.349609375;2427.3095703125;1;25488;2023-12-07 09:22:48.081919;17
27281.423828125;2269.48974609375;0;25489;2023-12-07 09:22:48.081919;17
27281.630859375;2430.818603515625;1;25489;2023-12-07 09:22:48.081919;17
27288.041015625;2274.47119140625;0;25490;2023-12-07 09:22:48.081919;17
27285.734375;2433.909423828125;1;25490;2023-12-07 09:22:48.081919;17
27283.943359375;2272.288818359375;0;25491;2023-12-07 09:22:48.081919;17
27281.365234375;2427.56982421875;1;25491;2023-12-07 09:22:48.081919;17
27274.98046875;2268.515625;0;25492;2023-12-07 09:22:48.081919;17
27272.080078125;2427.398193359375;1;25492;2023-12-07 09:22:48.102220;18
27287.931640625;2269.860107421875;0;25493;2023-12-07 09:22:48.102220;18
27285.796875;2428.510986328125;1;25493;2023-12-07 09:22:48.102220;18
27279.62109375;2268.91357421875;0;25494;2023-12-07 09:22:48.102220;18
27275.2890625;2427.85498046875;1;25494;2023-12-07 09:22:48.102220;18
27276.83984375;2268.82080078125;0;25495;2023-12-07 09:22:48.102220;18
27273.763671875;2425.658935546875;1;25495;2023-12-07 09:22:48.102220;18
27283.681640625;2272.620361328125;0;25496;2023-12-07 09:22:48.102220;18
27279.43359375;2425.96826171875;1;25496;2023-12-07 09:22:48.102220;18
27273.361328125;2269.919189453125;0;25497;2023-12-07 09:22:48.123941;19
27272.201171875;2424.2900390625;1;25497;2023-12-07 09:22:48.123941;19
27277.623046875;2271.367431640625;0;25498;2023-12-07 09:22:48.123941;19
27273.85546875;2428.401611328125;1;25498;2023-12-07 09:22:48.123941;19
27277.5859375;2272.45361328125;0;25499;2023-12-07 09:22:48.123941;19
27268.935546875;2426.18408203125;1;25499;2023-12-07 09:22:48.123941;19
27273.513671875;2268.64453125;0;25500;2023-12-07 09:22:48.123941;19
27276.673828125;2426.31396484375;1;25500;2023-12-07 09:22:48.123941;19
27279.900390625;2273.2490234375;0;25501;2023-12-07 09:22:48.123941;19
27274.109375;2428.244384765625;1;25501;2023-12-07 09:22:48.143910;20
27277.138671875;2270.399658203125;0;25502;2023-12-07 09:22:48.143910;20
27277.84375;2426.847412109375;1;25502;2023-12-07 09:22:48.143910;20
27279.197265625;2273.1630859375;0;25503;2023-12-07 09:22:48.143910;20
27275.9921875;2429.906982421875;1;25503;2023-12-07 09:22:48.143910;20
27288.3359375;2274.19384765625;0;25504;2023-12-07 09:22:48.143910;20
27287.17578125;2430.3046875;1;25504;2023-12-07 09:22:48.143910;20
27280.369140625;2271.702392578125;0;25505;2023-12-07 09:22:48.143910;20
27285.798828125;2424.396728515625;1;25505;2023-12-07 09:22:48.143910;20
27288.58203125;2269.75439453125;0;25506;2023-12-07 09:22:48.164767;21
27289.51171875;2424.360107421875;1;25506;2023-12-07 09:22:48.164767;21
27277.673828125;2272.771240234375;0;25507;2023-12-07 09:22:48.164767;21
27282.646484375;2430.780517578125;1;25507;2023-12-07 09:22:48.164767;21
27277.037109375;2271.578125;0;25508;2023-12-07 09:22:48.164767;21
27273.74609375;2430.404052734375;1;25508;2023-12-07 09:22:48.164767;21
27282.375;2271.126708984375;0;25509;2023-12-07 09:22:48.164767;21
27281.728515625;2430.158935546875;1;25509;2023-12-07 09:22:48.164767;21
27270.837890625;2271.609130859375;0;25510;2023-12-07 09:22:48.164767;21
27279.67578125;2427.521728515625;1;25510;2023-12-07 09:22:48.182718;22
27275.38671875;2268.39306640625;0;25511;2023-12-07 09:22:48.182718;22
27275.9765625;2425.993408203125;1;25511;2023-12-07 09:22:48.182718;22
27276.6640625;2270.34033203125;0;25512;2023-12-07 09:22:48.182718;22
27276.57421875;2423.409423828125;1;25512;2023-12-07 09:22:48.182718;22
27288.197265625;2271.1435546875;0;25513;2023-12-07 09:22:48.182718;22
27275.15625;2428.3525390625;1;25513;2023-12-07 09:22:48.182718;22
27285.087890625;2267.7138671875;0;25514;2023-12-07 09:22:48.182718;22
27283.0859375;2426.648681640625;1;25514;2023-12-07 09:22:48.182718;22
27287.103515625;2270.518310546875;0;25515;2023-12-07 09:22:48.207023;23
27278.765625;2430.279541015625;1;25515;2023-12-07 09:22:48.207023;23
27290.98828125;2272.385986328125;0;25516;2023-12-07 09:22:48.207023;23
27290.16796875;2428.61767578125;1;25516;2023-12-07 09:22:48.207023;23
27279.060546875;2271.511474609375;0;25517;2023-12-07 09:22:48.207023;23
27284.1640625;2428.379150390625;1;25517;2023-12-07 09:22:48.207023;23
27274.59375;2264.510498046875;0;25518;2023-12-07 09:22:48.207023;23
27277.32421875;2426.72900390625;1;25518;2023-12-07 09:22:48.207023;23
27280.11328125;2269.612548828125;0;25519;2023-12-07 09:22:48.207023;23
27281.158203125;2428.279541015625;1;25519;2023-12-07 09:22:48.226863;24
27278.814453125;2271.824462890625;0;25520;2023-12-07 09:22:48.226863;24
27276.740234375;2427.23974609375;1;25520;2023-12-07 09:22:48.226863;24
27281.1171875;2271.174560546875;0;25521;2023-12-07 09:22:48.226863;24
27278.0859375;2428.4765625;1;25521;2023-12-07 09:22:48.226863;24
27284.40234375;2266.85009765625;0;25522;2023-12-07 09:22:48.226863;24
27279.955078125;2427.0654296875;1;25522;2023-12-07 09:22:48.226863;24
27281.025390625;2269.487060546875;0;25523;2023-12-07 09:22:48.226863;24
27276.099609375;2427.06787109375;1;25523;2023-12-07 09:22:48.226863;24
27278.091796875;2273.49365234375;0;25524;2023-12-07 09:22:48.247549;25
27275.0859375;2427.122314453125;1;25524;2023-12-07 09:22:48.247549;25
27276.568359375;2266.506103515625;0;25525;2023-12-07 09:22:48.247549;25
27276.697265625;2426.023193359375;1;25525;2023-12-07 09:22:48.247549;25
27270.87890625;2268.3330078125;0;25526;2023-12-07 09:22:48.247549;25
27268.197265625;2426.8125;1;25526;2023-12-07 09:22:48.247549;25
27277.43359375;2269.772216796875;0;25527;2023-12-07 09:22:48.247549;25
27278.40625;2427.618896484375;1;25527;2023-12-07 09:22:48.247549;25
27277.556640625;2273.3125;0;25528;2023-12-07 09:22:48.247549;25
27278.353515625;2426.699951171875;1;25528;2023-12-07 09:22:48.267860;26
27278.109375;2272.66650390625;0;25529;2023-12-07 09:22:48.267860;26
27275.515625;2424.82421875;1;25529;2023-12-07 09:22:48.267860;26
27267.041015625;2269.305908203125;0;25530;2023-12-07 09:22:48.267860;26
27265.7421875;2427.75244140625;1;25530;2023-12-07 09:22:48.267860;26
27278.69140625;2269.557861328125;0;25531;2023-12-07 09:22:48.267860;26
27277.083984375;2423.96142578125;1;25531;2023-12-07 09:22:48.267860;26
27273.85546875;2271.69580078125;0;25532;2023-12-07 09:22:48.267860;26
27270.666015625;2425.4609375;1;25532;2023-12-07 09:22:48.267860;26
27274.48828125;2271.8984375;0;25533;2023-12-07 09:22:48.289750;27
27273.16015625;2428.79443359375;1;25533;2023-12-07 09:22:48.289750;27
27277.810546875;2268.9736328125;0;25534;2023-12-07 09:22:48.289750;27
27271.52734375;2427.813232421875;1;25534;2023-12-07 09:22:48.289750;27
27266.75;2266.683837890625;0;25535;2023-12-07 09:22:48.289750;27
27265.82421875;2424.566162109375;1;25535;2023-12-07 09:22:48.289750;27
27268.255859375;2269.67626953125;0;25536;2023-12-07 09:22:48.289750;27
27267.7421875;2426.17236328125;1;25536;2023-12-07 09:22:48.289750;27
27278.251953125;2269.42333984375;0;25537;2023-12-07 09:22:48.289750;27
27276.296875;2426.27685546875;1;25537;2023-12-07 09:22:48.309320;28
27271.384765625;2270.49267578125;0;25538;2023-12-07 09:22:48.309320;28
27273.30078125;2427.870361328125;1;25538;2023-12-07 09:22:48.309320;28
27268.10546875;2269.836181640625;0;25539;2023-12-07 09:22:48.309320;28
27272.91015625;2427.05419921875;1;25539;2023-12-07 09:22:48.309320;28
27271.455078125;2267.85546875;0;25540;2023-12-07 09:22:48.309320;28
27274.9921875;2425.152099609375;1;25540;2023-12-07 09:22:48.309320;28
27261.412109375;2267.790283203125;0;25541;2023-12-07 09:22:48.309320;28
27265.720703125;2428.076904296875;1;25541;2023-12-07 09:22:48.309320;28
27268.533203125;2271.345458984375;0;25542;2023-12-07 09:22:48.330420;29
27264.38671875;2427.5791015625;1;25542;2023-12-07 09:22:48.330420;29
27269.009765625;2270.630126953125;0;25543;2023-12-07 09:22:48.330420;29
27268.505859375;2424.32421875;1;25543;2023-12-07 09:22:48.330420;29
27274.91015625;2266.161376953125;0;25544;2023-12-07 09:22:48.330420;29
27268.08203125;2427.214599609375;1;25544;2023-12-07 09:22:48.330420;29
27275.271484375;2267.794189453125;0;25545;2023-12-07 09:22:48.330420;29
27270.736328125;2427.921142578125;1;25545;2023-12-07 09:22:48.330420;29
27267.0390625;2266.774169921875;0;25546;2023-12-07 09:22:48.330420;29
27267.908203125;2427.802490234375;1;25546;2023-12-07 09:22:48.350651;30
27275.98828125;2272.377197265625;0;25547;2023-12-07 09:22:48.350651;30
27273.228515625;2424.6142578125;1;25547;2023-12-07 09:22:48.350651;30
27263.185546875;2266.075439453125;0;25548;2023-12-07 09:22:48.350651;30
27261.669921875;2426.629150390625;1;25548;2023-12-07 09:22:48.350651;30
27270.88671875;2270.466552734375;0;25549;2023-12-07 09:22:48.350651;30
27270.904296875;2427.504638671875;1;25549;2023-12-07 09:22:48.350651;30
27273.158203125;2269.25244140625;0;25550;2023-12-07 09:22:48.350651;30
27264.0703125;2427.9560546875;1;25550;2023-12-07 09:22:48.350651;30
27268.279296875;2266.964111328125;0;25551;2023-12-07 09:22:48.372681;31
27265.16015625;2427.896728515625;1;25551;2023-12-07 09:22:48.372681;31
27277.0234375;2271.82177734375;0;25552;2023-12-07 09:22:48.372681;31
27272.798828125;2429.6494140625;1;25552;2023-12-07 09:22:48.372681;31
27280.80078125;2270.466064453125;0;25553;2023-12-07 09:22:48.372681;31
27273.392578125;2427.2353515625;1;25553;2023-12-07 09:22:48.372681;31
27276.935546875;2264.608154296875;0;25554;2023-12-07 09:22:48.372681;31
27274.6640625;2425.623291015625;1;25554;2023-12-07 09:22:48.372681;31
27278.234375;2271.445556640625;0;25555;2023-12-07 09:22:48.372681;31
27281.83984375;2424.5947265625;1;25555;2023-12-07 09:22:48.391297;32
27271.033203125;2270.585205078125;0;25556;2023-12-07 09:22:48.391297;32
27271.96875;2424.32470703125;1;25556;2023-12-07 09:22:48.391297;32
27273.8828125;2268.72216796875;0;25557;2023-12-07 09:22:48.391297;32
27271.7578125;2425.347412109375;1;25557;2023-12-07 09:22:48.391297;32
27269.5546875;2270.318359375;0;25558;2023-12-07 09:22:48.391297;32
27266.77734375;2423.14501953125;1;25558;2023-12-07 09:22:48.391297;32
27275.119140625;2271.949951171875;0;25559;2023-12-07 09:22:48.391297;32
27274.36328125;2427.097900390625;1;25559;2023-12-07 09:22:48.391297;32
27275.11328125;2269.1171875;0;25560;2023-12-07 09:22:48.412342;33
27269.48046875;2427.8271484375;1;25560;2023-12-07 09:22:48.413343;33
27269.673828125;2269.423095703125;0;25561;2023-12-07 09:22:48.413343;33
27263.22265625;2426.51953125;1;25561;2023-12-07 09:22:48.413343;33
27272.236328125;2270.335205078125;0;25562;2023-12-07 09:22:48.413343;33
27270.177734375;2428.782958984375;1;25562;2023-12-07 09:22:48.413343;33
27281.529296875;2269.38330078125;0;25563;2023-12-07 09:22:48.413343;33
27282.32421875;2423.23388671875;1;25563;2023-12-07 09:22:48.413343;33
27278.822265625;2271.764404296875;0;25564;2023-12-07 09:22:48.413343;33
27280.2265625;2423.87744140625;1;25564;2023-12-07 09:22:48.433239;34
27274.650390625;2270.154296875;0;25565;2023-12-07 09:22:48.433342;34
27279.1640625;2428.880126953125;1;25565;2023-12-07 09:22:48.433342;34
27271.298828125;2268.5087890625;0;25566;2023-12-07 09:22:48.433342;34
27272.037109375;2429.65869140625;1;25566;2023-12-07 09:22:48.433342;34
27282.544921875;2269.23828125;0;25567;2023-12-07 09:22:48.433342;34
27282.4453125;2427.591796875;1;25567;2023-12-07 09:22:48.433342;34
27286.421875;2271.1826171875;0;25568;2023-12-07 09:22:48.433342;34
27285.583984375;2428.938232421875;1;25568;2023-12-07 09:22:48.433342;34
27276.07421875;2267.3955078125;0;25569;2023-12-07 09:22:48.454341;35
27270.994140625;2427.706787109375;1;25569;2023-12-07 09:22:48.455341;35
27285.26171875;2273.267578125;0;25570;2023-12-07 09:22:48.455341;35
27283.947265625;2429.060302734375;1;25570;2023-12-07 09:22:48.455341;35
27277.1875;2270.609375;0;25571;2023-12-07 09:22:48.455341;35
27278.095703125;2428.181396484375;1;25571;2023-12-07 09:22:48.455341;35
27275.431640625;2270.263916015625;0;25572;2023-12-07 09:22:48.455341;35
27281.087890625;2428.726806640625;1;25572;2023-12-07 09:22:48.455341;35
27272.86328125;2270.61669921875;0;25573;2023-12-07 09:22:48.455341;35
27276.86328125;2427.680908203125;1;25573;2023-12-07 09:22:48.474121;36
27281.265625;2269.463134765625;0;25574;2023-12-07 09:22:48.474121;36
27271.5625;2427.2822265625;1;25574;2023-12-07 09:22:48.474121;36
27283.447265625;2269.043212890625;0;25575;2023-12-07 09:22:48.474121;36
27286.498046875;2427.107177734375;1;25575;2023-12-07 09:22:48.474377;36
27272.873046875;2270.095458984375;0;25576;2023-12-07 09:22:48.474377;36
27271.0859375;2427.456787109375;1;25576;2023-12-07 09:22:48.474377;36
27274.22265625;2271.937255859375;0;25577;2023-12-07 09:22:48.474377;36
27272.8671875;2427.334716796875;1;25577;2023-12-07 09:22:48.474377;36
27285.8515625;2270.1376953125;0;25578;2023-12-07 09:22:48.496353;37
27282.98828125;2428.85400390625;1;25578;2023-12-07 09:22:48.496353;37
27274.185546875;2270.580810546875;0;25579;2023-12-07 09:22:48.496353;37
27267.94921875;2424.766845703125;1;25579;2023-12-07 09:22:48.496353;37
27279.48828125;2270.876220703125;0;25580;2023-12-07 09:22:48.496353;37
27276.626953125;2428.26416015625;1;25580;2023-12-07 09:22:48.496353;37
27280.310546875;2271.331787109375;0;25581;2023-12-07 09:22:48.496353;37
27278.76953125;2427.03857421875;1;25581;2023-12-07 09:22:48.496353;37
27273.578125;2271.20849609375;0;25582;2023-12-07 09:22:48.496353;37
27278.853515625;2428.60498046875;1;25582;2023-12-07 09:22:48.515515;38
27277.029296875;2270.631103515625;0;25583;2023-12-07 09:22:48.516342;38
27278.15625;2430.851318359375;1;25583;2023-12-07 09:22:48.516342;38
27274.912109375;2268.402587890625;0;25584;2023-12-07 09:22:48.516342;38
27275.861328125;2428.16455078125;1;25584;2023-12-07 09:22:48.516342;38
27283.169921875;2270.5625;0;25585;2023-12-07 09:22:48.516342;38
27280.099609375;2429.25732421875;1;25585;2023-12-07 09:22:48.516342;38
27282.283203125;2270.767333984375;0;25586;2023-12-07 09:22:48.516342;38
27287.951171875;2428.24951171875;1;25586;2023-12-07 09:22:48.516342;38
27273.69921875;2272.4833984375;0;25587;2023-12-07 09:22:48.538338;39
27276.875;2424.412353515625;1;25587;2023-12-07 09:22:48.538338;39
27281.40625;2268.916259765625;0;25588;2023-12-07 09:22:48.538338;39
27285.529296875;2425.879638671875;1;25588;2023-12-07 09:22:48.538338;39
27283.548828125;2271.353759765625;0;25589;2023-12-07 09:22:48.538338;39
27282.91796875;2424.76220703125;1;25589;2023-12-07 09:22:48.538338;39
27284.154296875;2270.526123046875;0;25590;2023-12-07 09:22:48.538338;39
27275.708984375;2428.94287109375;1;25590;2023-12-07 09:22:48.538338;39
27288.673828125;2271.416015625;0;25591;2023-12-07 09:22:48.538338;39
27283.287109375;2426.837890625;1;25591;2023-12-07 09:22:48.556998;40
27275.505859375;2269.50048828125;0;25592;2023-12-07 09:22:48.556998;40
27277.517578125;2425.509521484375;1;25592;2023-12-07 09:22:48.556998;40
27283.626953125;2268.29541015625;0;25593;2023-12-07 09:22:48.556998;40
27281.966796875;2428.519287109375;1;25593;2023-12-07 09:22:48.556998;40
27277.451171875;2264.83984375;0;25594;2023-12-07 09:22:48.556998;40
27277.9375;2426.74609375;1;25594;2023-12-07 09:22:48.556998;40
27284.640625;2267.812744140625;0;25595;2023-12-07 09:22:48.556998;40
27280.9140625;2429.141357421875;1;25595;2023-12-07 09:22:48.556998;40
27280.1171875;2271.216064453125;0;25596;2023-12-07 09:22:48.578916;41
27280.1796875;2427.586181640625;1;25596;2023-12-07 09:22:48.578916;41
27277.650390625;2270.0556640625;0;25597;2023-12-07 09:22:48.578916;41
27275.984375;2429.050048828125;1;25597;2023-12-07 09:22:48.578916;41
27279.52734375;2273.488037109375;0;25598;2023-12-07 09:22:48.578916;41
27270.88671875;2427.952880859375;1;25598;2023-12-07 09:22:48.578916;41
27281.8828125;2269.770751953125;0;25599;2023-12-07 09:22:48.578916;41
27278.646484375;2428.114013671875;1;25599;2023-12-07 09:22:48.578916;41
27273.98828125;2270.87158203125;0;25600;2023-12-07 09:22:48.578916;41
27276.5234375;2428.765625;1;25600;2023-12-07 09:22:48.598926;42
27286.919921875;2271.323974609375;0;25601;2023-12-07 09:22:48.598926;42
27285.4453125;2425.693359375;1;25601;2023-12-07 09:22:48.598926;42
27279.12890625;2270.93017578125;0;25602;2023-12-07 09:22:48.598926;42
27277.341796875;2428.06201171875;1;25602;2023-12-07 09:22:48.598926;42
27282.91796875;2273.05419921875;0;25603;2023-12-07 09:22:48.598926;42
27283.64453125;2427.448974609375;1;25603;2023-12-07 09:22:48.598926;42
27288.4296875;2270.477783203125;0;25604;2023-12-07 09:22:48.598926;42
27286.017578125;2427.09326171875;1;25604;2023-12-07 09:22:48.598926;42
27278.625;2271.52685546875;0;25605;2023-12-07 09:22:48.620869;43
27278.912109375;2423.346923828125;1;25605;2023-12-07 09:22:48.620869;43
27276.7265625;2270.1728515625;0;25606;2023-12-07 09:22:48.620869;43
27284.048828125;2422.90087890625;1;25606;2023-12-07 09:22:48.620869;43
27277.384765625;2273.1279296875;0;25607;2023-12-07 09:22:48.620869;43
27281.46484375;2427.009033203125;1;25607;2023-12-07 09:22:48.620869;43
27289.162109375;2270.70556640625;0;25608;2023-12-07 09:22:48.620869;43
27284.423828125;2428.742431640625;1;25608;2023-12-07 09:22:48.620869;43
27288.798828125;2272.365966796875;0;25609;2023-12-07 09:22:48.620869;43
27285.30859375;2429.583984375;1;25609;2023-12-07 09:22:48.639828;44
27276.93359375;2270.323974609375;0;25610;2023-12-07 09:22:48.639828;44
27282.916015625;2422.5859375;1;25610;2023-12-07 09:22:48.639828;44
27284.984375;2271.035400390625;0;25611;2023-12-07 09:22:48.639828;44
27285.55078125;2426.455078125;1;25611;2023-12-07 09:22:48.639828;44
27280.83203125;2270.946044921875;0;25612;2023-12-07 09:22:48.639828;44
27284.576171875;2425.038330078125;1;25612;2023-12-07 09:22:48.639828;44
27282.2265625;2270.696044921875;0;25613;2023-12-07 09:22:48.639828;44
27278.783203125;2428.975830078125;1;25613;2023-12-07 09:22:48.639828;44
27287.751953125;2270.424072265625;0;25614;2023-12-07 09:22:48.661991;45
27286.306640625;2427.880615234375;1;25614;2023-12-07 09:22:48.661991;45
27282.451171875;2270.424072265625;0;25615;2023-12-07 09:22:48.661991;45
27283.470703125;2429.202880859375;1;25615;2023-12-07 09:22:48.661991;45
27286.353515625;2271.29736328125;0;25616;2023-12-07 09:22:48.661991;45
27280.908203125;2431.442626953125;1;25616;2023-12-07 09:22:48.661991;45
27276.177734375;2270.408447265625;0;25617;2023-12-07 09:22:48.661991;45
27270.62109375;2428.160888671875;1;25617;2023-12-07 09:22:48.661991;45
27285.234375;2268.189208984375;0;25618;2023-12-07 09:22:48.661991;45
27283.99609375;2426.77880859375;1;25618;2023-12-07 09:22:48.681864;46
27289.859375;2270.359619140625;0;25619;2023-12-07 09:22:48.681864;46
27289.5546875;2427.529052734375;1;25619;2023-12-07 09:22:48.681864;46
27285.017578125;2270.516357421875;0;25620;2023-12-07 09:22:48.681864;46
27282.486328125;2430.6826171875;1;25620;2023-12-07 09:22:48.681864;46
27284.00390625;2267.5673828125;0;25621;2023-12-07 09:22:48.681864;46
27287.3125;2426.192138671875;1;25621;2023-12-07 09:22:48.681864;46
27289.7578125;2269.369140625;0;25622;2023-12-07 09:22:48.681864;46
27288.2421875;2426.849853515625;1;25622;2023-12-07 09:22:48.681864;46
27277.708984375;2271.49365234375;0;25623;2023-12-07 09:22:48.703921;47
27282.126953125;2428.277099609375;1;25623;2023-12-07 09:22:48.703921;47
27289.646484375;2269.174072265625;0;25624;2023-12-07 09:22:48.703921;47
27288.294921875;2428.231689453125;1;25624;2023-12-07 09:22:48.703921;47
27275.171875;2271.572021484375;0;25625;2023-12-07 09:22:48.703921;47
27284.197265625;2428.9638671875;1;25625;2023-12-07 09:22:48.703921;47
27275.48046875;2271.928955078125;0;25626;2023-12-07 09:22:48.703921;47
27282.1171875;2428.023193359375;1;25626;2023-12-07 09:22:48.703921;47
27287.974609375;2271.267333984375;0;25627;2023-12-07 09:22:48.703921;47
27288.740234375;2423.54931640625;1;25627;2023-12-07 09:22:48.722502;48
27281.91015625;2271.953125;0;25628;2023-12-07 09:22:48.722502;48
27282.74609375;2426.98095703125;1;25628;2023-12-07 09:22:48.722502;48
27282.98046875;2267.935546875;0;25629;2023-12-07 09:22:48.722502;48
27283.025390625;2427.068359375;1;25629;2023-12-07 09:22:48.722502;48
27275.177734375;2272.334716796875;0;25630;2023-12-07 09:22:48.722502;48
27272.025390625;2424.888916015625;1;25630;2023-12-07 09:22:48.722502;48
27278.3125;2269.090087890625;0;25631;2023-12-07 09:22:48.722502;48
27279.35546875;2429.667236328125;1;25631;2023-12-07 09:22:48.722502;48
27279.697265625;2272.916748046875;0;25632;2023-12-07 09:22:48.744492;49
27277.775390625;2427.6220703125;1;25632;2023-12-07 09:22:48.744492;49
27277.546875;2270.252685546875;0;25633;2023-12-07 09:22:48.744492;49
27273.779296875;2426.966064453125;1;25633;2023-12-07 09:22:48.744492;49
27279.2109375;2273.219970703125;0;25634;2023-12-07 09:22:48.744492;49
27281.6328125;2426.669677734375;1;25634;2023-12-07 09:22:48.744492;49
27267.671875;2265.803955078125;0;25635;2023-12-07 09:22:48.744492;49
27267.705078125;2428.064697265625;1;25635;2023-12-07 09:22:48.744492;49
27274.802734375;2269.647216796875;0;25636;2023-12-07 09:22:48.744492;49
27270.2265625;2428.646728515625;1;25636;2023-12-07 09:22:48.764499;50
27287.626953125;2270.478759765625;0;25637;2023-12-07 09:22:48.764499;50
27280.783203125;2425.93212890625;1;25637;2023-12-07 09:22:48.764499;50
27283.318359375;2267.30712890625;0;25638;2023-12-07 09:22:48.764499;50
27280.6796875;2428.10302734375;1;25638;2023-12-07 09:22:48.764499;50
27278.5;2270.09716796875;0;25639;2023-12-07 09:22:48.764499;50
27279.83203125;2428.123046875;1;25639;2023-12-07 09:22:48.764499;50
27279.79296875;2270.633544921875;0;25640;2023-12-07 09:22:48.764499;50
27281.181640625;2428.20751953125;1;25640;2023-12-07 09:22:48.764499;50
27277.806640625;2270.612060546875;0;25641;2023-12-07 09:22:48.786735;51
27274.05859375;2426.428955078125;1;25641;2023-12-07 09:22:48.786735;51
27281.091796875;2269.4716796875;0;25642;2023-12-07 09:22:48.786735;51
27275.48046875;2427.97705078125;1;25642;2023-12-07 09:22:48.786735;51
27273.634765625;2271.057861328125;0;25643;2023-12-07 09:22:48.786735;51
27275.994140625;2425.929931640625;1;25643;2023-12-07 09:22:48.786735;51
27278.357421875;2268.230224609375;0;25644;2023-12-07 09:22:48.786735;51
27279.55859375;2425.73486328125;1;25644;2023-12-07 09:22:48.786735;51
27280.48046875;2273.60595703125;0;25645;2023-12-07 09:22:48.786735;51
27281.76171875;2430.604736328125;1;25645;2023-12-07 09:22:48.805464;52
27277.79296875;2272.5556640625;0;25646;2023-12-07 09:22:48.805464;52
27277.34765625;2426.8173828125;1;25646;2023-12-07 09:22:48.805464;52
27276.2890625;2272.084228515625;0;25647;2023-12-07 09:22:48.805464;52
27275.06640625;2425.768798828125;1;25647;2023-12-07 09:22:48.805464;52
27275.66796875;2270.233642578125;0;25648;2023-12-07 09:22:48.805464;52
27270.796875;2425.791748046875;1;25648;2023-12-07 09:22:48.805464;52
27277.0546875;2268.434814453125;0;25649;2023-12-07 09:22:48.805464;52
27274.017578125;2427.234619140625;1;25649;2023-12-07 09:22:48.805464;52
27278.837890625;2264.88427734375;0;25650;2023-12-07 09:22:48.826726;53
27276.90625;2427.45166015625;1;25650;2023-12-07 09:22:48.827601;53
27273.17578125;2268.547607421875;0;25651;2023-12-07 09:22:48.827733;53
27274.80078125;2426.73046875;1;25651;2023-12-07 09:22:48.827733;53
27279.85546875;2270.76123046875;0;25652;2023-12-07 09:22:48.827733;53
27273.3984375;2428.935791015625;1;25652;2023-12-07 09:22:48.827733;53
27271.357421875;2271.271240234375;0;25653;2023-12-07 09:22:48.827733;53
27271.46484375;2424.732177734375;1;25653;2023-12-07 09:22:48.827733;53
27274.603515625;2269.498291015625;0;25654;2023-12-07 09:22:48.827733;53
27277.419921875;2428.39013671875;1;25654;2023-12-07 09:22:48.846734;54
27279.783203125;2270.480224609375;0;25655;2023-12-07 09:22:48.846734;54
27280.80078125;2428.95849609375;1;25655;2023-12-07 09:22:48.846734;54
27279.767578125;2269.74560546875;0;25656;2023-12-07 09:22:48.847736;54
27283.318359375;2425.003662109375;1;25656;2023-12-07 09:22:48.847736;54
27284.19921875;2270.807373046875;0;25657;2023-12-07 09:22:48.847736;54
27281.34375;2425.9501953125;1;25657;2023-12-07 09:22:48.847736;54
27284.875;2270.26904296875;0;25658;2023-12-07 09:22:48.847736;54
27284.875;2428.4013671875;1;25658;2023-12-07 09:22:48.847736;54
27278.853515625;2270.54052734375;0;25659;2023-12-07 09:22:48.868733;55
27280.603515625;2424.41552734375;1;25659;2023-12-07 09:22:48.868733;55
27284.1875;2270.229248046875;0;25660;2023-12-07 09:22:48.868733;55
27283.56640625;2424.755126953125;1;25660;2023-12-07 09:22:48.869734;55
27280.5078125;2267.739013671875;0;25661;2023-12-07 09:22:48.869734;55
27279.484375;2426.809326171875;1;25661;2023-12-07 09:22:48.869734;55
27277.84765625;2269.019287109375;0;25662;2023-12-07 09:22:48.869734;55
27276.8984375;2427.15771484375;1;25662;2023-12-07 09:22:48.869734;55
27281.779296875;2271.66943359375;0;25663;2023-12-07 09:22:48.869734;55
27279.05859375;2430.762939453125;1;25663;2023-12-07 09:22:48.887734;56
27275.40234375;2273.3544921875;0;25664;2023-12-07 09:22:48.887734;56
27274.38671875;2427.2001953125;1;25664;2023-12-07 09:22:48.887734;56
27272.49609375;2270.9853515625;0;25665;2023-12-07 09:22:48.887734;56
27277.490234375;2429.576171875;1;25665;2023-12-07 09:22:48.888735;56
27274.021484375;2269.94482421875;0;25666;2023-12-07 09:22:48.888735;56
27271.578125;2425.68408203125;1;25666;2023-12-07 09:22:48.888735;56
27274.13671875;2270.334228515625;0;25667;2023-12-07 09:22:48.888735;56
27273.486328125;2427.3642578125;1;25667;2023-12-07 09:22:48.888735;56
27278.08203125;2268.50732421875;0;25668;2023-12-07 09:22:48.909734;57
27276.814453125;2427.000244140625;1;25668;2023-12-07 09:22:48.909734;57
27279.076171875;2270.935302734375;0;25669;2023-12-07 09:22:48.909734;57
27275.779296875;2428.77392578125;1;25669;2023-12-07 09:22:48.909734;57
27278.21484375;2268.19775390625;0;25670;2023-12-07 09:22:48.910736;57
27273.76953125;2422.635498046875;1;25670;2023-12-07 09:22:48.910736;57
27267.23046875;2273.176513671875;0;25671;2023-12-07 09:22:48.910736;57
27269.44921875;2425.443603515625;1;25671;2023-12-07 09:22:48.910736;57
27269.26171875;2268.896240234375;0;25672;2023-12-07 09:22:48.910736;57
27268.328125;2426.60107421875;1;25672;2023-12-07 09:22:48.929733;58
27272.2578125;2267.382080078125;0;25673;2023-12-07 09:22:48.929733;58
27269.384765625;2427.523193359375;1;25673;2023-12-07 09:22:48.929733;58
27274.4375;2272.600341796875;0;25674;2023-12-07 09:22:48.929733;58
27273.357421875;2427.1767578125;1;25674;2023-12-07 09:22:48.929733;58
27274.658203125;2267.18408203125;0;25675;2023-12-07 09:22:48.929733;58
27275.0;2430.0791015625;1;25675;2023-12-07 09:22:48.929733;58
27276.36328125;2269.450439453125;0;25676;2023-12-07 09:22:48.929733;58
27273.310546875;2426.875;1;25676;2023-12-07 09:22:48.929733;58
27272.6953125;2270.02392578125;0;25677;2023-12-07 09:22:48.951971;59
27273.826171875;2428.411865234375;1;25677;2023-12-07 09:22:48.951971;59
27275.5546875;2267.883056640625;0;25678;2023-12-07 09:22:48.951971;59
27275.279296875;2425.205078125;1;25678;2023-12-07 09:22:48.951971;59
27274.3203125;2267.78369140625;0;25679;2023-12-07 09:22:48.951971;59
27272.37109375;2426.2294921875;1;25679;2023-12-07 09:22:48.952735;59
27272.931640625;2267.729736328125;0;25680;2023-12-07 09:22:48.952735;59
27273.431640625;2425.812255859375;1;25680;2023-12-07 09:22:48.952735;59
27279.0625;2270.196533203125;0;25681;2023-12-07 09:22:48.952735;59
27280.240234375;2430.274169921875;1;25681;2023-12-07 09:22:48.970734;60
27279.1953125;2267.971923828125;0;25682;2023-12-07 09:22:48.970734;60
27277.240234375;2427.33984375;1;25682;2023-12-07 09:22:48.970734;60
27277.36328125;2272.697509765625;0;25683;2023-12-07 09:22:48.970734;60
27279.2265625;2427.045166015625;1;25683;2023-12-07 09:22:48.970734;60
27279.296875;2270.17529296875;0;25684;2023-12-07 09:22:48.970734;60
27274.1015625;2426.4013671875;1;25684;2023-12-07 09:22:48.971733;60
27282.021484375;2270.156494140625;0;25685;2023-12-07 09:22:48.971733;60
27280.087890625;2430.080810546875;1;25685;2023-12-07 09:22:48.971733;60
27276.79296875;2275.46240234375;0;25686;2023-12-07 09:22:48.992732;61
27276.705078125;2433.302490234375;1;25686;2023-12-07 09:22:48.992732;61
27273.865234375;2267.919921875;0;25687;2023-12-07 09:22:48.992732;61
27270.7421875;2426.307373046875;1;25687;2023-12-07 09:22:48.992732;61
27273.87890625;2272.439453125;0;25688;2023-12-07 09:22:48.992732;61
27274.650390625;2425.160400390625;1;25688;2023-12-07 09:22:48.992732;61
27277.26171875;2268.4248046875;0;25689;2023-12-07 09:22:48.992732;61
27273.037109375;2430.007080078125;1;25689;2023-12-07 09:22:48.992732;61
27279.55078125;2271.307373046875;0;25690;2023-12-07 09:22:48.992732;61
27274.802734375;2426.87841796875;1;25690;2023-12-07 09:22:49.012738;62
27276.6640625;2269.89208984375;0;25691;2023-12-07 09:22:49.012738;62
27281.7265625;2426.7724609375;1;25691;2023-12-07 09:22:49.012738;62
27280.16796875;2271.54443359375;0;25692;2023-12-07 09:22:49.012738;62
27281.052734375;2424.634521484375;1;25692;2023-12-07 09:22:49.012738;62
27280.783203125;2271.66748046875;0;25693;2023-12-07 09:22:49.012738;62
27281.107421875;2427.7880859375;1;25693;2023-12-07 09:22:49.012738;62
27276.44140625;2273.220458984375;0;25694;2023-12-07 09:22:49.012738;62
27277.947265625;2428.787841796875;1;25694;2023-12-07 09:22:49.013735;62
27273.876953125;2269.833740234375;0;25695;2023-12-07 09:22:49.034734;63
27278.654296875;2428.35693359375;1;25695;2023-12-07 09:22:49.034734;63
27281.896484375;2268.529541015625;0;25696;2023-12-07 09:22:49.034734;63
27285.58984375;2427.21435546875;1;25696;2023-12-07 09:22:49.034734;63
27272.716796875;2268.61572265625;0;25697;2023-12-07 09:22:49.034734;63
27269.826171875;2421.894287109375;1;25697;2023-12-07 09:22:49.034734;63
27286.345703125;2271.310791015625;0;25698;2023-12-07 09:22:49.034734;63
27279.232421875;2427.02587890625;1;25698;2023-12-07 09:22:49.034734;63
27274.623046875;2270.2294921875;0;25699;2023-12-07 09:22:49.034734;63
27274.0234375;2425.0634765625;1;25699;2023-12-07 09:22:49.053919;64
27277.19140625;2268.208740234375;0;25700;2023-12-07 09:22:49.053919;64
27275.48828125;2428.107177734375;1;25700;2023-12-07 09:22:49.053919;64
27281.20703125;2270.91943359375;0;25701;2023-12-07 09:22:49.053919;64
27278.400390625;2427.806884765625;1;25701;2023-12-07 09:22:49.053919;64
27280.6953125;2270.307861328125;0;25702;2023-12-07 09:22:49.053919;64
27283.359375;2427.46240234375;1;25702;2023-12-07 09:22:49.053919;64
27280.3515625;2275.6787109375;0;25703;2023-12-07 09:22:49.053919;64
27278.720703125;2426.94091796875;1;25703;2023-12-07 09:22:49.053919;64
27279.8125;2272.08056640625;0;25704;2023-12-07 09:22:49.075421;65
27277.71875;2429.37353515625;1;25704;2023-12-07 09:22:49.075421;65
27279.42578125;2268.8662109375;0;25705;2023-12-07 09:22:49.075421;65
27268.3359375;2426.869384765625;1;25705;2023-12-07 09:22:49.075421;65
27280.62109375;2271.57763671875;0;25706;2023-12-07 09:22:49.075421;65
27280.13671875;2425.411376953125;1;25706;2023-12-07 09:22:49.075421;65
27279.890625;2271.255859375;0;25707;2023-12-07 09:22:49.075421;65
27280.7734375;2430.40380859375;1;25707;2023-12-07 09:22:49.076422;65
27280.72265625;2267.92578125;0;25708;2023-12-07 09:22:49.076471;65
27270.498046875;2428.254638671875;1;25708;2023-12-07 09:22:49.095438;66
27276.248046875;2271.594482421875;0;25709;2023-12-07 09:22:49.095438;66
27279.5390625;2428.5087890625;1;25709;2023-12-07 09:22:49.095438;66
27281.44140625;2272.00439453125;0;25710;2023-12-07 09:22:49.095438;66
27284.837890625;2427.078125;1;25710;2023-12-07 09:22:49.095438;66
27283.99609375;2272.495361328125;0;25711;2023-12-07 09:22:49.095438;66
27284.09375;2428.325439453125;1;25711;2023-12-07 09:22:49.095438;66
27274.447265625;2271.945556640625;0;25712;2023-12-07 09:22:49.095438;66
27280.041015625;2427.178955078125;1;25712;2023-12-07 09:22:49.095438;66
27277.416015625;2270.471923828125;0;25713;2023-12-07 09:22:49.117423;67
27276.552734375;2427.029052734375;1;25713;2023-12-07 09:22:49.117423;67
27282.419921875;2271.98046875;0;25714;2023-12-07 09:22:49.117423;67
27281.27734375;2429.424072265625;1;25714;2023-12-07 09:22:49.117423;67
27274.748046875;2270.5;0;25715;2023-12-07 09:22:49.117423;67
27269.197265625;2431.089599609375;1;25715;2023-12-07 09:22:49.117423;67
27274.14453125;2269.759765625;0;25716;2023-12-07 09:22:49.117423;67
27275.6015625;2427.85595703125;1;25716;2023-12-07 09:22:49.117423;67
27263.1640625;2269.259033203125;0;25717;2023-12-07 09:22:49.117423;67
27268.802734375;2427.684326171875;1;25717;2023-12-07 09:22:49.136330;68
27279.095703125;2272.31005859375;0;25718;2023-12-07 09:22:49.136330;68
27280.10546875;2427.295166015625;1;25718;2023-12-07 09:22:49.136330;68
27287.033203125;2271.441650390625;0;25719;2023-12-07 09:22:49.136330;68
27286.4609375;2427.213623046875;1;25719;2023-12-07 09:22:49.136330;68
27279.126953125;2271.516357421875;0;25720;2023-12-07 09:22:49.136330;68
27282.720703125;2428.75146484375;1;25720;2023-12-07 09:22:49.136330;68
27279.75;2271.293212890625;0;25721;2023-12-07 09:22:49.136330;68
27281.154296875;2429.256591796875;1;25721;2023-12-07 09:22:49.136330;68
27285.255859375;2268.8857421875;0;25722;2023-12-07 09:22:49.158786;69
27288.287109375;2426.163818359375;1;25722;2023-12-07 09:22:49.158786;69
27283.78515625;2273.07763671875;0;25723;2023-12-07 09:22:49.158786;69
27280.716796875;2426.9833984375;1;25723;2023-12-07 09:22:49.158786;69
27290.2421875;2269.984130859375;0;25724;2023-12-07 09:22:49.158786;69
27286.333984375;2428.05078125;1;25724;2023-12-07 09:22:49.158786;69
27283.5625;2271.76025390625;0;25725;2023-12-07 09:22:49.158786;69
27280.62109375;2426.84375;1;25725;2023-12-07 09:22:49.158786;69
27278.208984375;2272.868896484375;0;25726;2023-12-07 09:22:49.158786;69
27276.6484375;2424.44287109375;1;25726;2023-12-07 09:22:49.178305;70
27284.345703125;2270.678466796875;0;25727;2023-12-07 09:22:49.178305;70
27283.50390625;2426.081787109375;1;25727;2023-12-07 09:22:49.178305;70
27278.45703125;2270.2978515625;0;25728;2023-12-07 09:22:49.178305;70
27278.458984375;2426.49658203125;1;25728;2023-12-07 09:22:49.178305;70
27279.50390625;2268.26806640625;0;25729;2023-12-07 09:22:49.178305;70
27271.4921875;2428.08935546875;1;25729;2023-12-07 09:22:49.178305;70
27271.666015625;2269.588134765625;0;25730;2023-12-07 09:22:49.178305;70
27270.658203125;2429.291259765625;1;25730;2023-12-07 09:22:49.178305;70
27274.36328125;2268.315185546875;0;25731;2023-12-07 09:22:49.200146;71
27269.28515625;2425.74560546875;1;25731;2023-12-07 09:22:49.200146;71
27278.173828125;2270.64404296875;0;25732;2023-12-07 09:22:49.200146;71
27280.060546875;2427.99560546875;1;25732;2023-12-07 09:22:49.200146;71
27272.908203125;2275.079345703125;0;25733;2023-12-07 09:22:49.200146;71
27274.599609375;2427.92578125;1;25733;2023-12-07 09:22:49.201145;71
27279.375;2267.822998046875;0;25734;2023-12-07 09:22:49.201145;71
27283.0859375;2425.17236328125;1;25734;2023-12-07 09:22:49.201145;71
27280.384765625;2270.994384765625;0;25735;2023-12-07 09:22:49.201145;71
27276.10546875;2425.750244140625;1;25735;2023-12-07 09:22:49.219144;72
27279.892578125;2267.7412109375;0;25736;2023-12-07 09:22:49.219144;72
27277.24609375;2426.68994140625;1;25736;2023-12-07 09:22:49.219144;72
27283.787109375;2272.376220703125;0;25737;2023-12-07 09:22:49.219144;72
27278.251953125;2428.322998046875;1;25737;2023-12-07 09:22:49.219144;72
27279.86328125;2271.50048828125;0;25738;2023-12-07 09:22:49.219144;72
27281.404296875;2427.357421875;1;25738;2023-12-07 09:22:49.219144;72
27282.9765625;2269.791259765625;0;25739;2023-12-07 09:22:49.219144;72
27284.486328125;2431.088134765625;1;25739;2023-12-07 09:22:49.219144;72
27282.251953125;2270.540283203125;0;25740;2023-12-07 09:22:49.241626;73
27282.23046875;2424.72265625;1;25740;2023-12-07 09:22:49.241626;73
27282.01953125;2269.73193359375;0;25741;2023-12-07 09:22:49.241626;73
27276.9453125;2427.367431640625;1;25741;2023-12-07 09:22:49.241626;73
27282.380859375;2271.36572265625;0;25742;2023-12-07 09:22:49.241626;73
27278.283203125;2429.005126953125;1;25742;2023-12-07 09:22:49.241626;73
27274.3359375;2272.41064453125;0;25743;2023-12-07 09:22:49.241626;73
27278.099609375;2423.7529296875;1;25743;2023-12-07 09:22:49.241626;73
27282.07421875;2270.8955078125;0;25744;2023-12-07 09:22:49.241626;73
27280.015625;2429.770751953125;1;25744;2023-12-07 09:22:49.261150;74
27285.818359375;2269.497314453125;0;25745;2023-12-07 09:22:49.261150;74
27275.92578125;2426.82177734375;1;25745;2023-12-07 09:22:49.261150;74
27278.279296875;2268.968017578125;0;25746;2023-12-07 09:22:49.261150;74
27281.646484375;2424.3662109375;1;25746;2023-12-07 09:22:49.261150;74
27276.92578125;2269.560302734375;0;25747;2023-12-07 09:22:49.261150;74
27275.48046875;2421.06103515625;1;25747;2023-12-07 09:22:49.261150;74
27277.083984375;2269.0078125;0;25748;2023-12-07 09:22:49.261150;74
27276.37890625;2423.787109375;1;25748;2023-12-07 09:22:49.261150;74
27280.1171875;2272.4541015625;0;25749;2023-12-07 09:22:49.283549;75
27273.525390625;2425.425048828125;1;25749;2023-12-07 09:22:49.283549;75
27280.220703125;2265.285888671875;0;25750;2023-12-07 09:22:49.283549;75
27274.232421875;2426.146484375;1;25750;2023-12-07 09:22:49.283549;75
27274.203125;2271.8583984375;0;25751;2023-12-07 09:22:49.283549;75
27276.515625;2424.32421875;1;25751;2023-12-07 09:22:49.283549;75
27282.375;2270.338134765625;0;25752;2023-12-07 09:22:49.283549;75
27284.8984375;2427.957275390625;1;25752;2023-12-07 09:22:49.283549;75
27276.728515625;2269.84619140625;0;25753;2023-12-07 09:22:49.283549;75
27273.498046875;2427.824951171875;1;25753;2023-12-07 09:22:49.302525;76
27279.119140625;2271.229248046875;0;25754;2023-12-07 09:22:49.302525;76
27277.20703125;2428.547119140625;1;25754;2023-12-07 09:22:49.302525;76
27276.779296875;2271.959716796875;0;25755;2023-12-07 09:22:49.302525;76
27280.109375;2430.459228515625;1;25755;2023-12-07 09:22:49.302525;76
27276.29296875;2272.879638671875;0;25756;2023-12-07 09:22:49.302525;76
27271.0;2426.441650390625;1;25756;2023-12-07 09:22:49.302525;76
27275.283203125;2269.516845703125;0;25757;2023-12-07 09:22:49.302525;76
27276.93359375;2427.21240234375;1;25757;2023-12-07 09:22:49.302525;76
27279.140625;2266.72802734375;0;25758;2023-12-07 09:22:49.323896;77
27276.05078125;2426.229248046875;1;25758;2023-12-07 09:22:49.323896;77
27282.990234375;2267.958984375;0;25759;2023-12-07 09:22:49.323896;77
27279.142578125;2427.360595703125;1;25759;2023-12-07 09:22:49.323896;77
27285.26171875;2270.19677734375;0;25760;2023-12-07 09:22:49.323896;77
27284.3125;2424.0595703125;1;25760;2023-12-07 09:22:49.323896;77
27280.189453125;2271.260009765625;0;25761;2023-12-07 09:22:49.323896;77
27278.943359375;2429.4365234375;1;25761;2023-12-07 09:22:49.323896;77
27273.17578125;2271.5732421875;0;25762;2023-12-07 09:22:49.323896;77
27273.5078125;2427.641845703125;1;25762;2023-12-07 09:22:49.343898;78
27276.912109375;2266.71240234375;0;25763;2023-12-07 09:22:49.343898;78
27277.744140625;2428.102783203125;1;25763;2023-12-07 09:22:49.343898;78
27270.34765625;2271.67724609375;0;25764;2023-12-07 09:22:49.343898;78
27274.046875;2430.885498046875;1;25764;2023-12-07 09:22:49.343898;78
27275.630859375;2267.55126953125;0;25765;2023-12-07 09:22:49.343898;78
27271.896484375;2427.698974609375;1;25765;2023-12-07 09:22:49.343898;78
27270.126953125;2272.20068359375;0;25766;2023-12-07 09:22:49.343898;78
27270.1796875;2425.486328125;1;25766;2023-12-07 09:22:49.344922;78
27274.32421875;2271.14794921875;0;25767;2023-12-07 09:22:49.366575;79
27274.8046875;2424.79736328125;1;25767;2023-12-07 09:22:49.366575;79
27279.302734375;2273.1689453125;0;25768;2023-12-07 09:22:49.366575;79
27282.1171875;2428.654541015625;1;25768;2023-12-07 09:22:49.366575;79
27275.744140625;2268.542724609375;0;25769;2023-12-07 09:22:49.366575;79
27273.388671875;2427.1103515625;1;25769;2023-12-07 09:22:49.366575;79
27268.908203125;2269.605224609375;0;25770;2023-12-07 09:22:49.366575;79
27272.56640625;2426.2421875;1;25770;2023-12-07 09:22:49.366575;79
27264.75390625;2267.088134765625;0;25771;2023-12-07 09:22:49.366575;79
27266.107421875;2425.37744140625;1;25771;2023-12-07 09:22:49.385306;80
27273.763671875;2267.41796875;0;25772;2023-12-07 09:22:49.385306;80
27267.177734375;2426.47021484375;1;25772;2023-12-07 09:22:49.385306;80
27273.931640625;2267.1884765625;0;25773;2023-12-07 09:22:49.385306;80
27272.20703125;2427.969482421875;1;25773;2023-12-07 09:22:49.385306;80
27269.298828125;2270.200439453125;0;25774;2023-12-07 09:22:49.385306;80
27272.203125;2425.382080078125;1;25774;2023-12-07 09:22:49.385306;80
27275.62890625;2271.18310546875;0;25775;2023-12-07 09:22:49.385306;80
27277.099609375;2428.802978515625;1;25775;2023-12-07 09:22:49.385306;80
27268.859375;2271.49853515625;0;25776;2023-12-07 09:22:49.406253;81
27270.400390625;2428.436279296875;1;25776;2023-12-07 09:22:49.406253;81
27270.859375;2268.865478515625;0;25777;2023-12-07 09:22:49.406253;81
27277.79296875;2425.942626953125;1;25777;2023-12-07 09:22:49.406253;81
27272.15234375;2269.498779296875;0;25778;2023-12-07 09:22:49.406253;81
27276.56640625;2427.447021484375;1;25778;2023-12-07 09:22:49.406253;81
27281.923828125;2268.41943359375;0;25779;2023-12-07 09:22:49.406253;81
27275.705078125;2428.8935546875;1;25779;2023-12-07 09:22:49.406253;81
27277.21875;2274.399658203125;0;25780;2023-12-07 09:22:49.406253;81
27280.248046875;2431.118408203125;1;25780;2023-12-07 09:22:49.427152;82
27277.392578125;2271.89208984375;0;25781;2023-12-07 09:22:49.427152;82
27276.193359375;2427.7548828125;1;25781;2023-12-07 09:22:49.427152;82
27275.060546875;2269.788330078125;0;25782;2023-12-07 09:22:49.427152;82
27275.103515625;2426.88720703125;1;25782;2023-12-07 09:22:49.427152;82
27279.46875;2267.587646484375;0;25783;2023-12-07 09:22:49.427152;82
27282.314453125;2425.579345703125;1;25783;2023-12-07 09:22:49.427152;82
27273.955078125;2267.939208984375;0;25784;2023-12-07 09:22:49.427152;82
27274.78125;2425.431884765625;1;25784;2023-12-07 09:22:49.427152;82
27273.912109375;2269.951904296875;0;25785;2023-12-07 09:22:49.449519;83
27279.43359375;2425.368896484375;1;25785;2023-12-07 09:22:49.449519;83
27280.078125;2270.59130859375;0;25786;2023-12-07 09:22:49.449519;83
27282.57421875;2430.58740234375;1;25786;2023-12-07 09:22:49.449519;83
27278.626953125;2270.615966796875;0;25787;2023-12-07 09:22:49.449519;83
27278.70703125;2426.060546875;1;25787;2023-12-07 09:22:49.449519;83
27275.689453125;2269.444091796875;0;25788;2023-12-07 09:22:49.449519;83
27279.6875;2428.744873046875;1;25788;2023-12-07 09:22:49.449519;83
27271.2421875;2269.73974609375;0;25789;2023-12-07 09:22:49.449519;83
27268.794921875;2426.524169921875;1;25789;2023-12-07 09:22:49.468155;84
27274.97265625;2272.146728515625;0;25790;2023-12-07 09:22:49.468155;84
27275.228515625;2426.134033203125;1;25790;2023-12-07 09:22:49.468155;84
27277.537109375;2270.33447265625;0;25791;2023-12-07 09:22:49.468155;84
27273.58203125;2422.732666015625;1;25791;2023-12-07 09:22:49.468155;84
27278.3671875;2267.8037109375;0;25792;2023-12-07 09:22:49.468155;84
27276.0390625;2426.73681640625;1;25792;2023-12-07 09:22:49.468515;84
27276.57421875;2269.3740234375;0;25793;2023-12-07 09:22:49.468515;84
27281.55078125;2429.680419921875;1;25793;2023-12-07 09:22:49.468515;84
27274.291015625;2271.00048828125;0;25794;2023-12-07 09:22:49.489482;85
27272.1328125;2424.1904296875;1;25794;2023-12-07 09:22:49.489482;85
27275.939453125;2269.958984375;0;25795;2023-12-07 09:22:49.489482;85
27274.919921875;2427.2373046875;1;25795;2023-12-07 09:22:49.489482;85
27282.96484375;2272.057861328125;0;25796;2023-12-07 09:22:49.489482;85
27279.76953125;2428.516845703125;1;25796;2023-12-07 09:22:49.489482;85
27277.94921875;2271.55810546875;0;25797;2023-12-07 09:22:49.489482;85
27279.431640625;2426.74072265625;1;25797;2023-12-07 09:22:49.490483;85
27276.572265625;2269.2783203125;0;25798;2023-12-07 09:22:49.490483;85
27279.125;2426.789306640625;1;25798;2023-12-07 09:22:49.509517;86
27277.666015625;2271.2783203125;0;25799;2023-12-07 09:22:49.509517;86
27274.2578125;2427.943359375;1;25799;2023-12-07 09:22:49.509517;86
27275.068359375;2268.422119140625;0;25800;2023-12-07 09:22:49.510504;86
27275.12890625;2428.712646484375;1;25800;2023-12-07 09:22:49.510504;86
27277.6171875;2268.206787109375;0;25801;2023-12-07 09:22:49.510504;86
27281.87109375;2425.855712890625;1;25801;2023-12-07 09:22:49.510504;86
27272.265625;2271.96630859375;0;25802;2023-12-07 09:22:49.510504;86
27272.15625;2429.637451171875;1;25802;2023-12-07 09:22:49.510504;86
27275.921875;2268.117919921875;0;25803;2023-12-07 09:22:49.532111;87
27277.603515625;2427.4677734375;1;25803;2023-12-07 09:22:49.532111;87
27275.943359375;2270.546630859375;0;25804;2023-12-07 09:22:49.532111;87
27286.138671875;2426.0107421875;1;25804;2023-12-07 09:22:49.532111;87
27280.005859375;2265.6865234375;0;25805;2023-12-07 09:22:49.532111;87
27279.728515625;2425.44189453125;1;25805;2023-12-07 09:22:49.532111;87
27274.802734375;2265.607666015625;0;25806;2023-12-07 09:22:49.532111;87
27274.14453125;2426.097900390625;1;25806;2023-12-07 09:22:49.532111;87
27272.177734375;2271.8359375;0;25807;2023-12-07 09:22:49.532111;87
27270.40234375;2425.131103515625;1;25807;2023-12-07 09:22:49.550938;88
27272.9609375;2272.48876953125;0;25808;2023-12-07 09:22:49.551093;88
27274.9453125;2428.577392578125;1;25808;2023-12-07 09:22:49.551093;88
27284.865234375;2266.75;0;25809;2023-12-07 09:22:49.551093;88
27284.998046875;2425.976806640625;1;25809;2023-12-07 09:22:49.551093;88
27280.1640625;2270.99951171875;0;25810;2023-12-07 09:22:49.551093;88
27279.091796875;2427.603271484375;1;25810;2023-12-07 09:22:49.551093;88
27281.087890625;2270.634765625;0;25811;2023-12-07 09:22:49.551093;88
27278.19140625;2426.234619140625;1;25811;2023-12-07 09:22:49.551093;88
27274.7578125;2273.301513671875;0;25812;2023-12-07 09:22:49.572153;89
27275.78515625;2428.627197265625;1;25812;2023-12-07 09:22:49.572153;89
27281.83984375;2273.699462890625;0;25813;2023-12-07 09:22:49.572153;89
27281.984375;2429.86328125;1;25813;2023-12-07 09:22:49.573124;89
27284.54296875;2266.675537109375;0;25814;2023-12-07 09:22:49.573124;89
27285.294921875;2429.915771484375;1;25814;2023-12-07 09:22:49.573124;89
27279.83203125;2270.14013671875;0;25815;2023-12-07 09:22:49.573124;89
27278.150390625;2423.477294921875;1;25815;2023-12-07 09:22:49.573124;89
27282.56640625;2270.3466796875;0;25816;2023-12-07 09:22:49.573124;89
27284.701171875;2428.4541015625;1;25816;2023-12-07 09:22:49.592898;90
27282.169921875;2270.11376953125;0;25817;2023-12-07 09:22:49.592898;90
27284.330078125;2425.9716796875;1;25817;2023-12-07 09:22:49.593098;90
27282.845703125;2270.99560546875;0;25818;2023-12-07 09:22:49.593098;90
27282.833984375;2425.844970703125;1;25818;2023-12-07 09:22:49.593098;90
27280.12890625;2273.370361328125;0;25819;2023-12-07 09:22:49.593098;90
27280.36328125;2430.77197265625;1;25819;2023-12-07 09:22:49.593098;90
