145.67489624023438;117.48213958740234;c0;7;2023-11-09 17:09:21.784445;1
150.07406616210938;119.16740417480469;c1;7;2023-11-09 17:09:21.784445;1
127.89990234375;115.78900146484375;c0;6;2023-11-09 17:09:21.784445;1
128.21624755859375;117.56134033203125;c1;6;2023-11-09 17:09:21.784445;1
148.71023559570312;117.33679962158203;c0;7;2023-11-09 17:09:21.784445;1
153.84011840820312;119.23492431640625;c1;7;2023-11-09 17:09:21.784445;2
127.32401275634766;115.74514770507812;c0;6;2023-11-09 17:09:21.784445;2
127.63045501708984;117.59255981445312;c1;6;2023-11-09 17:09:21.784445;2
148.6638946533203;117.37454223632812;c0;7;2023-11-09 17:09:21.784445;2
150.7407684326172;119.07038879394531;c1;7;2023-11-09 17:09:21.784445;2
127.72982025146484;115.71868133544922;c0;6;2023-11-09 17:09:21.784445;2
127.93289184570312;117.65873718261719;c1;6;2023-11-09 17:09:21.784445;2
148.3677215576172;117.41564178466797;c0;7;2023-11-09 17:09:21.785446;2
146.24998474121094;119.25379943847656;c1;7;2023-11-09 17:09:21.785446;2
126.92015075683594;115.79339599609375;c0;6;2023-11-09 17:09:21.785446;3
128.50296020507812;117.63931274414062;c1;6;2023-11-09 17:09:21.785446;3
146.6741180419922;117.47518157958984;c0;7;2023-11-09 17:09:21.785446;3
150.5270233154297;119.12353515625;c1;7;2023-11-09 17:09:21.785446;3
127.77696990966797;115.75933074951172;c0;6;2023-11-09 17:09:21.785446;3
128.0668182373047;117.64265441894531;c1;6;2023-11-09 17:09:21.785446;3
148.3741455078125;117.5622787475586;c0;7;2023-11-09 17:09:21.785446;3
153.5165252685547;119.0331802368164;c1;7;2023-11-09 17:09:21.785446;3
127.49919891357422;115.71607971191406;c0;6;2023-11-09 17:09:21.785446;3
128.0983123779297;117.67108154296875;c1;6;2023-11-09 17:09:21.785446;4
148.892822265625;117.29498291015625;c0;7;2023-11-09 17:09:21.785446;4
151.33895874023438;119.19355773925781;c1;7;2023-11-09 17:09:21.785446;4
127.08277130126953;115.83050537109375;c0;6;2023-11-09 17:09:21.785446;4
128.12200927734375;117.64656066894531;c1;6;2023-11-09 17:09:21.785446;4
149.58154296875;117.60376739501953;c0;7;2023-11-09 17:09:21.785446;4
147.8579559326172;119.02421569824219;c1;7;2023-11-09 17:09:21.785446;4
127.50959777832031;115.82318115234375;c0;6;2023-11-09 17:09:21.785446;4
127.70756530761719;117.61763763427734;c1;6;2023-11-09 17:09:21.785446;4
146.45062255859375;117.31495666503906;c0;7;2023-11-09 17:09:21.786446;5
150.59310913085938;119.12728881835938;c1;7;2023-11-09 17:09:21.786446;5
127.8139877319336;115.78475952148438;c0;6;2023-11-09 17:09:21.786446;5
128.34817504882812;117.68701934814453;c1;6;2023-11-09 17:09:21.786446;5
148.63436889648438;117.37469482421875;c0;7;2023-11-09 17:09:21.786446;5
153.22915649414062;119.18403625488281;c1;7;2023-11-09 17:09:21.786446;5
127.32235717773438;115.76316833496094;c0;6;2023-11-09 17:09:21.786446;5
127.88963317871094;117.64969635009766;c1;6;2023-11-09 17:09:21.786446;5
147.69149780273438;117.37675476074219;c0;7;2023-11-09 17:09:21.786446;5
151.55523681640625;119.17980194091797;c1;7;2023-11-09 17:09:21.786446;6
127.5540771484375;115.88614654541016;c0;6;2023-11-09 17:09:21.786446;6
127.98987579345703;117.66792297363281;c1;6;2023-11-09 17:09:21.786446;6
149.37843322753906;117.46098327636719;c0;7;2023-11-09 17:09:21.786446;6
146.6399688720703;119.30818176269531;c1;7;2023-11-09 17:09:21.786446;6
127.40748596191406;115.79359436035156;c0;6;2023-11-09 17:09:21.786446;6
128.69554138183594;117.63367462158203;c1;6;2023-11-09 17:09:21.786446;6
146.32542419433594;117.5095443725586;c0;7;2023-11-09 17:09:21.786446;6
149.02880859375;119.1517562866211;c1;7;2023-11-09 17:09:21.786446;6
127.40887451171875;115.78861236572266;c0;6;2023-11-09 17:09:21.786446;7
128.04232788085938;117.63675689697266;c1;6;2023-11-09 17:09:21.786446;7
148.42547607421875;117.48478698730469;c0;7;2023-11-09 17:09:21.786446;7
153.5119171142578;119.25988006591797;c1;7;2023-11-09 17:09:21.787445;7
127.8525161743164;115.795166015625;c0;6;2023-11-09 17:09:21.787445;7
127.86544799804688;117.71369171142578;c1;6;2023-11-09 17:09:21.787445;7
148.23428344726562;117.42355346679688;c0;7;2023-11-09 17:09:21.787445;7
150.83792114257812;119.04549407958984;c1;7;2023-11-09 17:09:21.787445;7
127.23482513427734;115.78382873535156;c0;6;2023-11-09 17:09:21.787445;7
128.24954223632812;117.62994384765625;c1;6;2023-11-09 17:09:21.787445;8
149.4183349609375;117.46934509277344;c0;7;2023-11-09 17:09:21.787445;8
147.51792907714844;119.03496551513672;c1;7;2023-11-09 17:09:21.787445;8
127.30451202392578;115.76728057861328;c0;6;2023-11-09 17:09:21.787445;8
128.23031616210938;117.55451965332031;c1;6;2023-11-09 17:09:21.787445;8
144.78712463378906;117.38933563232422;c0;7;2023-11-09 17:09:21.787445;8
149.3490447998047;119.03252410888672;c1;7;2023-11-09 17:09:21.787445;8
127.77738952636719;115.80683135986328;c0;6;2023-11-09 17:09:21.787445;8
128.09994506835938;117.60707092285156;c1;6;2023-11-09 17:09:21.787445;8
148.23158264160156;117.31990051269531;c0;7;2023-11-09 17:09:21.787445;9
153.00003051757812;119.19853210449219;c1;7;2023-11-09 17:09:21.787445;9
127.26068115234375;115.84210205078125;c0;6;2023-11-09 17:09:21.787445;9
127.96105194091797;117.60003662109375;c1;6;2023-11-09 17:09:21.787445;9
147.60385131835938;117.37591552734375;c0;7;2023-11-09 17:09:21.787445;9
150.8994598388672;119.1142349243164;c1;7;2023-11-09 17:09:21.787445;9
127.21832275390625;115.80620574951172;c0;6;2023-11-09 17:09:21.788445;9
128.3684539794922;117.59129333496094;c1;6;2023-11-09 17:09:21.788445;9
149.4055633544922;117.46247100830078;c0;7;2023-11-09 17:09:21.788445;9
147.58401489257812;119.17939758300781;c1;7;2023-11-09 17:09:21.788445;10
128.09384155273438;115.80045318603516;c0;6;2023-11-09 17:09:21.788445;10
128.71124267578125;117.61930847167969;c1;6;2023-11-09 17:09:21.788445;10
145.14788818359375;117.46358489990234;c0;7;2023-11-09 17:09:21.788445;10
149.8765106201172;119.00113677978516;c1;7;2023-11-09 17:09:21.788445;10
128.09259033203125;115.72618865966797;c0;6;2023-11-09 17:09:21.788445;10
128.03228759765625;117.68286895751953;c1;6;2023-11-09 17:09:21.788445;10
148.84072875976562;117.40726470947266;c0;7;2023-11-09 17:09:21.788445;10
153.8321990966797;119.08418273925781;c1;7;2023-11-09 17:09:21.788445;10
127.53435516357422;115.73855590820312;c0;6;2023-11-09 17:09:21.788445;11
127.99581909179688;117.63455963134766;c1;6;2023-11-09 17:09:21.788445;11
148.23202514648438;117.4762954711914;c0;7;2023-11-09 17:09:21.788445;11
151.19261169433594;119.23435974121094;c1;7;2023-11-09 17:09:21.788445;11
127.67290496826172;115.75579833984375;c0;6;2023-11-09 17:09:21.788445;11
127.82369995117188;117.63336181640625;c1;6;2023-11-09 17:09:21.788445;11
149.49691772460938;117.45498657226562;c0;7;2023-11-09 17:09:21.788445;11
147.62229919433594;119.24762725830078;c1;7;2023-11-09 17:09:21.788445;11
127.11424255371094;115.86433410644531;c0;6;2023-11-09 17:09:21.788445;11
128.14630126953125;117.68373107910156;c1;6;2023-11-09 17:09:21.789445;12
145.9075927734375;117.28399658203125;c0;7;2023-11-09 17:09:21.789445;12
150.431884765625;119.17973327636719;c1;7;2023-11-09 17:09:21.789445;12
127.92142486572266;115.73872375488281;c0;6;2023-11-09 17:09:21.789445;12
128.130859375;117.6881103515625;c1;6;2023-11-09 17:09:21.789445;12
148.52745056152344;117.44196319580078;c0;7;2023-11-09 17:09:21.789445;12
152.79872131347656;119.07349395751953;c1;7;2023-11-09 17:09:21.789445;12
127.4449691772461;115.76251220703125;c0;6;2023-11-09 17:09:21.789445;12
127.96831512451172;117.53936767578125;c1;6;2023-11-09 17:09:21.789445;12
148.5183563232422;117.30635070800781;c0;7;2023-11-09 17:09:21.789445;13
151.26016235351562;119.09065246582031;c1;7;2023-11-09 17:09:21.789445;13
127.26647186279297;115.6294937133789;c0;6;2023-11-09 17:09:21.789445;13
128.21632385253906;117.66761016845703;c1;6;2023-11-09 17:09:21.789445;13
149.72251892089844;117.3653793334961;c0;7;2023-11-09 17:09:21.789445;13
147.57591247558594;119.09136199951172;c1;7;2023-11-09 17:09:21.789445;13
127.67950439453125;115.73941802978516;c0;6;2023-11-09 17:09:21.789445;13
128.4863739013672;117.75627136230469;c1;6;2023-11-09 17:09:21.789445;13
144.8971405029297;117.45162963867188;c0;7;2023-11-09 17:09:21.789445;13
151.51268005371094;119.02232360839844;c1;7;2023-11-09 17:09:21.789445;14
127.94481658935547;115.74635314941406;c0;6;2023-11-09 17:09:21.789445;14
127.54824829101562;117.62004852294922;c1;6;2023-11-09 17:09:21.789445;14
148.7997589111328;117.42582702636719;c0;7;2023-11-09 17:09:21.790445;14
152.1717529296875;119.15370178222656;c1;7;2023-11-09 17:09:21.790445;14
127.17210388183594;115.7900390625;c0;6;2023-11-09 17:09:21.790445;14
128.3173828125;117.68173217773438;c1;6;2023-11-09 17:09:21.790445;14
148.3748779296875;117.4317626953125;c0;7;2023-11-09 17:09:21.790445;14
150.3680877685547;119.29222869873047;c1;7;2023-11-09 17:09:21.790445;14
127.60297393798828;115.68009185791016;c0;6;2023-11-09 17:09:21.790445;15
128.0714874267578;117.55320739746094;c1;6;2023-11-09 17:09:21.790445;15
149.5603485107422;117.69112396240234;c0;7;2023-11-09 17:09:21.790445;15
148.3197479248047;119.23133850097656;c1;7;2023-11-09 17:09:21.790445;15
127.60718536376953;115.80335998535156;c0;6;2023-11-09 17:09:21.790445;15
128.3396759033203;117.66560363769531;c1;6;2023-11-09 17:09:21.790445;15
145.9513397216797;117.4976577758789;c0;7;2023-11-09 17:09:21.790445;15
151.349365234375;119.2193603515625;c1;7;2023-11-09 17:09:21.790445;15
127.88555145263672;115.80477142333984;c0;6;2023-11-09 17:09:21.790445;15
127.9104232788086;117.65314483642578;c1;6;2023-11-09 17:09:21.790445;16
148.3497772216797;117.34564208984375;c0;7;2023-11-09 17:09:21.790445;16
153.06809997558594;118.9722900390625;c1;7;2023-11-09 17:09:21.790445;16
127.4272232055664;115.69278717041016;c0;6;2023-11-09 17:09:21.790445;16
128.14146423339844;117.65229034423828;c1;6;2023-11-09 17:09:21.790445;16
148.1880645751953;117.22659301757812;c0;7;2023-11-09 17:09:21.790445;16
150.82470703125;119.05949401855469;c1;7;2023-11-09 17:09:21.791445;16
127.60565948486328;115.85569763183594;c0;6;2023-11-09 17:09:21.791445;16
127.99793243408203;117.66045379638672;c1;6;2023-11-09 17:09:21.791445;16
149.62332153320312;117.41278076171875;c0;7;2023-11-09 17:09:21.791445;17
148.90399169921875;119.20111846923828;c1;7;2023-11-09 17:09:21.791445;17
127.46248626708984;115.81363677978516;c0;6;2023-11-09 17:09:21.791445;17
128.2540740966797;117.64661407470703;c1;6;2023-11-09 17:09:21.791445;17
144.48239135742188;117.39928436279297;c0;7;2023-11-09 17:09:21.791445;17
149.5320587158203;119.20523834228516;c1;7;2023-11-09 17:09:21.791445;17
127.75745391845703;115.79732513427734;c0;6;2023-11-09 17:09:21.791445;17
127.86568450927734;117.7303237915039;c1;6;2023-11-09 17:09:21.791445;17
148.32423400878906;117.30342864990234;c0;7;2023-11-09 17:09:21.791445;17
151.9072265625;119.08306884765625;c1;7;2023-11-09 17:09:21.791445;18
127.22676849365234;115.72100067138672;c0;6;2023-11-09 17:09:21.791445;18
128.08978271484375;117.59407806396484;c1;6;2023-11-09 17:09:21.791445;18
149.1191864013672;117.49654388427734;c0;7;2023-11-09 17:09:21.791445;18
150.5644073486328;119.09904479980469;c1;7;2023-11-09 17:09:21.791445;18
127.54643249511719;115.75846862792969;c0;6;2023-11-09 17:09:21.791445;18
127.67858123779297;117.65518951416016;c1;6;2023-11-09 17:09:21.791445;18
149.02894592285156;117.3807144165039;c0;7;2023-11-09 17:09:21.791445;18
148.9489288330078;119.21199035644531;c1;7;2023-11-09 17:09:21.791445;18
127.4386215209961;115.7757568359375;c0;6;2023-11-09 17:09:21.792445;19
128.87063598632812;117.64318084716797;c1;6;2023-11-09 17:09:21.792445;19
145.0828399658203;117.37940979003906;c0;7;2023-11-09 17:09:21.792445;19
149.75152587890625;119.1805191040039;c1;7;2023-11-09 17:09:21.792445;19
127.90142822265625;115.79288482666016;c0;6;2023-11-09 17:09:21.792445;19
128.11083984375;117.58483123779297;c1;6;2023-11-09 17:09:21.792445;19
148.43862915039062;117.44683837890625;c0;7;2023-11-09 17:09:21.792445;19
152.33900451660156;119.21632385253906;c1;7;2023-11-09 17:09:21.792445;19
126.83041381835938;115.86109924316406;c0;6;2023-11-09 17:09:21.792445;19
127.71890258789062;117.70378875732422;c1;6;2023-11-09 17:09:21.792445;20
149.36373901367188;117.24994659423828;c0;7;2023-11-09 17:09:21.792445;20
149.71141052246094;119.20911407470703;c1;7;2023-11-09 17:09:21.792445;20
127.57266235351562;115.76078796386719;c0;6;2023-11-09 17:09:21.792445;20
127.97801971435547;117.64019012451172;c1;6;2023-11-09 17:09:21.792445;20
149.62893676757812;117.33460235595703;c0;7;2023-11-09 17:09:21.792445;20
148.30137634277344;119.17303466796875;c1;7;2023-11-09 17:09:21.792445;20
127.37299346923828;115.766357421875;c0;6;2023-11-09 17:09:21.792445;20
128.25140380859375;117.68732452392578;c1;6;2023-11-09 17:09:21.792445;20
143.9768829345703;117.41046142578125;c0;7;2023-11-09 17:09:21.792445;21
149.7919158935547;118.9964599609375;c1;7;2023-11-09 17:09:21.792445;21
128.07948303222656;115.75839233398438;c0;6;2023-11-09 17:09:21.793445;21
127.75627899169922;117.65437316894531;c1;6;2023-11-09 17:09:21.793445;21
148.53414916992188;117.34831237792969;c0;7;2023-11-09 17:09:21.793445;21
150.86671447753906;119.16670989990234;c1;7;2023-11-09 17:09:21.793445;21
127.10696411132812;115.8399658203125;c0;6;2023-11-09 17:09:21.793445;21
128.0065460205078;117.64733123779297;c1;6;2023-11-09 17:09:21.793445;21
149.44427490234375;117.46369934082031;c0;7;2023-11-09 17:09:21.793445;21
150.1174774169922;119.18219757080078;c1;7;2023-11-09 17:09:21.793445;22
127.35637664794922;115.77758026123047;c0;6;2023-11-09 17:09:21.793445;22
127.88063049316406;117.71986389160156;c1;6;2023-11-09 17:09:21.793445;22
148.45533752441406;117.54332733154297;c0;7;2023-11-09 17:09:21.793445;22
148.72052001953125;119.13514709472656;c1;7;2023-11-09 17:09:21.793445;22
127.5870361328125;115.75316619873047;c0;6;2023-11-09 17:09:21.793445;22
128.6102294921875;117.70346069335938;c1;6;2023-11-09 17:09:21.793445;22
144.5924530029297;117.46788024902344;c0;7;2023-11-09 17:09:21.793445;22
149.83140563964844;119.14627075195312;c1;7;2023-11-09 17:09:21.793445;22
127.90071868896484;115.76410675048828;c0;6;2023-11-09 17:09:21.793445;23
127.59221649169922;117.69686889648438;c1;6;2023-11-09 17:09:21.793445;23
148.49609375;117.54129028320312;c0;7;2023-11-09 17:09:21.793445;23
151.48590087890625;119.18014526367188;c1;7;2023-11-09 17:09:21.793445;23
126.17887878417969;115.7973403930664;c0;6;2023-11-09 17:09:21.793445;23
128.26182556152344;117.68791961669922;c1;6;2023-11-09 17:09:21.793445;23
147.8768310546875;117.37208557128906;c0;7;2023-11-09 17:09:21.794445;23
150.50140380859375;119.2157211303711;c1;7;2023-11-09 17:09:21.794445;23
127.59424591064453;115.78156280517578;c0;6;2023-11-09 17:09:21.794445;23
128.08688354492188;117.6353759765625;c1;6;2023-11-09 17:09:21.794445;24
150.0096893310547;117.47633361816406;c0;7;2023-11-09 17:09:21.794445;24
149.25137329101562;119.25289916992188;c1;7;2023-11-09 17:09:21.794794;24
127.6803207397461;115.76718139648438;c0;6;2023-11-09 17:09:21.794794;24
128.465576171875;117.59747314453125;c1;6;2023-11-09 17:09:21.794794;24
144.4087371826172;117.34445190429688;c0;7;2023-11-09 17:09:21.794794;24
150.5732421875;119.13546752929688;c1;7;2023-11-09 17:09:21.794794;24
127.88677978515625;115.83621978759766;c0;6;2023-11-09 17:09:21.794794;24
127.91104125976562;117.56818389892578;c1;6;2023-11-09 17:09:21.794794;24
148.21170043945312;117.40084838867188;c0;7;2023-11-09 17:09:21.794794;25
151.72840881347656;119.18209838867188;c1;7;2023-11-09 17:09:21.794794;25
126.95044708251953;115.81834411621094;c0;6;2023-11-09 17:09:21.794794;25
128.22665405273438;117.58153533935547;c1;6;2023-11-09 17:09:21.794794;25
148.11805725097656;117.3150405883789;c0;7;2023-11-09 17:09:21.794794;25
149.85536193847656;119.12442016601562;c1;7;2023-11-09 17:09:21.794794;25
127.40753173828125;115.8139419555664;c0;6;2023-11-09 17:09:21.794794;25
128.0939483642578;117.69039154052734;c1;6;2023-11-09 17:09:21.795445;25
148.0792999267578;117.40872192382812;c0;7;2023-11-09 17:09:21.795445;25
149.8345184326172;119.16824340820312;c1;7;2023-11-09 17:09:21.795445;26
128.04678344726562;115.72045135498047;c0;6;2023-11-09 17:09:21.795445;26
128.2042999267578;117.61918640136719;c1;6;2023-11-09 17:09:21.795445;26
145.1820831298828;117.35063934326172;c0;7;2023-11-09 17:09:21.795445;26
150.14036560058594;119.1222152709961;c1;7;2023-11-09 17:09:21.795445;26
127.45104217529297;115.73988342285156;c0;6;2023-11-09 17:09:21.795445;26
127.2067642211914;117.74041748046875;c1;6;2023-11-09 17:09:21.795445;26
147.82241821289062;117.40876770019531;c0;7;2023-11-09 17:09:21.795445;26
151.1858673095703;119.21597290039062;c1;7;2023-11-09 17:09:21.795445;26
127.0671615600586;115.83003997802734;c0;6;2023-11-09 17:09:21.795445;27
127.76577758789062;117.6266098022461;c1;6;2023-11-09 17:09:21.795445;27
148.70413208007812;117.41476440429688;c0;7;2023-11-09 17:09:21.795445;27
149.08084106445312;119.28311157226562;c1;7;2023-11-09 17:09:21.795445;27
127.25106048583984;115.77285766601562;c0;6;2023-11-09 17:09:21.795445;27
128.27645874023438;117.68341064453125;c1;6;2023-11-09 17:09:21.795445;27
148.37831115722656;117.66142272949219;c0;7;2023-11-09 17:09:21.796444;27
148.90667724609375;119.15975189208984;c1;7;2023-11-09 17:09:21.796444;27
127.95853424072266;115.78861999511719;c0;6;2023-11-09 17:09:21.796444;27
127.9410400390625;117.69274139404297;c1;6;2023-11-09 17:09:21.796444;28
144.52239990234375;117.35072326660156;c0;7;2023-11-09 17:09:21.796444;28
149.57679748535156;119.11669921875;c1;7;2023-11-09 17:09:21.796444;28
127.928955078125;115.69979858398438;c0;6;2023-11-09 17:09:21.796444;28
127.33049011230469;117.63580322265625;c1;6;2023-11-09 17:09:21.796444;28
148.49728393554688;117.44847106933594;c0;7;2023-11-09 17:09:21.796444;28
151.14393615722656;119.09053039550781;c1;7;2023-11-09 17:09:21.796444;28
126.70874786376953;115.85809326171875;c0;6;2023-11-09 17:09:21.796444;28
127.88800048828125;117.62738800048828;c1;6;2023-11-09 17:09:21.796444;28
152.74925231933594;117.33757019042969;c0;7;2023-11-09 17:09:21.796444;29
149.42605590820312;119.21986389160156;c1;7;2023-11-09 17:09:21.796444;29
127.12470245361328;115.75506591796875;c0;6;2023-11-09 17:09:21.796444;29
128.6981964111328;117.66732788085938;c1;6;2023-11-09 17:09:21.797446;29
148.29629516601562;117.3983383178711;c0;7;2023-11-09 17:09:21.797446;29
150.06077575683594;119.26034545898438;c1;7;2023-11-09 17:09:21.797446;29
128.31324768066406;115.78180694580078;c0;6;2023-11-09 17:09:21.797641;29
127.69541931152344;117.66384887695312;c1;6;2023-11-09 17:09:21.797641;29
143.93038940429688;117.53924560546875;c0;7;2023-11-09 17:09:21.797641;29
150.62620544433594;119.12161254882812;c1;7;2023-11-09 17:09:21.797641;30
127.7034912109375;115.86396026611328;c0;6;2023-11-09 17:09:21.797641;30
127.18704986572266;117.67381286621094;c1;6;2023-11-09 17:09:21.797641;30
147.86065673828125;117.41727447509766;c0;7;2023-11-09 17:09:21.797641;30
151.41041564941406;119.06625366210938;c1;7;2023-11-09 17:09:21.797641;30
126.63723754882812;115.78947448730469;c0;6;2023-11-09 17:09:21.797641;30
128.2890167236328;117.66985321044922;c1;6;2023-11-09 17:09:21.797641;30
151.2758331298828;117.44440460205078;c0;7;2023-11-09 17:09:21.797641;30
148.42562866210938;119.1592788696289;c1;7;2023-11-09 17:09:21.797641;30
127.5599365234375;115.63542938232422;c0;6;2023-11-09 17:09:21.797641;31
128.42520141601562;117.71669006347656;c1;6;2023-11-09 17:09:21.797641;31
149.18455505371094;117.37520599365234;c0;7;2023-11-09 17:09:21.797641;31
149.57058715820312;119.20196533203125;c1;7;2023-11-09 17:09:21.797641;31
128.390380859375;115.7967300415039;c0;6;2023-11-09 17:09:21.798446;31
128.0332489013672;117.58797454833984;c1;6;2023-11-09 17:09:21.798446;31
144.09242248535156;117.3432388305664;c0;7;2023-11-09 17:09:21.798446;31
150.19186401367188;119.12471008300781;c1;7;2023-11-09 17:09:21.798446;31
127.57714080810547;115.70940399169922;c0;6;2023-11-09 17:09:21.798446;31
127.1879653930664;117.61750793457031;c1;6;2023-11-09 17:09:21.798446;32
149.17013549804688;117.52764129638672;c0;7;2023-11-09 17:09:21.798773;32
151.2708740234375;119.12501525878906;c1;7;2023-11-09 17:09:21.798773;32
126.3134765625;115.84036254882812;c0;6;2023-11-09 17:09:21.798773;32
127.67072296142578;117.62913513183594;c1;6;2023-11-09 17:09:21.798773;32
152.5304412841797;117.33560943603516;c0;7;2023-11-09 17:09:21.798978;32
148.9161834716797;119.27487182617188;c1;7;2023-11-09 17:09:21.798978;32
127.34999084472656;115.80990600585938;c0;6;2023-11-09 17:09:21.798978;32
129.33102416992188;117.58261108398438;c1;6;2023-11-09 17:09:21.798978;32
149.1426544189453;117.44410705566406;c0;7;2023-11-09 17:09:21.798978;33
149.7786102294922;118.94757080078125;c1;7;2023-11-09 17:09:21.798978;33
128.07659912109375;115.74934387207031;c0;6;2023-11-09 17:09:21.798978;33
127.87486267089844;117.73086547851562;c1;6;2023-11-09 17:09:21.798978;33
143.8695526123047;117.3961181640625;c0;7;2023-11-09 17:09:21.798978;33
150.72695922851562;119.16072845458984;c1;7;2023-11-09 17:09:21.798978;33
127.90093994140625;115.74120330810547;c0;6;2023-11-09 17:09:21.799445;33
126.99140167236328;117.71666717529297;c1;6;2023-11-09 17:09:21.799445;33
148.07272338867188;117.34703063964844;c0;7;2023-11-09 17:09:21.799445;33
149.85906982421875;119.1800765991211;c1;7;2023-11-09 17:09:21.799445;34
126.0659408569336;115.84005737304688;c0;6;2023-11-09 17:09:21.799445;34
127.8294906616211;117.60865783691406;c1;6;2023-11-09 17:09:21.799445;34
151.7938232421875;117.3828125;c0;7;2023-11-09 17:09:21.799445;34
149.21054077148438;119.2327880859375;c1;7;2023-11-09 17:09:21.799445;34
127.07479095458984;115.78180694580078;c0;6;2023-11-09 17:09:21.799445;34
128.52334594726562;117.67727661132812;c1;6;2023-11-09 17:09:21.799445;34
149.08216857910156;117.5443115234375;c0;7;2023-11-09 17:09:21.799445;34
149.4530487060547;119.19959259033203;c1;7;2023-11-09 17:09:21.799445;34
128.5904541015625;115.67517852783203;c0;6;2023-11-09 17:09:22.165851;35
128.13934326171875;117.61126708984375;c1;6;2023-11-09 17:09:22.165851;35
145.06100463867188;117.39186096191406;c0;7;2023-11-09 17:09:22.165851;35
151.10992431640625;119.16886901855469;c1;7;2023-11-09 17:09:22.165851;35
127.67269134521484;115.81126403808594;c0;6;2023-11-09 17:09:22.165851;35
127.41153717041016;117.60542297363281;c1;6;2023-11-09 17:09:22.165851;35
149.22108459472656;117.2592544555664;c0;7;2023-11-09 17:09:22.165851;35
150.58238220214844;119.14085388183594;c1;7;2023-11-09 17:09:22.165851;35
126.04871368408203;115.71829986572266;c0;6;2023-11-09 17:09:22.165851;35
128.0832061767578;117.59424591064453;c1;6;2023-11-09 17:09:22.165851;36
151.40060424804688;117.39537811279297;c0;7;2023-11-09 17:09:22.165851;36
149.1593017578125;119.27497863769531;c1;7;2023-11-09 17:09:22.165851;36
127.66158294677734;115.79322052001953;c0;6;2023-11-09 17:09:22.165851;36
129.13584899902344;117.61968231201172;c1;6;2023-11-09 17:09:22.165851;36
148.69876098632812;117.44609832763672;c0;7;2023-11-09 17:09:22.165851;36
149.9708251953125;119.08399963378906;c1;7;2023-11-09 17:09:22.165851;36
128.3846435546875;115.71739196777344;c0;6;2023-11-09 17:09:22.165851;36
128.0132598876953;117.55323791503906;c1;6;2023-11-09 17:09:22.165851;36
145.04144287109375;117.31266021728516;c0;7;2023-11-09 17:09:22.165851;37
150.07762145996094;119.26387786865234;c1;7;2023-11-09 17:09:22.165851;37
127.81649780273438;115.78398895263672;c0;6;2023-11-09 17:09:22.165851;37
127.06332397460938;117.64488220214844;c1;6;2023-11-09 17:09:22.166886;37
147.89764404296875;117.44483184814453;c0;7;2023-11-09 17:09:22.166886;37
150.84381103515625;119.29377746582031;c1;7;2023-11-09 17:09:22.166886;37
126.78370666503906;115.70692443847656;c0;6;2023-11-09 17:09:22.166886;37
128.18641662597656;117.67633056640625;c1;6;2023-11-09 17:09:22.166886;37
152.66464233398438;117.44998931884766;c0;7;2023-11-09 17:09:22.166886;37
146.60928344726562;119.38565063476562;c1;7;2023-11-09 17:09:22.166886;38
127.26729583740234;115.82979583740234;c0;6;2023-11-09 17:09:22.166886;38
128.93724060058594;117.6557388305664;c1;6;2023-11-09 17:09:22.166886;38
148.80050659179688;117.4584732055664;c0;7;2023-11-09 17:09:22.166886;38
150.7822265625;119.23396301269531;c1;7;2023-11-09 17:09:22.166886;38
128.25404357910156;115.83946990966797;c0;6;2023-11-09 17:09:22.166886;38
128.1420135498047;117.64442443847656;c1;6;2023-11-09 17:09:22.166886;38
143.8311767578125;117.51708221435547;c0;7;2023-11-09 17:09:22.166886;38
149.85122680664062;119.19755554199219;c1;7;2023-11-09 17:09:22.166886;38
127.67719268798828;115.85710144042969;c0;6;2023-11-09 17:09:22.166886;39
126.97312927246094;117.69184112548828;c1;6;2023-11-09 17:09:22.166886;39
148.14767456054688;117.43037414550781;c0;7;2023-11-09 17:09:22.166886;39
150.47679138183594;119.20343780517578;c1;7;2023-11-09 17:09:22.166886;39
126.26166534423828;115.74378204345703;c0;6;2023-11-09 17:09:22.166886;39
128.1107177734375;117.71138763427734;c1;6;2023-11-09 17:09:22.166886;39
151.64279174804688;117.26081085205078;c0;7;2023-11-09 17:09:22.166886;39
148.2901611328125;119.10942077636719;c1;7;2023-11-09 17:09:22.166886;39
127.59498596191406;115.7388916015625;c0;6;2023-11-09 17:09:22.166886;39
128.8601837158203;117.60035705566406;c1;6;2023-11-09 17:09:22.166886;40
148.44879150390625;117.23068237304688;c0;7;2023-11-09 17:09:22.166886;40
150.46502685546875;119.12067413330078;c1;7;2023-11-09 17:09:22.166886;40
128.74082946777344;115.71928405761719;c0;6;2023-11-09 17:09:22.166886;40
127.9063491821289;117.70481872558594;c1;6;2023-11-09 17:09:22.166886;40
145.47882080078125;117.23362731933594;c0;7;2023-11-09 17:09:22.166886;40
150.5563201904297;119.05715942382812;c1;7;2023-11-09 17:09:22.166886;40
127.48881530761719;115.8553237915039;c0;6;2023-11-09 17:09:22.166886;40
126.84120178222656;117.60124969482422;c1;6;2023-11-09 17:09:22.166886;40
149.32620239257812;117.23199462890625;c0;7;2023-11-09 17:09:22.166886;41
151.3011932373047;119.23359680175781;c1;7;2023-11-09 17:09:22.166886;41
126.23985290527344;115.74003601074219;c0;6;2023-11-09 17:09:22.166886;41
128.1611328125;117.74436950683594;c1;6;2023-11-09 17:09:22.166886;41
151.13938903808594;117.42064666748047;c0;7;2023-11-09 17:09:22.166886;41
148.61512756347656;119.27117156982422;c1;7;2023-11-09 17:09:22.166886;41
127.5093765258789;115.81891632080078;c0;6;2023-11-09 17:09:22.166886;41
129.35438537597656;117.60952758789062;c1;6;2023-11-09 17:09:22.166886;41
148.11895751953125;117.31539916992188;c0;7;2023-11-09 17:09:22.166886;41
150.7081298828125;119.29112243652344;c1;7;2023-11-09 17:09:22.166886;42
128.6454620361328;115.8044662475586;c0;6;2023-11-09 17:09:22.166886;42
128.2025909423828;117.60645294189453;c1;6;2023-11-09 17:09:22.166886;42
146.18740844726562;117.26786041259766;c0;7;2023-11-09 17:09:22.166886;42
149.87193298339844;119.1021499633789;c1;7;2023-11-09 17:09:22.166886;42
127.73346710205078;115.78840637207031;c0;6;2023-11-09 17:09:22.166886;42
126.73686218261719;117.72227478027344;c1;6;2023-11-09 17:09:22.166886;42
148.22186279296875;117.2807388305664;c0;7;2023-11-09 17:09:22.166886;42
151.55406188964844;119.22908020019531;c1;7;2023-11-09 17:09:22.166886;42
125.96900177001953;115.77542114257812;c0;6;2023-11-09 17:09:22.166886;43
127.84601593017578;117.65863037109375;c1;6;2023-11-09 17:09:22.166886;43
152.3401641845703;117.3382797241211;c0;7;2023-11-09 17:09:22.166886;43
149.33436584472656;119.33688354492188;c1;7;2023-11-09 17:09:22.166886;43
127.32501220703125;115.84809875488281;c0;6;2023-11-09 17:09:22.166886;43
129.02781677246094;117.67100524902344;c1;6;2023-11-09 17:09:22.166886;43
149.05734252929688;117.42414093017578;c0;7;2023-11-09 17:09:22.166886;43
150.272705078125;119.24629211425781;c1;7;2023-11-09 17:09:22.166886;43
128.49441528320312;115.79434967041016;c0;6;2023-11-09 17:09:22.166886;43
128.12074279785156;117.61478424072266;c1;6;2023-11-09 17:09:22.166886;44
145.7939453125;117.48908233642578;c0;7;2023-11-09 17:09:22.166886;44
151.7744140625;119.10128021240234;c1;7;2023-11-09 17:09:22.166886;44
127.57696533203125;115.77145385742188;c0;6;2023-11-09 17:09:22.166886;44
126.9513168334961;117.69790649414062;c1;6;2023-11-09 17:09:22.166886;44
149.74026489257812;117.42101287841797;c0;7;2023-11-09 17:09:22.166886;44
151.26779174804688;119.16272735595703;c1;7;2023-11-09 17:09:22.166886;44
126.37753295898438;115.76583099365234;c0;6;2023-11-09 17:09:22.166886;44
128.1127471923828;117.6614990234375;c1;6;2023-11-09 17:09:22.166886;44
151.85513305664062;117.44432830810547;c0;7;2023-11-09 17:09:22.166886;45
147.95159912109375;119.0137710571289;c1;7;2023-11-09 17:09:22.166886;45
127.67317199707031;115.76000213623047;c0;6;2023-11-09 17:09:22.166886;45
129.11058044433594;117.69356536865234;c1;6;2023-11-09 17:09:22.166886;45
148.64747619628906;117.56719970703125;c0;7;2023-11-09 17:09:22.166886;45
150.63063049316406;119.16820526123047;c1;7;2023-11-09 17:09:22.166886;45
128.2621612548828;115.8339614868164;c0;6;2023-11-09 17:09:22.166886;45
128.3553924560547;117.5881118774414;c1;6;2023-11-09 17:09:22.166886;45
145.94297790527344;117.6643295288086;c0;7;2023-11-09 17:09:22.166886;45
149.8668975830078;119.1054916381836;c1;7;2023-11-09 17:09:22.166886;46
127.91895294189453;115.74723052978516;c0;6;2023-11-09 17:09:22.166886;46
126.39002990722656;117.54395294189453;c1;6;2023-11-09 17:09:22.166886;46
148.1243438720703;117.50569152832031;c0;7;2023-11-09 17:09:22.166886;46
151.37059020996094;119.21965026855469;c1;7;2023-11-09 17:09:22.166886;46
126.16716003417969;115.70173645019531;c0;6;2023-11-09 17:09:22.166886;46
128.13233947753906;117.61897277832031;c1;6;2023-11-09 17:09:22.166886;46
151.96717834472656;117.53868103027344;c0;7;2023-11-09 17:09:22.166886;46
148.2451934814453;119.17902374267578;c1;7;2023-11-09 17:09:22.166886;46
127.40715026855469;115.78460693359375;c0;6;2023-11-09 17:09:22.166886;47
129.36431884765625;117.68417358398438;c1;6;2023-11-09 17:09:22.166886;47
148.84280395507812;117.55852508544922;c0;7;2023-11-09 17:09:22.166886;47
150.37132263183594;119.24446868896484;c1;7;2023-11-09 17:09:22.166886;47
128.97604370117188;115.81888580322266;c0;6;2023-11-09 17:09:22.166886;47
127.85089111328125;117.59410095214844;c1;6;2023-11-09 17:09:22.166886;47
146.14797973632812;117.4089126586914;c0;7;2023-11-09 17:09:22.166886;47
149.829345703125;119.08919525146484;c1;7;2023-11-09 17:09:22.166886;47
127.575439453125;115.77973937988281;c0;6;2023-11-09 17:09:22.166886;47
126.68123626708984;117.58922576904297;c1;6;2023-11-09 17:09:22.166886;48
148.14932250976562;117.32686614990234;c0;7;2023-11-09 17:09:22.166886;48
151.11709594726562;119.12112426757812;c1;7;2023-11-09 17:09:22.166886;48
125.41000366210938;115.74512481689453;c0;6;2023-11-09 17:09:22.166886;48
127.97671508789062;117.6177749633789;c1;6;2023-11-09 17:09:22.166886;48
151.4304656982422;117.49597930908203;c0;7;2023-11-09 17:09:22.166886;48
147.0903778076172;119.09088897705078;c1;7;2023-11-09 17:09:22.166886;48
127.5821304321289;115.7789535522461;c0;6;2023-11-09 17:09:22.166886;48
129.23118591308594;117.61343383789062;c1;6;2023-11-09 17:09:22.166886;48
148.96946716308594;117.5030517578125;c0;7;2023-11-09 17:09:22.166886;49
150.16810607910156;119.1273193359375;c1;7;2023-11-09 17:09:22.166886;49
128.5574951171875;115.84651184082031;c0;6;2023-11-09 17:09:22.166886;49
128.4588165283203;117.64486694335938;c1;6;2023-11-09 17:09:22.166886;49
145.99307250976562;117.55200958251953;c0;7;2023-11-09 17:09:22.166886;49
149.99697875976562;119.10070037841797;c1;7;2023-11-09 17:09:22.166886;49
127.6529769897461;115.84837341308594;c0;6;2023-11-09 17:09:22.166886;49
127.01815032958984;117.59735870361328;c1;6;2023-11-09 17:09:22.166886;49
147.4698486328125;117.42220306396484;c0;7;2023-11-09 17:09:22.166886;49
150.98446655273438;119.22815704345703;c1;7;2023-11-09 17:09:22.166886;50
126.15898895263672;115.79594421386719;c0;6;2023-11-09 17:09:22.166886;50
127.76980590820312;117.6731185913086;c1;6;2023-11-09 17:09:22.166886;50
151.6078643798828;117.41992950439453;c0;7;2023-11-09 17:09:22.166886;50
146.3225555419922;119.16738891601562;c1;7;2023-11-09 17:09:22.166886;50
127.32376098632812;115.78253936767578;c0;6;2023-11-09 17:09:22.166886;50
129.21949768066406;117.65908813476562;c1;6;2023-11-09 17:09:22.166886;50
148.67105102539062;117.5062255859375;c0;7;2023-11-09 17:09:22.166886;50
150.39151000976562;119.16078186035156;c1;7;2023-11-09 17:09:22.166886;50
128.12210083007812;115.75334930419922;c0;6;2023-11-09 17:09:22.166886;51
127.94818115234375;117.67765045166016;c1;6;2023-11-09 17:09:22.166886;51
145.37338256835938;117.33360290527344;c0;7;2023-11-09 17:09:22.166886;51
149.73403930664062;119.03919982910156;c1;7;2023-11-09 17:09:22.166886;51
127.63414764404297;115.79806518554688;c0;6;2023-11-09 17:09:22.166886;51
126.98411560058594;117.63943481445312;c1;6;2023-11-09 17:09:22.166886;51
149.07398986816406;117.37049865722656;c0;7;2023-11-09 17:09:22.166886;51
151.19540405273438;119.22615051269531;c1;7;2023-11-09 17:09:22.166886;51
126.16345977783203;115.8275375366211;c0;6;2023-11-09 17:09:22.166886;51
127.81104278564453;117.58330535888672;c1;6;2023-11-09 17:09:22.166886;52
152.1118927001953;117.39364624023438;c0;7;2023-11-09 17:09:22.166886;52
147.352294921875;119.23027801513672;c1;7;2023-11-09 17:09:22.166886;52
127.43309783935547;115.71283721923828;c0;6;2023-11-09 17:09:22.166886;52
129.3754119873047;117.62496948242188;c1;6;2023-11-09 17:09:22.166886;52
149.40899658203125;117.5745849609375;c0;7;2023-11-09 17:09:22.166886;52
150.4685516357422;119.10191345214844;c1;7;2023-11-09 17:09:22.166886;52
128.5845489501953;115.69896697998047;c0;6;2023-11-09 17:09:22.166886;52
128.0600128173828;117.70561218261719;c1;6;2023-11-09 17:09:22.166886;52
145.46632385253906;117.42729187011719;c0;7;2023-11-09 17:09:22.166886;53
150.3546600341797;119.15320587158203;c1;7;2023-11-09 17:09:22.166886;53
127.77059173583984;115.7374038696289;c0;6;2023-11-09 17:09:22.166886;53
126.9085464477539;117.6636734008789;c1;6;2023-11-09 17:09:22.166886;53
149.05213928222656;117.47477722167969;c0;7;2023-11-09 17:09:22.166886;53
152.1101531982422;119.24516296386719;c1;7;2023-11-09 17:09:22.166886;53
126.12381744384766;115.67520904541016;c0;6;2023-11-09 17:09:22.166886;53
128.00096130371094;117.61572265625;c1;6;2023-11-09 17:09:22.166886;53
151.49044799804688;117.46768188476562;c0;7;2023-11-09 17:09:22.166886;53
147.30160522460938;119.09752655029297;c1;7;2023-11-09 17:09:22.166886;54
127.58078002929688;115.85157012939453;c0;6;2023-11-09 17:09:22.166886;54
129.51318359375;117.59773254394531;c1;6;2023-11-09 17:09:22.166886;54
148.46743774414062;117.44190979003906;c0;7;2023-11-09 17:09:22.166886;54
150.99607849121094;119.10291290283203;c1;7;2023-11-09 17:09:22.166886;54
128.1776885986328;115.72614288330078;c0;6;2023-11-09 17:09:22.166886;54
128.00770568847656;117.60221099853516;c1;6;2023-11-09 17:09:22.166886;54
147.19308471679688;117.34306335449219;c0;7;2023-11-09 17:09:22.166886;54
150.66842651367188;119.15727996826172;c1;7;2023-11-09 17:09:22.166886;54
127.97486114501953;115.80305480957031;c0;6;2023-11-09 17:09:22.166886;55
126.64204406738281;117.62443542480469;c1;6;2023-11-09 17:09:22.166886;55
148.1153564453125;117.39818572998047;c0;7;2023-11-09 17:09:22.166886;55
151.27964782714844;119.07576751708984;c1;7;2023-11-09 17:09:22.166886;55
126.33483123779297;115.71609497070312;c0;6;2023-11-09 17:09:22.166886;55
127.86988830566406;117.69152069091797;c1;6;2023-11-09 17:09:22.166886;55
151.70562744140625;117.3225326538086;c0;7;2023-11-09 17:09:22.166886;55
147.288818359375;119.27522277832031;c1;7;2023-11-09 17:09:22.166886;55
127.26555633544922;115.79557037353516;c0;6;2023-11-09 17:09:22.166886;55
129.33981323242188;117.65791320800781;c1;6;2023-11-09 17:09:22.166886;56
149.45851135253906;117.33037567138672;c0;7;2023-11-09 17:09:22.166886;56
150.710205078125;119.2413101196289;c1;7;2023-11-09 17:09:22.166886;56
128.97567749023438;115.77253723144531;c0;6;2023-11-09 17:09:22.166886;56
127.8638687133789;117.6753921508789;c1;6;2023-11-09 17:09:22.166886;56
146.98171997070312;117.38167572021484;c0;7;2023-11-09 17:09:22.166886;56
149.347412109375;119.1740951538086;c1;7;2023-11-09 17:09:22.166886;56
127.92900085449219;115.75242614746094;c0;6;2023-11-09 17:09:22.166886;56
127.00052642822266;117.60293579101562;c1;6;2023-11-09 17:09:22.166886;56
149.9606170654297;117.34151458740234;c0;7;2023-11-09 17:09:22.166886;57
151.26983642578125;119.2855224609375;c1;7;2023-11-09 17:09:22.166886;57
126.27118682861328;115.77362060546875;c0;6;2023-11-09 17:09:22.166886;57
127.70083618164062;117.67166137695312;c1;6;2023-11-09 17:09:22.166886;57
151.14012145996094;117.3441162109375;c0;7;2023-11-09 17:09:22.166886;57
145.66758728027344;119.20082092285156;c1;7;2023-11-09 17:09:22.166886;57
127.33958435058594;115.80233764648438;c0;6;2023-11-09 17:09:22.166886;57
129.19529724121094;117.69893646240234;c1;6;2023-11-09 17:09:22.166886;57
147.0151824951172;117.4831314086914;c0;7;2023-11-09 17:09:22.166886;57
150.32606506347656;119.33619689941406;c1;7;2023-11-09 17:09:22.166886;58
128.61212158203125;115.7027359008789;c0;6;2023-11-09 17:09:22.166886;58
128.0892791748047;117.69144439697266;c1;6;2023-11-09 17:09:22.166886;58
147.30958557128906;117.30085754394531;c0;7;2023-11-09 17:09:22.166886;58
149.5372314453125;119.115478515625;c1;7;2023-11-09 17:09:22.166886;58
127.77726745605469;115.72836303710938;c0;6;2023-11-09 17:09:22.166886;58
127.07910919189453;117.61663818359375;c1;6;2023-11-09 17:09:22.166886;58
149.26519775390625;117.334228515625;c0;7;2023-11-09 17:09:22.166886;58
150.90298461914062;119.11737060546875;c1;7;2023-11-09 17:09:22.166886;58
126.26811981201172;115.8259506225586;c0;6;2023-11-09 17:09:22.166886;59
127.93380737304688;117.66085815429688;c1;6;2023-11-09 17:09:22.166886;59
150.9416046142578;117.39047241210938;c0;7;2023-11-09 17:09:22.166886;59
146.9280242919922;119.20372772216797;c1;7;2023-11-09 17:09:22.166886;59
127.29855346679688;115.7767105102539;c0;6;2023-11-09 17:09:22.166886;59
129.0231475830078;117.61647033691406;c1;6;2023-11-09 17:09:22.166886;59
148.9230194091797;117.5391845703125;c0;7;2023-11-09 17:09:22.166886;59
151.14393615722656;119.11943817138672;c1;7;2023-11-09 17:09:22.166886;59
128.56024169921875;115.78595733642578;c0;6;2023-11-09 17:09:22.166886;59
127.89725494384766;117.68399810791016;c1;6;2023-11-09 17:09:22.166886;60
146.5385284423828;117.38617706298828;c0;7;2023-11-09 17:09:22.166886;60
150.81163024902344;119.1978988647461;c1;7;2023-11-09 17:09:22.166886;60
127.77518463134766;115.74638366699219;c0;6;2023-11-09 17:09:22.166886;60
127.29102325439453;117.60153198242188;c1;6;2023-11-09 17:09:22.166886;60
149.8317108154297;117.40032958984375;c0;7;2023-11-09 17:09:22.166886;60
150.7071075439453;119.06741333007812;c1;7;2023-11-09 17:09:22.166886;60
126.50618743896484;115.69947814941406;c0;6;2023-11-09 17:09:22.166886;60
127.70354461669922;117.64739990234375;c1;6;2023-11-09 17:09:22.166886;60
150.4034423828125;117.37821197509766;c0;7;2023-11-09 17:09:22.166886;61
147.10499572753906;119.11334228515625;c1;7;2023-11-09 17:09:22.166886;61
127.41996002197266;115.74504852294922;c0;6;2023-11-09 17:09:22.166886;61
129.2164306640625;117.57444763183594;c1;6;2023-11-09 17:09:22.166886;61
148.3468017578125;117.4391860961914;c0;7;2023-11-09 17:09:22.166886;61
149.71038818359375;119.20221710205078;c1;7;2023-11-09 17:09:22.166886;61
128.48455810546875;115.80997467041016;c0;6;2023-11-09 17:09:22.166886;61
128.00999450683594;117.67755126953125;c1;6;2023-11-09 17:09:22.166886;61
146.38525390625;117.29438781738281;c0;7;2023-11-09 17:09:22.166886;61
149.97007751464844;119.18323516845703;c1;7;2023-11-09 17:09:22.166886;62
127.54773712158203;115.78800201416016;c0;6;2023-11-09 17:09:22.166886;62
127.14073181152344;117.76400756835938;c1;6;2023-11-09 17:09:22.166886;62
149.75863647460938;117.39051055908203;c0;7;2023-11-09 17:09:22.166886;62
150.38192749023438;119.06790924072266;c1;7;2023-11-09 17:09:22.166886;62
126.9572525024414;115.80288696289062;c0;6;2023-11-09 17:09:22.166886;62
127.76446533203125;117.6577377319336;c1;6;2023-11-09 17:09:22.166886;62
150.57618713378906;117.40518188476562;c0;7;2023-11-09 17:09:22.166886;62
147.62216186523438;119.18962097167969;c1;7;2023-11-09 17:09:22.166886;62
127.16705322265625;115.77843475341797;c0;6;2023-11-09 17:09:22.166886;63
129.35623168945312;117.73121643066406;c1;6;2023-11-09 17:09:22.166886;63
149.05050659179688;117.47075653076172;c0;7;2023-11-09 17:09:22.166886;63
150.46090698242188;119.21707153320312;c1;7;2023-11-09 17:09:22.166886;63
127.97209167480469;115.80323028564453;c0;6;2023-11-09 17:09:22.166886;63
128.11764526367188;117.59445190429688;c1;6;2023-11-09 17:09:22.166886;63
146.6086883544922;117.34469604492188;c0;7;2023-11-09 17:09:22.166886;63
149.9193878173828;119.1657943725586;c1;7;2023-11-09 17:09:22.166886;63
127.83560943603516;115.75790405273438;c0;6;2023-11-09 17:09:22.166886;63
127.159912109375;117.76031494140625;c1;6;2023-11-09 17:09:22.166886;64
149.15574645996094;117.37911224365234;c0;7;2023-11-09 17:09:22.166886;64
150.6409149169922;119.21546173095703;c1;7;2023-11-09 17:09:22.166886;64
126.77056121826172;115.62325286865234;c0;6;2023-11-09 17:09:22.166886;64
128.0777587890625;117.65846252441406;c1;6;2023-11-09 17:09:22.166886;64
151.287109375;117.64039611816406;c0;7;2023-11-09 17:09:22.166886;64
146.8248291015625;119.16934967041016;c1;7;2023-11-09 17:09:22.166886;64
126.80328369140625;115.81759643554688;c0;6;2023-11-09 17:09:22.166886;64
128.79666137695312;117.5860366821289;c1;6;2023-11-09 17:09:22.166886;64
147.18270874023438;117.24984741210938;c0;7;2023-11-09 17:09:22.166886;65
150.424072265625;119.1081771850586;c1;7;2023-11-09 17:09:22.166886;65
128.62547302246094;115.77906036376953;c0;6;2023-11-09 17:09:22.166886;65
128.14356994628906;117.63888549804688;c1;6;2023-11-09 17:09:22.166886;65
146.90359497070312;117.3889389038086;c0;7;2023-11-09 17:09:22.166886;65
150.2673797607422;119.25716400146484;c1;7;2023-11-09 17:09:22.166886;65
127.75289916992188;115.79769134521484;c0;6;2023-11-09 17:09:22.166886;65
127.27704620361328;117.61927795410156;c1;6;2023-11-09 17:09:22.166886;65
148.30630493164062;117.2728271484375;c0;7;2023-11-09 17:09:22.166886;65
150.84173583984375;119.08595275878906;c1;7;2023-11-09 17:09:22.166886;66
126.5912857055664;115.79304504394531;c0;6;2023-11-09 17:09:22.166886;66
128.32275390625;117.6602554321289;c1;6;2023-11-09 17:09:22.166886;66
149.7458953857422;117.36536407470703;c0;7;2023-11-09 17:09:22.166886;66
146.5081329345703;119.28475952148438;c1;7;2023-11-09 17:09:22.166886;66
127.52544403076172;115.79217529296875;c0;6;2023-11-09 17:09:22.166886;66
128.7600555419922;117.70941925048828;c1;6;2023-11-09 17:09:22.166886;66
148.05026245117188;117.37879943847656;c0;7;2023-11-09 17:09:22.166886;66
150.11585998535156;119.15040588378906;c1;7;2023-11-09 17:09:22.166886;66
128.1620330810547;115.75554656982422;c0;6;2023-11-09 17:09:22.166886;67
128.10037231445312;117.66912078857422;c1;6;2023-11-09 17:09:22.166886;67
147.3343963623047;117.25701904296875;c0;7;2023-11-09 17:09:22.166886;67
150.17210388183594;119.1763916015625;c1;7;2023-11-09 17:09:22.166886;67
128.0258331298828;115.79965209960938;c0;6;2023-11-09 17:09:22.166886;67
127.29368591308594;117.71747589111328;c1;6;2023-11-09 17:09:22.180037;67
148.38621520996094;117.47476959228516;c0;7;2023-11-09 17:09:22.180037;67
151.7910614013672;119.31649780273438;c1;7;2023-11-09 17:09:22.180037;67
126.96715545654297;115.77763366699219;c0;6;2023-11-09 17:09:22.180037;67
128.2111053466797;117.51970672607422;c1;6;2023-11-09 17:09:22.547239;68
150.504638671875;117.43704986572266;c0;7;2023-11-09 17:09:22.547705;68
146.39871215820312;119.23049926757812;c1;7;2023-11-09 17:09:22.547705;68
127.21810913085938;115.78816986083984;c0;6;2023-11-09 17:09:22.547705;68
128.6699676513672;117.69024658203125;c1;6;2023-11-09 17:09:22.547705;68
149.0652313232422;117.48983001708984;c0;7;2023-11-09 17:09:22.547705;68
150.26651000976562;119.17526245117188;c1;7;2023-11-09 17:09:22.547705;68
128.05029296875;115.77847290039062;c0;6;2023-11-09 17:09:22.547705;68
127.91818237304688;117.62876892089844;c1;6;2023-11-09 17:09:22.547705;68
146.50750732421875;117.36801147460938;c0;7;2023-11-09 17:09:22.548741;69
150.33639526367188;119.19544982910156;c1;7;2023-11-09 17:09:22.548741;69
127.69702911376953;115.77711486816406;c0;6;2023-11-09 17:09:22.548741;69
127.47969055175781;117.64983367919922;c1;6;2023-11-09 17:09:22.548741;69
148.64822387695312;117.35699462890625;c0;7;2023-11-09 17:09:22.548741;69
151.328857421875;119.19876098632812;c1;7;2023-11-09 17:09:22.548741;69
126.84933471679688;115.72708129882812;c0;6;2023-11-09 17:09:22.548741;69
127.98075103759766;117.63163757324219;c1;6;2023-11-09 17:09:22.548741;69
151.3005828857422;117.48350524902344;c0;7;2023-11-09 17:09:22.548741;69
146.5063018798828;119.18000793457031;c1;7;2023-11-09 17:09:22.549741;70
127.33092498779297;115.77495574951172;c0;6;2023-11-09 17:09:22.549741;70
129.10809326171875;117.68913269042969;c1;6;2023-11-09 17:09:22.549741;70
148.05267333984375;117.42413330078125;c0;7;2023-11-09 17:09:22.549741;70
149.9634246826172;119.21804809570312;c1;7;2023-11-09 17:09:22.549741;70
128.13528442382812;115.74974060058594;c0;6;2023-11-09 17:09:22.549741;70
127.75666809082031;117.6453857421875;c1;6;2023-11-09 17:09:22.549741;70
148.1568145751953;117.35758209228516;c0;7;2023-11-09 17:09:22.549741;70
153.8627471923828;119.35089111328125;c1;7;2023-11-09 17:09:22.549741;70
127.65437316894531;115.77627563476562;c0;6;2023-11-09 17:09:22.549741;71
127.13402557373047;117.61551666259766;c1;6;2023-11-09 17:09:22.549741;71
148.73675537109375;117.45050048828125;c0;7;2023-11-09 17:09:22.550741;71
151.29283142089844;119.24266052246094;c1;7;2023-11-09 17:09:22.550875;71
126.61710357666016;115.78462982177734;c0;6;2023-11-09 17:09:22.550875;71
128.17660522460938;117.67809295654297;c1;6;2023-11-09 17:09:22.550875;71
149.0531768798828;117.23960876464844;c0;7;2023-11-09 17:09:22.550875;71
146.59280395507812;119.01873016357422;c1;7;2023-11-09 17:09:22.550875;71
127.06497192382812;115.79336547851562;c0;6;2023-11-09 17:09:22.550875;71
128.6051788330078;117.63143920898438;c1;6;2023-11-09 17:09:22.550875;72
146.90585327148438;117.4017333984375;c0;7;2023-11-09 17:09:22.550875;72
149.7398223876953;119.09077453613281;c1;7;2023-11-09 17:09:22.550875;72
127.7319107055664;115.7928695678711;c0;6;2023-11-09 17:09:22.551741;72
127.7691650390625;117.6670913696289;c1;6;2023-11-09 17:09:22.551741;72
148.16009521484375;117.55199432373047;c0;7;2023-11-09 17:09:22.551741;72
153.2301483154297;119.2518539428711;c1;7;2023-11-09 17:09:22.551741;72
127.45431518554688;115.83489227294922;c0;6;2023-11-09 17:09:22.551741;72
127.7425765991211;117.66272735595703;c1;6;2023-11-09 17:09:22.551741;72
148.2552032470703;117.61126708984375;c0;7;2023-11-09 17:09:22.551741;73
151.0160369873047;119.18418884277344;c1;7;2023-11-09 17:09:22.551741;73
126.84601593017578;115.74937438964844;c0;6;2023-11-09 17:09:22.551741;73
127.83500671386719;117.6685791015625;c1;6;2023-11-09 17:09:22.551741;73
149.74900817871094;117.30818939208984;c0;7;2023-11-09 17:09:22.551741;73
146.88021850585938;119.21501159667969;c1;7;2023-11-09 17:09:22.552745;73
127.33946228027344;115.72958374023438;c0;6;2023-11-09 17:09:22.552745;73
128.1356201171875;117.6152114868164;c1;6;2023-11-09 17:09:22.552745;73
147.3655242919922;117.47053527832031;c0;7;2023-11-09 17:09:22.552745;73
149.5077362060547;119.30071258544922;c1;7;2023-11-09 17:09:22.552745;74
127.43389129638672;115.78097534179688;c0;6;2023-11-09 17:09:22.552745;74
128.35568237304688;117.5965576171875;c1;6;2023-11-09 17:09:22.552745;74
147.00387573242188;117.44561767578125;c0;7;2023-11-09 17:09:22.552745;74
154.05430603027344;118.98248291015625;c1;7;2023-11-09 17:09:22.552745;74
127.57167053222656;115.7577133178711;c0;6;2023-11-09 17:09:22.552745;74
127.60218811035156;117.5855484008789;c1;6;2023-11-09 17:09:22.553742;74
149.19273376464844;117.39543151855469;c0;7;2023-11-09 17:09:22.553742;74
150.88331604003906;119.22290802001953;c1;7;2023-11-09 17:09:22.553742;74
127.29773712158203;115.69569396972656;c0;6;2023-11-09 17:09:22.553742;75
128.02259826660156;117.67320251464844;c1;6;2023-11-09 17:09:22.553742;75
149.5644989013672;117.36254119873047;c0;7;2023-11-09 17:09:22.553742;75
145.74241638183594;119.13433837890625;c1;7;2023-11-09 17:09:22.553742;75
127.4038314819336;115.75739288330078;c0;6;2023-11-09 17:09:22.553742;75
128.61448669433594;117.61156463623047;c1;6;2023-11-09 17:09:22.553742;75
147.6910400390625;117.48358917236328;c0;7;2023-11-09 17:09:22.554739;75
150.2914276123047;119.14031219482422;c1;7;2023-11-09 17:09:22.554739;75
127.59941101074219;115.814208984375;c0;6;2023-11-09 17:09:22.554739;75
128.0290985107422;117.68145751953125;c1;6;2023-11-09 17:09:22.554739;76
148.3446807861328;117.40400695800781;c0;7;2023-11-09 17:09:22.554739;76
153.82081604003906;119.10562896728516;c1;7;2023-11-09 17:09:22.554739;76
127.51792907714844;115.77057647705078;c0;6;2023-11-09 17:09:22.554739;76
127.94541931152344;117.63289642333984;c1;6;2023-11-09 17:09:22.554739;76
148.302734375;117.59204864501953;c0;7;2023-11-09 17:09:22.554739;76
150.38059997558594;118.98402404785156;c1;7;2023-11-09 17:09:22.554739;76
127.16352844238281;115.78434753417969;c0;6;2023-11-09 17:09:22.555743;76
128.73776245117188;117.60920715332031;c1;6;2023-11-09 17:09:22.555743;76
149.21337890625;117.44706726074219;c0;7;2023-11-09 17:09:22.555743;77
146.80987548828125;119.23180389404297;c1;7;2023-11-09 17:09:22.555743;77
127.2197494506836;115.81343841552734;c0;6;2023-11-09 17:09:22.555743;77
128.50955200195312;117.58929443359375;c1;6;2023-11-09 17:09:22.555743;77
146.7084197998047;117.40196990966797;c0;7;2023-11-09 17:09:22.555743;77
150.05679321289062;119.15135192871094;c1;7;2023-11-09 17:09:22.555743;77
127.7907943725586;115.86569213867188;c0;6;2023-11-09 17:09:22.555743;77
128.19891357421875;117.63652801513672;c1;6;2023-11-09 17:09:22.555743;77
148.46713256835938;117.41667938232422;c0;7;2023-11-09 17:09:22.555743;77
153.54525756835938;119.10624694824219;c1;7;2023-11-09 17:09:22.556744;78
127.43240356445312;115.71268463134766;c0;6;2023-11-09 17:09:22.556744;78
127.82706451416016;117.64615631103516;c1;6;2023-11-09 17:09:22.556744;78
148.6045379638672;117.3370361328125;c0;7;2023-11-09 17:09:22.556744;78
150.62313842773438;119.05980682373047;c1;7;2023-11-09 17:09:22.556744;78
126.752197265625;115.79766082763672;c0;6;2023-11-09 17:09:22.556744;78
128.0312042236328;117.56752014160156;c1;6;2023-11-09 17:09:22.556744;78
149.81277465820312;117.30192565917969;c0;7;2023-11-09 17:09:22.556744;78
146.7774200439453;119.11418151855469;c1;7;2023-11-09 17:09:22.556744;78
127.87039184570312;115.81356048583984;c0;6;2023-11-09 17:09:22.556744;79
128.45639038085938;117.57929992675781;c1;6;2023-11-09 17:09:22.557741;79
146.38645935058594;117.42906951904297;c0;7;2023-11-09 17:09:22.557741;79
150.38031005859375;119.15264129638672;c1;7;2023-11-09 17:09:22.557741;79
127.80816650390625;115.78036499023438;c0;6;2023-11-09 17:09:22.557741;79
128.18917846679688;117.67216491699219;c1;6;2023-11-09 17:09:22.557741;79
147.90576171875;117.31334686279297;c0;7;2023-11-09 17:09:22.557741;79
153.79644775390625;119.2182846069336;c1;7;2023-11-09 17:09:22.557741;79
127.0723876953125;115.85466003417969;c0;6;2023-11-09 17:09:22.557741;79
127.91181182861328;117.67219543457031;c1;6;2023-11-09 17:09:22.557741;80
148.1381072998047;117.4184341430664;c0;7;2023-11-09 17:09:22.557741;80
151.5218963623047;119.2057113647461;c1;7;2023-11-09 17:09:22.558741;80
127.1135482788086;115.77449035644531;c0;6;2023-11-09 17:09:22.558741;80
127.99346923828125;117.6009521484375;c1;6;2023-11-09 17:09:22.558741;80
149.27040100097656;117.32817077636719;c0;7;2023-11-09 17:09:22.558741;80
146.15374755859375;119.32374572753906;c1;7;2023-11-09 17:09:22.558741;80
127.44754028320312;115.82270812988281;c0;6;2023-11-09 17:09:22.558741;80
128.1999969482422;117.58306121826172;c1;6;2023-11-09 17:09:22.558741;80
146.59716796875;117.60071563720703;c0;7;2023-11-09 17:09:22.558741;81
149.76734924316406;119.17292022705078;c1;7;2023-11-09 17:09:22.558741;81
127.86817932128906;115.8116226196289;c0;6;2023-11-09 17:09:22.558741;81
128.22824096679688;117.66658020019531;c1;6;2023-11-09 17:09:22.558741;81
148.52369689941406;117.35489654541016;c0;7;2023-11-09 17:09:22.559742;81
153.7879638671875;119.09742736816406;c1;7;2023-11-09 17:09:22.559742;81
127.84541320800781;115.84200286865234;c0;6;2023-11-09 17:09:22.559742;81
127.79113006591797;117.69636535644531;c1;6;2023-11-09 17:09:22.559742;81
148.89401245117188;117.41857147216797;c0;7;2023-11-09 17:09:22.559742;81
151.0402374267578;119.17863464355469;c1;7;2023-11-09 17:09:22.559742;82
127.38970184326172;115.80388641357422;c0;6;2023-11-09 17:09:22.559742;82
127.94282531738281;117.68939208984375;c1;6;2023-11-09 17:09:22.559742;82
149.53665161132812;117.54618835449219;c0;7;2023-11-09 17:09:22.559742;82
147.2463836669922;119.0999526977539;c1;7;2023-11-09 17:09:22.559742;82
127.4639663696289;115.86804962158203;c0;6;2023-11-09 17:09:22.559742;82
128.59388732910156;117.60975646972656;c1;6;2023-11-09 17:09:22.560747;82
146.0111541748047;117.49402618408203;c0;7;2023-11-09 17:09:22.560747;82
150.59471130371094;119.05630493164062;c1;7;2023-11-09 17:09:22.560747;82
127.75029754638672;115.76211547851562;c0;6;2023-11-09 17:09:22.560747;83
128.23446655273438;117.58507537841797;c1;6;2023-11-09 17:09:22.560747;83
149.3306427001953;117.35063171386719;c0;7;2023-11-09 17:09:22.560747;83
153.77919006347656;119.12711334228516;c1;7;2023-11-09 17:09:22.560747;83
127.62494659423828;115.78643798828125;c0;6;2023-11-09 17:09:22.560747;83
127.60244750976562;117.6443099975586;c1;6;2023-11-09 17:09:22.560747;83
148.618408203125;117.12467956542969;c0;7;2023-11-09 17:09:22.560747;83
150.6410675048828;119.31474304199219;c1;7;2023-11-09 17:09:22.561742;83
127.55625915527344;115.7896728515625;c0;6;2023-11-09 17:09:22.561742;83
127.95620727539062;117.62126159667969;c1;6;2023-11-09 17:09:22.561742;84
148.98880004882812;117.50241088867188;c0;7;2023-11-09 17:09:22.562135;84
146.67019653320312;119.36185455322266;c1;7;2023-11-09 17:09:22.562135;84
127.38056182861328;115.81342315673828;c0;6;2023-11-09 17:09:22.562135;84
127.97061920166016;117.67434692382812;c1;6;2023-11-09 17:09:22.562135;84
145.9716796875;117.40480041503906;c0;7;2023-11-09 17:09:22.562135;84
150.1993865966797;119.21576690673828;c1;7;2023-11-09 17:09:22.562135;84
128.1477813720703;115.83314514160156;c0;6;2023-11-09 17:09:22.562708;84
127.52322387695312;117.72439575195312;c1;6;2023-11-09 17:09:22.562708;84
147.470458984375;117.49381256103516;c0;7;2023-11-09 17:09:22.562708;85
154.68382263183594;118.93624877929688;c1;7;2023-11-09 17:09:22.562708;85
127.4866943359375;115.77119445800781;c0;6;2023-11-09 17:09:22.562708;85
127.56198120117188;117.66051483154297;c1;6;2023-11-09 17:09:22.562708;85
148.5468292236328;117.30323791503906;c0;7;2023-11-09 17:09:22.562708;85
150.8640594482422;119.11087036132812;c1;7;2023-11-09 17:09:22.562708;85
127.00324249267578;115.7892837524414;c0;6;2023-11-09 17:09:22.562708;85
127.70526123046875;117.6107406616211;c1;6;2023-11-09 17:09:22.562708;85
148.6143798828125;117.31464385986328;c0;7;2023-11-09 17:09:22.562708;85
147.9244842529297;119.16560363769531;c1;7;2023-11-09 17:09:22.563793;86
127.30883026123047;115.7708511352539;c0;6;2023-11-09 17:09:22.563793;86
128.06785583496094;117.64981842041016;c1;6;2023-11-09 17:09:22.563793;86
147.23507690429688;117.52791595458984;c0;7;2023-11-09 17:09:22.563793;86
148.67922973632812;119.12126159667969;c1;7;2023-11-09 17:09:22.563793;86
127.60457611083984;115.74183654785156;c0;6;2023-11-09 17:09:22.563793;86
128.0127716064453;117.58476257324219;c1;6;2023-11-09 17:09:22.563793;86
149.35914611816406;117.40199279785156;c0;7;2023-11-09 17:09:22.563793;86
152.9868621826172;119.11658477783203;c1;7;2023-11-09 17:09:22.564702;86
127.2405776977539;115.80064392089844;c0;6;2023-11-09 17:09:22.564702;87
127.91970825195312;117.5514907836914;c1;6;2023-11-09 17:09:22.564702;87
147.7699432373047;117.51966857910156;c0;7;2023-11-09 17:09:22.564702;87
151.0619659423828;119.11355590820312;c1;7;2023-11-09 17:09:22.564702;87
127.59264373779297;115.79289245605469;c0;6;2023-11-09 17:09:22.564702;87
127.46240234375;117.65457153320312;c1;6;2023-11-09 17:09:22.564702;87
150.230224609375;117.37114715576172;c0;7;2023-11-09 17:09:22.564702;87
147.05465698242188;119.03423309326172;c1;7;2023-11-09 17:09:22.564702;87
127.26490783691406;115.84722137451172;c0;6;2023-11-09 17:09:22.564702;87
128.53485107421875;117.63951110839844;c1;6;2023-11-09 17:09:22.564702;88
146.8332977294922;117.4648208618164;c0;7;2023-11-09 17:09:22.565701;88
150.7987060546875;119.00230407714844;c1;7;2023-11-09 17:09:22.565701;88
127.78424835205078;115.7414321899414;c0;6;2023-11-09 17:09:22.565701;88
128.0205535888672;117.71218872070312;c1;6;2023-11-09 17:09:22.565701;88
148.36412048339844;117.57443237304688;c0;7;2023-11-09 17:09:22.565701;88
153.22219848632812;119.13887786865234;c1;7;2023-11-09 17:09:22.565701;88
127.73204040527344;115.70887756347656;c0;6;2023-11-09 17:09:22.565701;88
127.6189956665039;117.62654113769531;c1;6;2023-11-09 17:09:22.565701;88
148.67074584960938;117.32981872558594;c0;7;2023-11-09 17:09:22.565701;89
150.93707275390625;119.04762268066406;c1;7;2023-11-09 17:09:22.565701;89
127.19863891601562;115.74380493164062;c0;6;2023-11-09 17:09:22.565701;89
127.90283966064453;117.58065795898438;c1;6;2023-11-09 17:09:22.565701;89
150.42967224121094;117.32318878173828;c0;7;2023-11-09 17:09:22.566700;89
147.556396484375;119.14332580566406;c1;7;2023-11-09 17:09:22.566700;89
127.18660736083984;115.78073120117188;c0;6;2023-11-09 17:09:22.566700;89
128.36480712890625;117.60230255126953;c1;6;2023-11-09 17:09:22.566700;89
146.08958435058594;117.41185760498047;c0;7;2023-11-09 17:09:22.566700;89
150.4872589111328;119.02940368652344;c1;7;2023-11-09 17:09:22.566700;90
128.22915649414062;115.72480773925781;c0;6;2023-11-09 17:09:22.566700;90
128.22384643554688;117.66098022460938;c1;6;2023-11-09 17:09:22.566700;90
148.43099975585938;117.38961791992188;c0;7;2023-11-09 17:09:22.566700;90
153.50872802734375;119.14689636230469;c1;7;2023-11-09 17:09:22.566700;90
126.97256469726562;115.74578094482422;c0;6;2023-11-09 17:09:22.566700;90
128.5335693359375;117.66014099121094;c1;6;2023-11-09 17:09:22.566700;90
147.9860382080078;117.35431671142578;c0;7;2023-11-09 17:09:22.566700;90
150.8307342529297;119.19646453857422;c1;7;2023-11-09 17:09:22.567700;90
127.44623565673828;115.77178192138672;c0;6;2023-11-09 17:09:22.567700;91
127.69438171386719;117.64900207519531;c1;6;2023-11-09 17:09:22.567700;91
148.18060302734375;117.5105209350586;c0;7;2023-11-09 17:09:22.567700;91
146.9657440185547;119.1453628540039;c1;7;2023-11-09 17:09:22.567700;91
127.21475219726562;115.8094482421875;c0;6;2023-11-09 17:09:22.567700;91
128.26889038085938;117.56968688964844;c1;6;2023-11-09 17:09:22.567700;91
145.92416381835938;117.43435668945312;c0;7;2023-11-09 17:09:22.567700;91
149.41983032226562;119.07469940185547;c1;7;2023-11-09 17:09:22.567700;91
127.62833404541016;115.73761749267578;c0;6;2023-11-09 17:09:22.567700;91
128.27317810058594;117.64850616455078;c1;6;2023-11-09 17:09:22.567700;92
147.59588623046875;117.40841674804688;c0;7;2023-11-09 17:09:22.567700;92
153.2103271484375;119.22892761230469;c1;7;2023-11-09 17:09:22.568700;92
127.00397491455078;115.7525405883789;c0;6;2023-11-09 17:09:22.568700;92
127.95441436767578;117.70870971679688;c1;6;2023-11-09 17:09:22.568700;92
148.94773864746094;117.3713150024414;c0;7;2023-11-09 17:09:22.568700;92
151.32374572753906;119.26600646972656;c1;7;2023-11-09 17:09:22.568700;92
127.83899688720703;115.7938003540039;c0;6;2023-11-09 17:09:22.568700;92
128.05856323242188;117.57023620605469;c1;6;2023-11-09 17:09:22.568700;92
149.71363830566406;117.40899658203125;c0;7;2023-11-09 17:09:22.568700;93
148.141845703125;119.05623626708984;c1;7;2023-11-09 17:09:22.568700;93
127.20642852783203;115.73553466796875;c0;6;2023-11-09 17:09:22.568700;93
128.23680114746094;117.55693054199219;c1;6;2023-11-09 17:09:22.568700;93
145.8013916015625;117.53235626220703;c0;7;2023-11-09 17:09:22.568700;93
150.52996826171875;119.20220947265625;c1;7;2023-11-09 17:09:22.568700;93
127.75631713867188;115.83229064941406;c0;6;2023-11-09 17:09:22.569700;93
128.2217559814453;117.68950653076172;c1;6;2023-11-09 17:09:22.569700;93
149.1630096435547;117.43557739257812;c0;7;2023-11-09 17:09:22.569700;93
152.43019104003906;119.12621307373047;c1;7;2023-11-09 17:09:22.569700;94
127.47999572753906;115.67910766601562;c0;6;2023-11-09 17:09:22.569700;94
127.91740417480469;117.63851165771484;c1;6;2023-11-09 17:09:22.569700;94
148.60470581054688;117.39142608642578;c0;7;2023-11-09 17:09:22.569700;94
150.34347534179688;119.0895767211914;c1;7;2023-11-09 17:09:22.569700;94
127.46488189697266;115.82245635986328;c0;6;2023-11-09 17:09:22.569700;94
128.31178283691406;117.61578369140625;c1;6;2023-11-09 17:09:22.569700;94
148.93641662597656;117.45687866210938;c0;7;2023-11-09 17:09:22.569700;94
148.5845489501953;119.09844970703125;c1;7;2023-11-09 17:09:22.569700;94
127.55815887451172;115.73176574707031;c0;6;2023-11-09 17:09:22.570700;95
128.73194885253906;117.68025207519531;c1;6;2023-11-09 17:09:22.570700;95
145.4727325439453;117.58321380615234;c0;7;2023-11-09 17:09:22.570700;95
150.35598754882812;119.02458953857422;c1;7;2023-11-09 17:09:22.570700;95
127.69698333740234;115.82144165039062;c0;6;2023-11-09 17:09:22.570700;95
128.00289916992188;117.68282318115234;c1;6;2023-11-09 17:09:22.570700;95
148.1959991455078;117.32927703857422;c0;7;2023-11-09 17:09:22.570700;95
152.42422485351562;119.07872009277344;c1;7;2023-11-09 17:09:22.570700;95
127.60702514648438;115.78805541992188;c0;6;2023-11-09 17:09:22.570700;95
128.18603515625;117.61095428466797;c1;6;2023-11-09 17:09:22.570700;96
148.4656524658203;117.32234954833984;c0;7;2023-11-09 17:09:22.570700;96
150.5800018310547;119.1884994506836;c1;7;2023-11-09 17:09:22.570700;96
127.5731430053711;115.71175384521484;c0;6;2023-11-09 17:09:22.570700;96
127.98130798339844;117.61915588378906;c1;6;2023-11-09 17:09:22.571700;96
148.4174346923828;117.49702453613281;c0;7;2023-11-09 17:09:22.571700;96
147.71998596191406;119.04634094238281;c1;7;2023-11-09 17:09:22.571700;96
127.54595947265625;115.81228637695312;c0;6;2023-11-09 17:09:22.571700;96
128.4102325439453;117.72242736816406;c1;6;2023-11-09 17:09:22.571700;96
144.54385375976562;117.46781921386719;c0;7;2023-11-09 17:09:22.571700;97
150.38340759277344;119.15692901611328;c1;7;2023-11-09 17:09:22.571700;97
127.61117553710938;115.82423400878906;c0;6;2023-11-09 17:09:22.571700;97
128.1854248046875;117.67497253417969;c1;6;2023-11-09 17:09:22.571700;97
148.58799743652344;117.4061279296875;c0;7;2023-11-09 17:09:22.571700;97
151.63841247558594;119.29192352294922;c1;7;2023-11-09 17:09:22.571700;97
127.39540100097656;115.78315734863281;c0;6;2023-11-09 17:09:22.571700;97
127.78640747070312;117.58870697021484;c1;6;2023-11-09 17:09:22.572700;97
148.60215759277344;117.50808715820312;c0;7;2023-11-09 17:09:22.572700;97
150.7035675048828;118.88528442382812;c1;7;2023-11-09 17:09:22.572700;98
127.50607299804688;115.72675323486328;c0;6;2023-11-09 17:09:22.572700;98
128.0135498046875;117.6964340209961;c1;6;2023-11-09 17:09:22.572700;98
149.46090698242188;117.4649658203125;c0;7;2023-11-09 17:09:22.572700;98
148.45474243164062;119.17913818359375;c1;7;2023-11-09 17:09:22.572700;98
127.58296203613281;115.74177551269531;c0;6;2023-11-09 17:09:22.572700;98
127.71290588378906;117.6635513305664;c1;6;2023-11-09 17:09:22.572700;98
144.55062866210938;117.60688781738281;c0;7;2023-11-09 17:09:22.572700;98
151.2311553955078;119.21923828125;c1;7;2023-11-09 17:09:22.572700;98
127.57144927978516;115.75660705566406;c0;6;2023-11-09 17:09:22.572700;99
128.0531005859375;117.61795043945312;c1;6;2023-11-09 17:09:22.573700;99
146.5986785888672;117.59378814697266;c0;7;2023-11-09 17:09:22.573700;99
153.39378356933594;119.05089569091797;c1;7;2023-11-09 17:09:22.573700;99
127.446044921875;115.74787902832031;c0;6;2023-11-09 17:09:22.573700;99
127.9994888305664;117.68386840820312;c1;6;2023-11-09 17:09:22.573700;99
147.9677734375;117.5887680053711;c0;7;2023-11-09 17:09:22.573700;99
150.3817901611328;119.17247772216797;c1;7;2023-11-09 17:09:22.573700;99
127.4277114868164;115.81607818603516;c0;6;2023-11-09 17:09:22.573700;99
127.81415557861328;117.65316009521484;c1;6;2023-11-09 17:09:22.573700;100
149.8115997314453;117.66425323486328;c0;7;2023-11-09 17:09:22.573700;100
147.72059631347656;119.02445220947266;c1;7;2023-11-09 17:09:22.573700;100
127.32070922851562;115.79784393310547;c0;6;2023-11-09 17:09:22.573700;100
128.7226104736328;117.65153503417969;c1;6;2023-11-09 17:09:22.573700;100
144.64149475097656;117.35258483886719;c0;7;2023-11-09 17:09:22.574700;100
150.47239685058594;119.06153869628906;c1;7;2023-11-09 17:09:22.574700;100
128.08831787109375;115.814453125;c0;6;2023-11-09 17:09:22.574700;100
128.12437438964844;117.7235336303711;c1;6;2023-11-09 17:09:22.574700;100
